source,section,kind,value,category,context,provenance,n_record_hits,record_example
manuscript,Introduction,para,1,item_ref,"oth contexts and keeps its fold and binding predictions separate (Fig 1). COMAVI returns two linked outputs: a priority score, whic",not a result value,0,
manuscript,Introduction,para,1,item_ref,Fig 1. COMAVI workflow. A missense variant and isolated and assem,not a result value,0,
manuscript,Every expectation in the benchmark carries its evidence,para,1,item_ref,benchmark contains 61 missense variants in 14 protein systems (Table 1): 49 variants in 13 multi-chain complexes and 12 in the tan,not a result value,0,
manuscript,Every expectation in the benchmark carries its evidence,para,1,item_ref,Table 1. Benchmark composition.,not a result value,0,
manuscript,Scoring the assembled complex is what makes most lesions v,para,2,item_ref,every threshold and most of the false calls at permissive ones (Table 2).,not a result value,0,
manuscript,Scoring the assembled complex is what makes most lesions v,para,2,item_ref,"when it partly recovered a multi-axis pattern, and 0 otherwise. Table 2 defines this mechanism-pattern score and every other metric",not a result value,0,
manuscript,Scoring the assembled complex is what makes most lesions v,para,2,item_ref,"Table 2. Metrics, populations and values at each energy threshold.",not a result value,0,
manuscript,Scoring the assembled complex is what makes most lesions v,table,1,item_ref,"Direction agreement, tier | 46 variants | Tier 1–2 matches the committed structural class | 0.652 | 0.65",not a result value,0,
manuscript,"Stringency costs attribution, not detection",para,2,item_ref,"energy threshold that turns a continuous prediction into a call (Fig 2). Over the prespecified uniform thresholds of 1.0, 1.5, 2.0",not a result value,0,
manuscript,"Stringency costs attribution, not detection",para,2,item_ref,Fig 2. Every graded result depends on the energy threshold. Value,not a result value,0,
manuscript,Predicted energies rank measured effects but compress thei,para,3,item_ref,ompared predictions with direct measurements wherever they exist (Fig 3). The pooled set contains 63 comparisons from four systems:,not a result value,0,
manuscript,Predicted energies rank measured effects but compress thei,para,3,item_ref,Fig 3. Predicted energies rank measured effects but compress thei,not a result value,0,
manuscript,The priority score concentrates structural mechanisms at t,para,1,item_ref,"energy. It placed 17 of the 21 structural-mechanism variants in Tier 1 or 2 (sensitivity 0.810, 95% confidence interval 0.581–0.94",not a result value,0,
manuscript,The priority score concentrates structural mechanisms at t,para,1,item_ref,"36th and MLH1 Q542L 32nd of 46, although the tier places both in Tier 1. The context component alone reached 0.785 and recovered 11",not a result value,0,
manuscript,The priority score concentrates structural mechanisms at t,para,4,item_ref,ombining the two components recovered what neither reaches alone (Fig 4). The priority score placed 9 of the 21 structural mechanis,not a result value,0,
manuscript,The priority score concentrates structural mechanisms at t,para,4,item_ref,Fig 4. The priority score concentrates structural mechanisms at t,not a result value,0,
manuscript,Structural prioritization and pathogenicity prediction ans,para,5,item_ref,ore (0.851) or its energy (0.836) and context (0.769) components (Fig 5). The populations also differ: this set includes TNNI3 R162,not a result value,0,
manuscript,Structural prioritization and pathogenicity prediction ans,para,5,item_ref,Fig 5. Pathogenicity prediction and structural prioritization ran,not a result value,0,
manuscript,Structural prioritization and pathogenicity prediction ans,para,2,item_ref,"and a named binding lesion. PIK3CA H1047R and TNNI3 R162W sit in Tier 2 context, but neither has an energy call on any axis at the",not a result value,0,
manuscript,Using the two outputs,para,5,item_ref,city score and the COMAVI outputs disagree in interpretable ways (Fig 5). Combining them into one score would reintroduce the confl,not a result value,0,
manuscript,Structures and energy calculations,para,1,item_ref,"x structures and seven used models from the AlphaFold 3 server (Table 1) . The isolated subunit is a separate single-chain model,",not a result value,0,
manuscript,Structural-context tier and priority score,para,1,item_ref,"occupancy, burial and model confidence. The fixed total maps to Tier 1 (strongest context) through Tier 4 (weakest), and S1 Text g",not a result value,0,
manuscript,Structural-context tier and priority score,para,4,item_ref,"ence. The fixed total maps to Tier 1 (strongest context) through Tier 4 (weakest), and S1 Text gives the weights and cut-offs. Beca",not a result value,0,
manuscript,E = R1 + R,para,1,identifier,"The tier T is converted to a context component C, which maps Tiers 1 to 4 to 1, 2/3, 1/3 and 0:",not a result value,0,
manuscript,S = E + C2,para,1,item_ref,"ted process, and no binary cut-off on it has been validated. The Tier 1–2 cut-off is used only in the descriptive comparator analys",not a result value,0,
manuscript,Energy thresholds and evidence states,para,1,item_ref,points above the bound. Crossing the energy calls with the tier (Tier 1–2 against Tier 3–4) defines four descriptive evidence state,not a result value,0,
manuscript,Energy thresholds and evidence states,para,3,item_ref,"bound. Crossing the energy calls with the tier (Tier 1–2 against Tier 3–4) defines four descriptive evidence states: convergent, en",not a result value,0,
manuscript,Outcomes and statistics,para,3,item_ref,"The mechanism-pattern score is the mean of a three-level grade (Table 3): 1 for a fully consistent whole-variant pattern, 0.5 for a",not a result value,0,
manuscript,Outcomes and statistics,para,2,item_ref,on and correct rejection ask the same question as binary rates (Table 2).,not a result value,0,
manuscript,Outcomes and statistics,para,3,item_ref,Table 3. Whole-variant grading rubric.,not a result value,0,
manuscript,Supporting information,para,1,item_ref,"s alone, the tier without its interface bonus and the full tier (Tier 1–2).",not a result value,0,
S1_Text,foldx --command=RepairPDB --pdb=<structure> --output-dir=<,para,1,item_ref,"imental structures bypass this attenuation. Fixed cutoffs assign Tier 1 at s at least 5.0, Tier 2 at 3.0 to less than 5.0, Tier 3 a",not a result value,0,
S1_Text,foldx --command=RepairPDB --pdb=<structure> --output-dir=<,para,2,item_ref,"this attenuation. Fixed cutoffs assign Tier 1 at s at least 5.0, Tier 2 at 3.0 to less than 5.0, Tier 3 at 1.5 to less than 3.0, an",not a result value,0,
S1_Text,foldx --command=RepairPDB --pdb=<structure> --output-dir=<,para,3,item_ref,"assign Tier 1 at s at least 5.0, Tier 2 at 3.0 to less than 5.0, Tier 3 at 1.5 to less than 3.0, and Tier 4 below 1.5.",not a result value,0,
S1_Text,foldx --command=RepairPDB --pdb=<structure> --output-dir=<,para,4,item_ref,"r 2 at 3.0 to less than 5.0, Tier 3 at 1.5 to less than 3.0, and Tier 4 below 1.5.",not a result value,0,
S2_Text,"Section 3. Structural-context comparators, evidence states",para,1,item_ref,"rship is held fixed. Per-tier structural fractions were 11/13 in Tier 1, 6/16 in Tier 2, and 4/17 across Tiers 3-4, so the gradient",not a result value,0,
S2_Text,"Section 3. Structural-context comparators, evidence states",para,2,item_ref,"xed. Per-tier structural fractions were 11/13 in Tier 1, 6/16 in Tier 2, and 4/17 across Tiers 3-4, so the gradient remains strictl",not a result value,0,
S2_Text,"Section 3. Structural-context comparators, evidence states",para,3,identifier,"fractions were 11/13 in Tier 1, 6/16 in Tier 2, and 4/17 across Tiers 3-4, so the gradient remains strictly decreasing, but four va",not a result value,0,
S2_Text,"Section 3. Structural-context comparators, evidence states",para,2,item_ref,"emoted HBB W37Y, PIK3CA E542K, PIK3CA E545K, and CALM1 D96V from Tier 2 to Tier 3.",not a result value,0,
S2_Text,"Section 3. Structural-context comparators, evidence states",para,3,item_ref,"W37Y, PIK3CA E542K, PIK3CA E545K, and CALM1 D96V from Tier 2 to Tier 3.",not a result value,0,
S3_Text,Section 5. A correction the benchmark caught in itself,para,2015,year,"d directly: the bases recording WT-like RAF1 binding misstated Hunter 2015, whose Table 2 reports a 4.8-fold and a 7.3-fold decrease i",not a result value,0,
S3_Text,Section 5. A correction the benchmark caught in itself,para,2,item_ref,"ses recording WT-like RAF1 binding misstated Hunter 2015, whose Table 2 reports a 4.8-fold and a 7.3-fold decrease in affinity. The",not a result value,0,
S1_Table,evidence_ledger,cell,1998,year,| direct | BARD1 binding preserved despite fold loss | Brzovic 1998 JBC 273:7795 (PMID 9520298); Roehm & Berg 1997 Biochemistry,not a result value,0,
S1_Table,evidence_ledger,cell,9520298,identifier,nding preserved despite fold loss | Brzovic 1998 JBC 273:7795 (PMID 9520298); Roehm & Berg 1997 Biochemistry 36:10240 |,not a result value,0,
S1_Table,evidence_ledger,cell,1997,year,fold loss | Brzovic 1998 JBC 273:7795 (PMID 9520298); Roehm & Berg 1997 Biochemistry 36:10240 |,not a result value,0,
S1_Table,evidence_ledger,cell,1998,year,RING heterodimer fold disrupted by Zn-coordination loss | Brzovic 1998 JBC 273:7795 (PMID 9520298); Roehm & Berg 1997 Biochemistry,not a result value,0,
S1_Table,evidence_ledger,cell,9520298,identifier,disrupted by Zn-coordination loss | Brzovic 1998 JBC 273:7795 (PMID 9520298); Roehm & Berg 1997 Biochemistry 36:10240 |,not a result value,0,
S1_Table,evidence_ledger,cell,1997,year,ation loss | Brzovic 1998 JBC 273:7795 (PMID 9520298); Roehm & Berg 1997 Biochemistry 36:10240 |,not a result value,0,
S1_Table,evidence_ledger,cell,1998,year,is a Zn-coordinating ligand; RING fold lost on Zn release | Brzovic 1998 JBC 273:7795 (PMID 9520298); Roehm & Berg 1997 Biochemistry,not a result value,0,
S1_Table,evidence_ledger,cell,9520298,identifier,and; RING fold lost on Zn release | Brzovic 1998 JBC 273:7795 (PMID 9520298); Roehm & Berg 1997 Biochemistry 36:10240 |,not a result value,0,
S1_Table,evidence_ledger,cell,1997,year,Zn release | Brzovic 1998 JBC 273:7795 (PMID 9520298); Roehm & Berg 1997 Biochemistry 36:10240 |,not a result value,0,
S1_Table,evidence_ledger,cell,2015,year,erimental | direct | WT-like BARD1 interaction by Y2H | Starita 2015 (Y2H interaction panel) |,not a result value,0,
S1_Table,evidence_ledger,cell,2015,year,measurement; token inferred from the intact monomer fold | Starita 2015 (Y2H interaction panel) |,not a result value,0,
S1_Table,evidence_ledger,cell,2015,year,ty assay; token inferred from WT-like two-hybrid function | Starita 2015 (Y2H interaction panel) |,not a result value,0,
S1_Table,evidence_ledger,cell,2015,year,erimental | direct | WT-like BARD1 interaction by Y2H | Starita 2015 (Y2H interaction panel) |,not a result value,0,
S1_Table,evidence_ledger,cell,2015,year,measurement; token inferred from the intact monomer fold | Starita 2015 (Y2H interaction panel) |,not a result value,0,
S1_Table,evidence_ledger,cell,2015,year,ty assay; token inferred from WT-like two-hybrid function | Starita 2015 (Y2H interaction panel) |,not a result value,0,
S1_Table,evidence_ledger,cell,2022,year,al | direct | Moderate BARD1 binding loss by two-hybrid | Clark 2022 (mammalian two-hybrid) |,not a result value,0,
S1_Table,evidence_ledger,cell,2010,year,"olding: measured ddG_U-F = +4.89 kcal/mol | Rowling, Cook & Itzhaki 2010 JBC 285:20080 (PMID 20452977; PMC2888420), Table S1 |",not a result value,0,
S1_Table,evidence_ledger,cell,20452977,identifier,"= +4.89 kcal/mol | Rowling, Cook & Itzhaki 2010 JBC 285:20080 (PMID 20452977; PMC2888420), Table S1 |",not a result value,0,
S1_Table,evidence_ledger,cell,2010,year,"olding: measured ddG_U-F = +1.18 kcal/mol | Rowling, Cook & Itzhaki 2010 JBC 285:20080 (PMID 20452977; PMC2888420), Table S1 |",not a result value,0,
S1_Table,evidence_ledger,cell,20452977,identifier,"= +1.18 kcal/mol | Rowling, Cook & Itzhaki 2010 JBC 285:20080 (PMID 20452977; PMC2888420), Table S1 |",not a result value,0,
S1_Table,evidence_ledger,cell,2010,year,"olding: measured ddG_U-F = -0.03 kcal/mol | Rowling, Cook & Itzhaki 2010 JBC 285:20080 (PMID 20452977; PMC2888420), Table S1 |",not a result value,0,
S1_Table,evidence_ledger,cell,20452977,identifier,"= -0.03 kcal/mol | Rowling, Cook & Itzhaki 2010 JBC 285:20080 (PMID 20452977; PMC2888420), Table S1 |",not a result value,0,
S1_Table,evidence_ledger,cell,2010,year,"olding: measured ddG_U-F = +3.73 kcal/mol | Rowling, Cook & Itzhaki 2010 JBC 285:20080 (PMID 20452977; PMC2888420), Table S1 |",not a result value,0,
S1_Table,evidence_ledger,cell,20452977,identifier,"= +3.73 kcal/mol | Rowling, Cook & Itzhaki 2010 JBC 285:20080 (PMID 20452977; PMC2888420), Table S1 |",not a result value,0,
S1_Table,evidence_ledger,cell,2010,year,"olding: measured ddG_U-F = +0.06 kcal/mol | Rowling, Cook & Itzhaki 2010 JBC 285:20080 (PMID 20452977; PMC2888420), Table S1 |",not a result value,0,
S1_Table,evidence_ledger,cell,20452977,identifier,"= +0.06 kcal/mol | Rowling, Cook & Itzhaki 2010 JBC 285:20080 (PMID 20452977; PMC2888420), Table S1 |",not a result value,0,
S1_Table,evidence_ledger,cell,2010,year,"olding: measured ddG_U-F = -0.99 kcal/mol | Rowling, Cook & Itzhaki 2010 JBC 285:20080 (PMID 20452977; PMC2888420), Table S1 |",not a result value,0,
S1_Table,evidence_ledger,cell,20452977,identifier,"= -0.99 kcal/mol | Rowling, Cook & Itzhaki 2010 JBC 285:20080 (PMID 20452977; PMC2888420), Table S1 |",not a result value,0,
S1_Table,evidence_ledger,cell,2010,year,"olding: measured ddG_U-F = -1.83 kcal/mol | Rowling, Cook & Itzhaki 2010 JBC 285:20080 (PMID 20452977; PMC2888420), Table S1 |",not a result value,0,
S1_Table,evidence_ledger,cell,20452977,identifier,"= -1.83 kcal/mol | Rowling, Cook & Itzhaki 2010 JBC 285:20080 (PMID 20452977; PMC2888420), Table S1 |",not a result value,0,
S1_Table,evidence_ledger,cell,2010,year,"olding: measured ddG_U-F = +1.57 kcal/mol | Rowling, Cook & Itzhaki 2010 JBC 285:20080 (PMID 20452977; PMC2888420), Table S1 |",not a result value,0,
S1_Table,evidence_ledger,cell,20452977,identifier,"= +1.57 kcal/mol | Rowling, Cook & Itzhaki 2010 JBC 285:20080 (PMID 20452977; PMC2888420), Table S1 |",not a result value,0,
S1_Table,evidence_ledger,cell,2010,year,"olding: measured ddG_U-F = +2.22 kcal/mol | Rowling, Cook & Itzhaki 2010 JBC 285:20080 (PMID 20452977; PMC2888420), Table S1 |",not a result value,0,
S1_Table,evidence_ledger,cell,20452977,identifier,"= +2.22 kcal/mol | Rowling, Cook & Itzhaki 2010 JBC 285:20080 (PMID 20452977; PMC2888420), Table S1 |",not a result value,0,
S1_Table,evidence_ledger,cell,2010,year,"olding: measured ddG_U-F = +4.20 kcal/mol | Rowling, Cook & Itzhaki 2010 JBC 285:20080 (PMID 20452977; PMC2888420), Table S1 |",not a result value,0,
S1_Table,evidence_ledger,cell,20452977,identifier,"= +4.20 kcal/mol | Rowling, Cook & Itzhaki 2010 JBC 285:20080 (PMID 20452977; PMC2888420), Table S1 |",not a result value,0,
S1_Table,evidence_ledger,cell,2010,year,"olding: measured ddG_U-F = +2.40 kcal/mol | Rowling, Cook & Itzhaki 2010 JBC 285:20080 (PMID 20452977; PMC2888420), Table S1 |",not a result value,0,
S1_Table,evidence_ledger,cell,20452977,identifier,"= +2.40 kcal/mol | Rowling, Cook & Itzhaki 2010 JBC 285:20080 (PMID 20452977; PMC2888420), Table S1 |",not a result value,0,
S1_Table,evidence_ledger,cell,2010,year,"olding: measured ddG_U-F = +6.04 kcal/mol | Rowling, Cook & Itzhaki 2010 JBC 285:20080 (PMID 20452977; PMC2888420), Table S1 |",not a result value,0,
S1_Table,evidence_ledger,cell,20452977,identifier,"= +6.04 kcal/mol | Rowling, Cook & Itzhaki 2010 JBC 285:20080 (PMID 20452977; PMC2888420), Table S1 |",not a result value,0,
S1_Table,evidence_ledger,cell,2011,year,"itative_energetic | direct | SPR K_D 10-14 uM, WT-like | Pechtl 2011 JBC 286:11082 (PMID 21270465), SPR |",not a result value,0,
S1_Table,evidence_ledger,cell,21270465,identifier,"ect | SPR K_D 10-14 uM, WT-like | Pechtl 2011 JBC 286:11082 (PMID 21270465), SPR |",not a result value,0,
S1_Table,evidence_ledger,cell,2011,year,"y measurement; token inferred from the intact monomer fold | Pechtl 2011 JBC 286:11082 (PMID 21270465), SPR |",not a result value,0,
S1_Table,evidence_ledger,cell,21270465,identifier,"rred from the intact monomer fold | Pechtl 2011 JBC 286:11082 (PMID 21270465), SPR |",not a result value,0,
S1_Table,evidence_ledger,cell,2011,year,"| direct | Natively folded by CD / thermal denaturation | Pechtl 2011 JBC 286:11082 (PMID 21270465), SPR |",not a result value,0,
S1_Table,evidence_ledger,cell,21270465,identifier,"lded by CD / thermal denaturation | Pechtl 2011 JBC 286:11082 (PMID 21270465), SPR |",not a result value,0,
S1_Table,evidence_ledger,cell,2011,year,"_energetic | direct | SPR K_D ~12 uM, comparable to WT | Pechtl 2011 JBC 286:11082 (PMID 21270465), SPR |",not a result value,0,
S1_Table,evidence_ledger,cell,21270465,identifier,"SPR K_D ~12 uM, comparable to WT | Pechtl 2011 JBC 286:11082 (PMID 21270465), SPR |",not a result value,0,
S1_Table,evidence_ledger,cell,2011,year,"y measurement; token inferred from the intact monomer fold | Pechtl 2011 JBC 286:11082 (PMID 21270465), SPR |",not a result value,0,
S1_Table,evidence_ledger,cell,21270465,identifier,"rred from the intact monomer fold | Pechtl 2011 JBC 286:11082 (PMID 21270465), SPR |",not a result value,0,
S1_Table,evidence_ledger,cell,2011,year,"| direct | Natively folded by CD / thermal denaturation | Pechtl 2011 JBC 286:11082 (PMID 21270465), SPR |",not a result value,0,
S1_Table,evidence_ledger,cell,21270465,identifier,"lded by CD / thermal denaturation | Pechtl 2011 JBC 286:11082 (PMID 21270465), SPR |",not a result value,0,
S1_Table,evidence_ledger,cell,2011,year,"direct | SPR K_D > 35 uM (binding effectively abolished) | Pechtl 2011 JBC 286:11082 (PMID 21270465), SPR |",not a result value,0,
S1_Table,evidence_ledger,cell,21270465,identifier,"M (binding effectively abolished) | Pechtl 2011 JBC 286:11082 (PMID 21270465), SPR |",not a result value,0,
S1_Table,evidence_ledger,cell,2011,year,"y measurement; token inferred from the intact monomer fold | Pechtl 2011 JBC 286:11082 (PMID 21270465), SPR |",not a result value,0,
S1_Table,evidence_ledger,cell,21270465,identifier,"rred from the intact monomer fold | Pechtl 2011 JBC 286:11082 (PMID 21270465), SPR |",not a result value,0,
S1_Table,evidence_ledger,cell,2011,year,"| direct | Natively folded by CD / thermal denaturation | Pechtl 2011 JBC 286:11082 (PMID 21270465), SPR |",not a result value,0,
S1_Table,evidence_ledger,cell,21270465,identifier,"lded by CD / thermal denaturation | Pechtl 2011 JBC 286:11082 (PMID 21270465), SPR |",not a result value,0,
S1_Table,evidence_ledger,cell,1990,year,"ch, not from alpha1-beta1 interface disruption | Eaton & Hofrichter 1990 (HbS polymerization) |",not a result value,0,
S1_Table,evidence_ledger,cell,1990,year,irect | Native tetramer; assembly unaffected | Eaton & Hofrichter 1990 (HbS polymerization) |,not a result value,0,
S1_Table,evidence_ledger,cell,1990,year,eta-subunit fold; the lesion is intermolecular | Eaton & Hofrichter 1990 (HbS polymerization) |,not a result value,0,
S1_Table,evidence_ledger,cell,1968,year,uced tetramer assembly energy (~1.5 kcal/mol) | Bonaventura & Riggs 1968 JBC (Hb Kansas) |,not a result value,0,
S1_Table,evidence_ledger,cell,1968,year,pled reading of the same assembly measurement | Bonaventura & Riggs 1968 JBC (Hb Kansas) |,not a result value,0,
S1_Table,evidence_ledger,cell,1998,year,mer assembly ddG = +5.0 kcal/mol | Kiger / Kwiatkowski Biochemistry 1998 (PMID 9521754 equilibrium assembly dG; PMID 9521753 kinetic,not a result value,0,
S1_Table,evidence_ledger,cell,9521754,identifier,y ddG = +5.0 kcal/mol | Kiger / Kwiatkowski Biochemistry 1998 (PMID 9521754 equilibrium assembly dG; PMID 9521753 kinetics) |,not a result value,0,
S1_Table,evidence_ledger,cell,9521753,identifier,tkowski Biochemistry 1998 (PMID 9521754 equilibrium assembly dG; PMID 9521753 kinetics) |,not a result value,0,
S1_Table,evidence_ledger,cell,1998,year,nt subunit-stability measurement | Kiger / Kwiatkowski Biochemistry 1998 (PMID 9521754 equilibrium assembly dG; PMID 9521753 kinetic,not a result value,0,
S1_Table,evidence_ledger,cell,9521754,identifier,stability measurement | Kiger / Kwiatkowski Biochemistry 1998 (PMID 9521754 equilibrium assembly dG; PMID 9521753 kinetics) |,not a result value,0,
S1_Table,evidence_ledger,cell,9521753,identifier,tkowski Biochemistry 1998 (PMID 9521754 equilibrium assembly dG; PMID 9521753 kinetics) |,not a result value,0,
S1_Table,evidence_ledger,cell,1998,year,mer assembly ddG = +9.0 kcal/mol | Kiger / Kwiatkowski Biochemistry 1998 (PMID 9521754 equilibrium assembly dG; PMID 9521753 kinetic,not a result value,0,
S1_Table,evidence_ledger,cell,9521754,identifier,y ddG = +9.0 kcal/mol | Kiger / Kwiatkowski Biochemistry 1998 (PMID 9521754 equilibrium assembly dG; PMID 9521753 kinetics) |,not a result value,0,
S1_Table,evidence_ledger,cell,9521753,identifier,tkowski Biochemistry 1998 (PMID 9521754 equilibrium assembly dG; PMID 9521753 kinetics) |,not a result value,0,
S1_Table,evidence_ledger,cell,1998,year,nt subunit-stability measurement | Kiger / Kwiatkowski Biochemistry 1998 (PMID 9521754 equilibrium assembly dG; PMID 9521753 kinetic,not a result value,0,
S1_Table,evidence_ledger,cell,9521754,identifier,stability measurement | Kiger / Kwiatkowski Biochemistry 1998 (PMID 9521754 equilibrium assembly dG; PMID 9521753 kinetics) |,not a result value,0,
S1_Table,evidence_ledger,cell,9521753,identifier,tkowski Biochemistry 1998 (PMID 9521754 equilibrium assembly dG; PMID 9521753 kinetics) |,not a result value,0,
S1_Table,evidence_ledger,cell,1998,year,mer assembly ddG = +7.0 kcal/mol | Kiger / Kwiatkowski Biochemistry 1998 (PMID 9521754 equilibrium assembly dG; PMID 9521753 kinetic,not a result value,0,
S1_Table,evidence_ledger,cell,9521754,identifier,y ddG = +7.0 kcal/mol | Kiger / Kwiatkowski Biochemistry 1998 (PMID 9521754 equilibrium assembly dG; PMID 9521753 kinetics) |,not a result value,0,
S1_Table,evidence_ledger,cell,9521753,identifier,tkowski Biochemistry 1998 (PMID 9521754 equilibrium assembly dG; PMID 9521753 kinetics) |,not a result value,0,
S1_Table,evidence_ledger,cell,1998,year,nt subunit-stability measurement | Kiger / Kwiatkowski Biochemistry 1998 (PMID 9521754 equilibrium assembly dG; PMID 9521753 kinetic,not a result value,0,
S1_Table,evidence_ledger,cell,9521754,identifier,stability measurement | Kiger / Kwiatkowski Biochemistry 1998 (PMID 9521754 equilibrium assembly dG; PMID 9521753 kinetics) |,not a result value,0,
S1_Table,evidence_ledger,cell,9521753,identifier,tkowski Biochemistry 1998 (PMID 9521754 equilibrium assembly dG; PMID 9521753 kinetics) |,not a result value,0,
S1_Table,evidence_ledger,cell,1998,year,mer assembly ddG = +2.0 kcal/mol | Kiger / Kwiatkowski Biochemistry 1998 (PMID 9521754 equilibrium assembly dG; PMID 9521753 kinetic,not a result value,0,
S1_Table,evidence_ledger,cell,9521754,identifier,y ddG = +2.0 kcal/mol | Kiger / Kwiatkowski Biochemistry 1998 (PMID 9521754 equilibrium assembly dG; PMID 9521753 kinetics) |,not a result value,0,
S1_Table,evidence_ledger,cell,9521753,identifier,tkowski Biochemistry 1998 (PMID 9521754 equilibrium assembly dG; PMID 9521753 kinetics) |,not a result value,0,
S1_Table,evidence_ledger,cell,1998,year,nt subunit-stability measurement | Kiger / Kwiatkowski Biochemistry 1998 (PMID 9521754 equilibrium assembly dG; PMID 9521753 kinetic,not a result value,0,
S1_Table,evidence_ledger,cell,9521754,identifier,stability measurement | Kiger / Kwiatkowski Biochemistry 1998 (PMID 9521754 equilibrium assembly dG; PMID 9521753 kinetics) |,not a result value,0,
S1_Table,evidence_ledger,cell,9521753,identifier,tkowski Biochemistry 1998 (PMID 9521754 equilibrium assembly dG; PMID 9521753 kinetics) |,not a result value,0,
S1_Table,evidence_ledger,cell,2015,year,binding; impaired GTP hydrolysis. G12 is 13.6 A from RAF1 | Hunter 2015 |,not a result value,0,
S1_Table,evidence_ledger,cell,2015,year,direct | WT-like RAF1 binding; impaired GTP hydrolysis | Hunter 2015 |,not a result value,0,
S1_Table,evidence_ledger,cell,2015,year,ding; switch-II hydrolysis defect. Q61 is 11.1 A from RAF1 | Hunter 2015 |,not a result value,0,
S1_Table,evidence_ledger,cell,2005,year,roficient MMR implies the MLH1-PMS2 interaction survived | Raevaara 2005 (MMR activity) |,not a result value,0,
S1_Table,evidence_ledger,cell,2005,year,measurement; token inferred from the intact monomer fold | Raevaara 2005 (MMR activity) |,not a result value,0,
S1_Table,evidence_ledger,cell,2019,year,perimental | coupled | Non-damaging in functional assay | Drost 2019 (functional assay) |,not a result value,0,
S1_Table,evidence_ledger,cell,2010,year,"ntitative_functional | direct | PMS2 co-IP 30% of WT | Kosinski 2010 (PMS2 co-IP, MMR activity) |",not a result value,0,
S1_Table,evidence_ledger,cell,2010,year,"ntitative_functional | direct | PMS2 co-IP 54% of WT | Kosinski 2010 (PMS2 co-IP, MMR activity) |",not a result value,0,
S1_Table,evidence_ledger,cell,2010,year,-- binding preserved | MAVE abundance/interaction scores; Kosinski 2010 co-IP |,not a result value,0,
S1_Table,evidence_ledger,cell,2010,year,ed cellular abundance | MAVE abundance/interaction scores; Kosinski 2010 co-IP |,not a result value,0,
S1_Table,evidence_ledger,cell,2010,year,ed cellular abundance | MAVE abundance/interaction scores; Kosinski 2010 co-IP |,not a result value,0,
S1_Table,evidence_ledger,cell,2008,year,interaction intact; ATPase mismatch binding/release defect | Ollila 2008 Hum Mutat 29:1355 (PMID 18951462); Ollila 2006 Gastroentero,not a result value,0,
S1_Table,evidence_ledger,cell,18951462,identifier,smatch binding/release defect | Ollila 2008 Hum Mutat 29:1355 (PMID 18951462); Ollila 2006 Gastroenterology (PMID 17101317) |,not a result value,0,
S1_Table,evidence_ledger,cell,2006,year,ease defect | Ollila 2008 Hum Mutat 29:1355 (PMID 18951462); Ollila 2006 Gastroenterology (PMID 17101317) |,not a result value,0,
S1_Table,evidence_ledger,cell,17101317,identifier,Hum Mutat 29:1355 (PMID 18951462); Ollila 2006 Gastroenterology (PMID 17101317) |,not a result value,0,
S1_Table,evidence_ledger,cell,2008,year,interaction intact; ATPase mismatch binding/release defect | Ollila 2008 Hum Mutat 29:1355 (PMID 18951462); Ollila 2006 Gastroentero,not a result value,0,
S1_Table,evidence_ledger,cell,18951462,identifier,smatch binding/release defect | Ollila 2008 Hum Mutat 29:1355 (PMID 18951462); Ollila 2006 Gastroenterology (PMID 17101317) |,not a result value,0,
S1_Table,evidence_ledger,cell,2006,year,ease defect | Ollila 2008 Hum Mutat 29:1355 (PMID 18951462); Ollila 2006 Gastroenterology (PMID 17101317) |,not a result value,0,
S1_Table,evidence_ledger,cell,17101317,identifier,Hum Mutat 29:1355 (PMID 18951462); Ollila 2006 Gastroenterology (PMID 17101317) |,not a result value,0,
S1_Table,evidence_ledger,cell,2008,year,tability preserved; ATPase mismatch binding/release defect | Ollila 2008 Hum Mutat 29:1355 (PMID 18951462); Ollila 2006 Gastroentero,not a result value,0,
S1_Table,evidence_ledger,cell,18951462,identifier,smatch binding/release defect | Ollila 2008 Hum Mutat 29:1355 (PMID 18951462); Ollila 2006 Gastroenterology (PMID 17101317) |,not a result value,0,
S1_Table,evidence_ledger,cell,2006,year,ease defect | Ollila 2008 Hum Mutat 29:1355 (PMID 18951462); Ollila 2006 Gastroenterology (PMID 17101317) |,not a result value,0,
S1_Table,evidence_ledger,cell,17101317,identifier,Hum Mutat 29:1355 (PMID 18951462); Ollila 2006 Gastroenterology (PMID 17101317) |,not a result value,0,
S1_Table,evidence_ledger,cell,2008,year,"TPase catalytic defect, protein stable, interaction intact | Ollila 2008 Hum Mutat 29:1355 (PMID 18951462); Ollila 2006 Gastroentero",not a result value,0,
S1_Table,evidence_ledger,cell,18951462,identifier,"in stable, interaction intact | Ollila 2008 Hum Mutat 29:1355 (PMID 18951462); Ollila 2006 Gastroenterology (PMID 17101317) |",not a result value,0,
S1_Table,evidence_ledger,cell,2006,year,tion intact | Ollila 2008 Hum Mutat 29:1355 (PMID 18951462); Ollila 2006 Gastroenterology (PMID 17101317) |,not a result value,0,
S1_Table,evidence_ledger,cell,17101317,identifier,Hum Mutat 29:1355 (PMID 18951462); Ollila 2006 Gastroenterology (PMID 17101317) |,not a result value,0,
S1_Table,evidence_ledger,cell,2008,year,t | MMR-proficient with interaction intact; gnomAD ~1.9% | Ollila 2008 Hum Mutat 29:1355 (PMID 18951462); Ollila 2006 Gastroentero,not a result value,0,
S1_Table,evidence_ledger,cell,18951462,identifier,eraction intact; gnomAD ~1.9% | Ollila 2008 Hum Mutat 29:1355 (PMID 18951462); Ollila 2006 Gastroenterology (PMID 17101317) |,not a result value,0,
S1_Table,evidence_ledger,cell,2006,year,nomAD ~1.9% | Ollila 2008 Hum Mutat 29:1355 (PMID 18951462); Ollila 2006 Gastroenterology (PMID 17101317) |,not a result value,0,
S1_Table,evidence_ledger,cell,17101317,identifier,Hum Mutat 29:1355 (PMID 18951462); Ollila 2006 Gastroenterology (PMID 17101317) |,not a result value,0,
S1_Table,evidence_ledger,cell,2021,year,nding preserved by co-IP; MMR lost via Walker-A ATPase defect | Jia 2021 |,not a result value,0,
S1_Table,evidence_ledger,cell,2008,year,"ntal | direct | MSH6 IP, bandshift and MMR all WT-like | Ollila 2008 Hum Mutat 29:1355 (PMID 18951462); Ollila 2006 Gastroentero",not a result value,0,
S1_Table,evidence_ledger,cell,18951462,identifier,bandshift and MMR all WT-like | Ollila 2008 Hum Mutat 29:1355 (PMID 18951462); Ollila 2006 Gastroenterology (PMID 17101317) |,not a result value,0,
S1_Table,evidence_ledger,cell,2006,year,all WT-like | Ollila 2008 Hum Mutat 29:1355 (PMID 18951462); Ollila 2006 Gastroenterology (PMID 17101317) |,not a result value,0,
S1_Table,evidence_ledger,cell,17101317,identifier,Hum Mutat 29:1355 (PMID 18951462); Ollila 2006 Gastroenterology (PMID 17101317) |,not a result value,0,
S1_Table,evidence_ledger,cell,2008,year,"the nSH2 inhibitory contact, releasing autoinhibition | Zhao & Vogt 2008 PNAS |",not a result value,0,
S1_Table,evidence_ledger,cell,2008,year,nferred; helical-domain hotspot taken as fold-neutral | Zhao & Vogt 2008 PNAS |,not a result value,0,
S1_Table,evidence_ledger,cell,2008,year,"the nSH2 inhibitory contact, releasing autoinhibition | Zhao & Vogt 2008 PNAS |",not a result value,0,
S1_Table,evidence_ledger,cell,2008,year,nferred; helical-domain hotspot taken as fold-neutral | Zhao & Vogt 2008 PNAS |,not a result value,0,
S1_Table,evidence_ledger,cell,2009,year,in of function with p85 binding structurally unaffected | Mandelker 2009 |,not a result value,0,
S1_Table,evidence_ledger,cell,2009,year,easurement; token inferred from the intact monomer fold | Mandelker 2009 |,not a result value,0,
S1_Table,evidence_ledger,cell,2009,year,inferred | No subunit-stability assay; token inferred | Mandelker 2009 |,not a result value,0,
S1_Table,evidence_ledger,cell,2009,year,", loses inhibition -- allosteric, not interface loss | Wu / Jaiswal 2009 |",not a result value,0,
S1_Table,evidence_ledger,cell,2009,year,urement; token inferred from the intact monomer fold | Wu / Jaiswal 2009 |,not a result value,0,
S1_Table,evidence_ledger,cell,2009,year,erred | No subunit-stability assay; token inferred | Wu / Jaiswal 2009 |,not a result value,0,
S1_Table,evidence_ledger,cell,2004,year,ct | Abolished phospho-Smad2/3 interaction by co-IP | De Bosscher 2004 (co-IP) |,not a result value,0,
S1_Table,evidence_ledger,cell,2021,year,al | direct | Completely abolished R-Smad interaction | Lanauze 2021 (co-IP) |,not a result value,0,
S1_Table,evidence_ledger,cell,2008,year,inferred | AF ~3% African-American: benign by frequency | Frazier 2008; gnomAD |,not a result value,0,
S1_Table,evidence_ledger,cell,2008,year,inferred | AF ~3% African-American: benign by frequency | Frazier 2008; gnomAD |,not a result value,0,
S1_Table,evidence_ledger,cell,2008,year,inferred | AF ~3% African-American: benign by frequency | Frazier 2008; gnomAD |,not a result value,0,
S1_Table,evidence_ledger,cell,2000,year,"y potency, actin affinity unchanged -- interface retained | Elliott 2000 JBC 275:22069; Takahashi / Kimura 2001 (PMID 11735257) |",not a result value,0,
S1_Table,evidence_ledger,cell,2001,year,interface retained | Elliott 2000 JBC 275:22069; Takahashi / Kimura 2001 (PMID 11735257) |,not a result value,0,
S1_Table,evidence_ledger,cell,11735257,identifier,etained | Elliott 2000 JBC 275:22069; Takahashi / Kimura 2001 (PMID 11735257) |,not a result value,0,
S1_Table,evidence_ledger,cell,2001,year,"ass as R145G: reduced inhibition, actin affinity unchanged | Kimura 2001 (PMID 11735257) |",not a result value,0,
S1_Table,evidence_ledger,cell,11735257,identifier,"G: reduced inhibition, actin affinity unchanged | Kimura 2001 (PMID 11735257) |",not a result value,0,
S1_Table,evidence_ledger,cell,1999,year,xperimental | direct | Disrupts VCB complex assembly | Stebbins 1999 Science |,not a result value,0,
S1_Table,evidence_ledger,cell,1999,year,xperimental | direct | Disrupts VCB complex assembly | Stebbins 1999 Science |,not a result value,0,
S1_Table,evidence_ledger,cell,2000,year,"ng is abolished (beta-domain HIF face, not the ElonginC face) | Ohh 2000 |",not a result value,0,
S1_Table,evidence_ledger,cell,2000,year,"ng is abolished (beta-domain HIF face, not the ElonginC face) | Ohh 2000 |",not a result value,0,
S1_Table,evidence_ledger,cell,2025,year,direct | Binding-competent by SPR | Tischer / Moon-Tasson / Auton 2025 J Thromb Haemost 23(4):1215-1228 (PMID 39756657); CD/DSC +,not a result value,0,
S1_Table,evidence_ledger,cell,39756657,identifier,her / Moon-Tasson / Auton 2025 J Thromb Haemost 23(4):1215-1228 (PMID 39756657); CD/DSC + SPR + shear-flow |,not a result value,0,
S1_Table,evidence_ledger,cell,2025,year,ferred from the intact monomer fold | Tischer / Moon-Tasson / Auton 2025 J Thromb Haemost 23(4):1215-1228 (PMID 39756657); CD/DSC +,not a result value,0,
S1_Table,evidence_ledger,cell,39756657,identifier,her / Moon-Tasson / Auton 2025 J Thromb Haemost 23(4):1215-1228 (PMID 39756657); CD/DSC + SPR + shear-flow |,not a result value,0,
S1_Table,evidence_ledger,cell,2025,year,"ect | Natively folded, WT-like Tm | Tischer / Moon-Tasson / Auton 2025 J Thromb Haemost 23(4):1215-1228 (PMID 39756657); CD/DSC +",not a result value,0,
S1_Table,evidence_ledger,cell,39756657,identifier,her / Moon-Tasson / Auton 2025 J Thromb Haemost 23(4):1215-1228 (PMID 39756657); CD/DSC + SPR + shear-flow |,not a result value,0,
S1_Table,evidence_ledger,cell,2025,year,lost by SPR and shear-flow adhesion | Tischer / Moon-Tasson / Auton 2025 J Thromb Haemost 23(4):1215-1228 (PMID 39756657); CD/DSC +,not a result value,0,
S1_Table,evidence_ledger,cell,39756657,identifier,her / Moon-Tasson / Auton 2025 J Thromb Haemost 23(4):1215-1228 (PMID 39756657); CD/DSC + SPR + shear-flow |,not a result value,0,
S1_Table,evidence_ledger,cell,2025,year,ferred from the intact monomer fold | Tischer / Moon-Tasson / Auton 2025 J Thromb Haemost 23(4):1215-1228 (PMID 39756657); CD/DSC +,not a result value,0,
S1_Table,evidence_ledger,cell,39756657,identifier,her / Moon-Tasson / Auton 2025 J Thromb Haemost 23(4):1215-1228 (PMID 39756657); CD/DSC + SPR + shear-flow |,not a result value,0,
S1_Table,evidence_ledger,cell,2025,year,below the destabilization threshold | Tischer / Moon-Tasson / Auton 2025 J Thromb Haemost 23(4):1215-1228 (PMID 39756657); CD/DSC +,not a result value,0,
S1_Table,evidence_ledger,cell,39756657,identifier,her / Moon-Tasson / Auton 2025 J Thromb Haemost 23(4):1215-1228 (PMID 39756657); CD/DSC + SPR + shear-flow |,not a result value,0,
S2_Table,benchmark_variants,cell,2010,year,"olding: measured ddG_U-F = +4.89 kcal/mol | Rowling, Cook & Itzhaki 2010 JBC 285:20080 (PMID 20452977; PMC2888420), Table S1 | 6.4",not a result value,0,
S2_Table,benchmark_variants,cell,20452977,identifier,"= +4.89 kcal/mol | Rowling, Cook & Itzhaki 2010 JBC 285:20080 (PMID 20452977; PMC2888420), Table S1 | 6.43 | - | - | 4.89 | 1J",not a result value,0,
S2_Table,benchmark_variants,cell,2010,year,"olding: measured ddG_U-F = +1.18 kcal/mol | Rowling, Cook & Itzhaki 2010 JBC 285:20080 (PMID 20452977; PMC2888420), Table S1 | 0.5",not a result value,0,
S2_Table,benchmark_variants,cell,20452977,identifier,"= +1.18 kcal/mol | Rowling, Cook & Itzhaki 2010 JBC 285:20080 (PMID 20452977; PMC2888420), Table S1 | 0.53 | - | - | 1.18 | 1J",not a result value,0,
S2_Table,benchmark_variants,cell,2010,year,"olding: measured ddG_U-F = -0.03 kcal/mol | Rowling, Cook & Itzhaki 2010 JBC 285:20080 (PMID 20452977; PMC2888420), Table S1 | 0.4",not a result value,0,
S2_Table,benchmark_variants,cell,20452977,identifier,"= -0.03 kcal/mol | Rowling, Cook & Itzhaki 2010 JBC 285:20080 (PMID 20452977; PMC2888420), Table S1 | 0.45 | - | - | -0.03 | 1",not a result value,0,
S2_Table,benchmark_variants,cell,2010,year,"olding: measured ddG_U-F = +3.73 kcal/mol | Rowling, Cook & Itzhaki 2010 JBC 285:20080 (PMID 20452977; PMC2888420), Table S1 | 2.8",not a result value,0,
S2_Table,benchmark_variants,cell,20452977,identifier,"= +3.73 kcal/mol | Rowling, Cook & Itzhaki 2010 JBC 285:20080 (PMID 20452977; PMC2888420), Table S1 | 2.86 | - | - | 3.73 | 1J",not a result value,0,
S2_Table,benchmark_variants,cell,2010,year,"olding: measured ddG_U-F = +0.06 kcal/mol | Rowling, Cook & Itzhaki 2010 JBC 285:20080 (PMID 20452977; PMC2888420), Table S1 | 1.6",not a result value,0,
S2_Table,benchmark_variants,cell,20452977,identifier,"= +0.06 kcal/mol | Rowling, Cook & Itzhaki 2010 JBC 285:20080 (PMID 20452977; PMC2888420), Table S1 | 1.67 | - | - | 0.06 | 1J",not a result value,0,
S2_Table,benchmark_variants,cell,2010,year,"olding: measured ddG_U-F = -0.99 kcal/mol | Rowling, Cook & Itzhaki 2010 JBC 285:20080 (PMID 20452977; PMC2888420), Table S1 | 0.3",not a result value,0,
S2_Table,benchmark_variants,cell,20452977,identifier,"= -0.99 kcal/mol | Rowling, Cook & Itzhaki 2010 JBC 285:20080 (PMID 20452977; PMC2888420), Table S1 | 0.39 | - | - | -0.99 | 1",not a result value,0,
S2_Table,benchmark_variants,cell,2010,year,"olding: measured ddG_U-F = -1.83 kcal/mol | Rowling, Cook & Itzhaki 2010 JBC 285:20080 (PMID 20452977; PMC2888420), Table S1 | 1.7",not a result value,0,
S2_Table,benchmark_variants,cell,20452977,identifier,"= -1.83 kcal/mol | Rowling, Cook & Itzhaki 2010 JBC 285:20080 (PMID 20452977; PMC2888420), Table S1 | 1.77 | - | - | -1.83 | 1",not a result value,0,
S2_Table,benchmark_variants,cell,2010,year,"olding: measured ddG_U-F = +1.57 kcal/mol | Rowling, Cook & Itzhaki 2010 JBC 285:20080 (PMID 20452977; PMC2888420), Table S1 | 0.7",not a result value,0,
S2_Table,benchmark_variants,cell,20452977,identifier,"= +1.57 kcal/mol | Rowling, Cook & Itzhaki 2010 JBC 285:20080 (PMID 20452977; PMC2888420), Table S1 | 0.73 | - | - | 1.57 | 1J",not a result value,0,
S2_Table,benchmark_variants,cell,2010,year,"olding: measured ddG_U-F = +2.22 kcal/mol | Rowling, Cook & Itzhaki 2010 JBC 285:20080 (PMID 20452977; PMC2888420), Table S1 | 2.9",not a result value,0,
S2_Table,benchmark_variants,cell,20452977,identifier,"= +2.22 kcal/mol | Rowling, Cook & Itzhaki 2010 JBC 285:20080 (PMID 20452977; PMC2888420), Table S1 | 2.98 | - | - | 2.22 | 1J",not a result value,0,
S2_Table,benchmark_variants,cell,2010,year,"olding: measured ddG_U-F = +4.20 kcal/mol | Rowling, Cook & Itzhaki 2010 JBC 285:20080 (PMID 20452977; PMC2888420), Table S1 | 1.2",not a result value,0,
S2_Table,benchmark_variants,cell,20452977,identifier,"= +4.20 kcal/mol | Rowling, Cook & Itzhaki 2010 JBC 285:20080 (PMID 20452977; PMC2888420), Table S1 | 1.24 | - | - | 4.20 | 1J",not a result value,0,
S2_Table,benchmark_variants,cell,2010,year,"olding: measured ddG_U-F = +2.40 kcal/mol | Rowling, Cook & Itzhaki 2010 JBC 285:20080 (PMID 20452977; PMC2888420), Table S1 | 3.5",not a result value,0,
S2_Table,benchmark_variants,cell,20452977,identifier,"= +2.40 kcal/mol | Rowling, Cook & Itzhaki 2010 JBC 285:20080 (PMID 20452977; PMC2888420), Table S1 | 3.57 | - | - | 2.40 | 1J",not a result value,0,
S2_Table,benchmark_variants,cell,2010,year,"olding: measured ddG_U-F = +6.04 kcal/mol | Rowling, Cook & Itzhaki 2010 JBC 285:20080 (PMID 20452977; PMC2888420), Table S1 | 3.3",not a result value,0,
S2_Table,benchmark_variants,cell,20452977,identifier,"= +6.04 kcal/mol | Rowling, Cook & Itzhaki 2010 JBC 285:20080 (PMID 20452977; PMC2888420), Table S1 | 3.39 | - | - | 6.04 | 1J",not a result value,0,
S2_Table,benchmark_variants,cell,1,item_ref,"r | brca1 | C61G | Pathogenic | Fold destabilization | Tier 1 | partial | C/C/C/P/P | binding, fold_complex, monome",not a result value,0,
S2_Table,benchmark_variants,cell,1998,year,is a Zn-coordinating ligand; RING fold lost on Zn release | Brzovic 1998 JBC 273:7795 (PMID 9520298); Roehm & Berg 1997 Biochemistry,not a result value,0,
S2_Table,benchmark_variants,cell,9520298,identifier,and; RING fold lost on Zn release | Brzovic 1998 JBC 273:7795 (PMID 9520298); Roehm & Berg 1997 Biochemistry 36:10240 | 2.33 | 6.78,not a result value,0,
S2_Table,benchmark_variants,cell,1997,year,Zn release | Brzovic 1998 JBC 273:7795 (PMID 9520298); Roehm & Berg 1997 Biochemistry 36:10240 | 2.33 | 6.78 | -0.03 | - |,not a result value,0,
S2_Table,benchmark_variants,cell,4,item_ref,"rodimer | brca1 | E100Q | Benign | No modeled lesion | Tier 4 | consistent | C/C/C/C/C | binding, fold_complex, mon",not a result value,0,
S2_Table,benchmark_variants,cell,2015,year,ty assay; token inferred from WT-like two-hybrid function | Starita 2015 (Y2H interaction panel) | -0.31 | -0.16 | 0 | - |,not a result value,0,
S2_Table,benchmark_variants,cell,3,item_ref,"erodimer | brca1 | K45R | Benign | No modeled lesion | Tier 3 | consistent | C/C/C/C/C | binding, fold_complex, mon",not a result value,0,
S2_Table,benchmark_variants,cell,2015,year,ty assay; token inferred from WT-like two-hybrid function | Starita 2015 (Y2H interaction panel) | 0.12 | -0.26 | 0 | - |,not a result value,0,
S2_Table,benchmark_variants,cell,1,item_ref,r | brca1 | V11G | Pathogenic | Interface disruption | Tier 1 | partial | C/C/C/P/P | binding | E2 | Moderate B,not a result value,0,
S2_Table,benchmark_variants,cell,2022,year,inding | E2 | Moderate BARD1 binding loss by two-hybrid | Clark 2022 (mammalian two-hybrid) | 1.45 | 3.29 | 2.31 | - |,not a result value,0,
S2_Table,benchmark_variants,cell,2,item_ref,main | calm1 | D96V | Pathogenic | No modeled lesion | Tier 2 | consistent | X/X/C/C/C | none committed | - | W,not a result value,0,
S2_Table,benchmark_variants,cell,1,item_ref,ain | calm1 | F142L | Pathogenic | No modeled lesion | Tier 1 | consistent | C/C/C/C/C | none committed | - | W,not a result value,0,
S2_Table,benchmark_variants,cell,4,item_ref,main | calm1 | N98S | Pathogenic | No modeled lesion | Tier 4 | consistent | C/C/C/C/C | none committed | - | W,not a result value,0,
S2_Table,benchmark_variants,cell,2,item_ref,"ctor H-C3b | cfh | I62V | Benign | No modeled lesion | Tier 2 | consistent | C/C/C/C/C | binding, fold_complex, mon",not a result value,0,
S2_Table,benchmark_variants,cell,2011,year,"monomer fold; Natively folded by CD / thermal denaturation | Pechtl 2011 JBC 286:11082 (PMID 21270465), SPR | 0.71 | 0.38 | 0.",not a result value,0,
S2_Table,benchmark_variants,cell,21270465,identifier,"lded by CD / thermal denaturation | Pechtl 2011 JBC 286:11082 (PMID 21270465), SPR | 0.71 | 0.38 | 0.01 | - | 2WII_trim.pdb |",not a result value,0,
S2_Table,benchmark_variants,cell,4,item_ref,"H-C3b | cfh | R53H | Pathogenic | No modeled lesion | Tier 4 | consistent | X/C/C/C/C | binding, fold_complex, mon",not a result value,0,
S2_Table,benchmark_variants,cell,2011,year,"monomer fold; Natively folded by CD / thermal denaturation | Pechtl 2011 JBC 286:11082 (PMID 21270465), SPR | 0.47 | 1.32 | 0.",not a result value,0,
S2_Table,benchmark_variants,cell,21270465,identifier,"lded by CD / thermal denaturation | Pechtl 2011 JBC 286:11082 (PMID 21270465), SPR | 0.47 | 1.32 | 0.01 | - | 2WII_trim.pdb |",not a result value,0,
S2_Table,benchmark_variants,cell,1,item_ref,"C3b | cfh | R78G | Pathogenic | Interface disruption | Tier 1 | partial | P/P/P/P/P | binding, fold_complex, monome",not a result value,0,
S2_Table,benchmark_variants,cell,2011,year,"monomer fold; Natively folded by CD / thermal denaturation | Pechtl 2011 JBC 286:11082 (PMID 21270465), SPR | 0.93 | 4.88 | 6.",not a result value,0,
S2_Table,benchmark_variants,cell,21270465,identifier,"lded by CD / thermal denaturation | Pechtl 2011 JBC 286:11082 (PMID 21270465), SPR | 0.93 | 4.88 | 6.12 | - | 2WII_trim.pdb |",not a result value,0,
S2_Table,benchmark_variants,cell,3,item_ref,"a dimer | hbb | E6V | Pathogenic | No modeled lesion | Tier 3 | consistent | C/C/C/C/C | binding, fold_complex, mon",not a result value,0,
S2_Table,benchmark_variants,cell,1990,year,eta-subunit fold; the lesion is intermolecular | Eaton & Hofrichter 1990 (HbS polymerization) | 0.72 | 0.80 | -0.02 | - |,not a result value,0,
S2_Table,benchmark_variants,cell,1,item_ref,"amer | hbb | N102T | Pathogenic | Fold and interface | Tier 1 | partial | P/P/P/P/P | binding, fold_complex | E1",not a result value,0,
S2_Table,benchmark_variants,cell,1968,year,pled reading of the same assembly measurement | Bonaventura & Riggs 1968 JBC (Hb Kansas) | -0.77 | -0.43 | -0.14 | 1.50 |,not a result value,0,
S2_Table,benchmark_variants,cell,1,item_ref,"ramer | hbb | W37A | Pathogenic | Fold and interface | Tier 1 | consistent | C/C/C/C/C | binding, fold_complex |",not a result value,0,
S2_Table,benchmark_variants,cell,1998,year,nt subunit-stability measurement | Kiger / Kwiatkowski Biochemistry 1998 (PMID 9521754 equilibrium assembly dG; PMID 9521753 kinetic,not a result value,0,
S2_Table,benchmark_variants,cell,9521754,identifier,stability measurement | Kiger / Kwiatkowski Biochemistry 1998 (PMID 9521754 equilibrium assembly dG; PMID 9521753 kinetics) | 1.82 |,not a result value,0,
S2_Table,benchmark_variants,cell,9521753,identifier,tkowski Biochemistry 1998 (PMID 9521754 equilibrium assembly dG; PMID 9521753 kinetics) | 1.82 | 6.16 | 4.53 | 5.00 | 2HHB.pdb,not a result value,0,
S2_Table,benchmark_variants,cell,1,item_ref,"ramer | hbb | W37E | Pathogenic | Fold and interface | Tier 1 | consistent | C/C/C/C/C | binding, fold_complex |",not a result value,0,
S2_Table,benchmark_variants,cell,1998,year,nt subunit-stability measurement | Kiger / Kwiatkowski Biochemistry 1998 (PMID 9521754 equilibrium assembly dG; PMID 9521753 kinetic,not a result value,0,
S2_Table,benchmark_variants,cell,9521754,identifier,stability measurement | Kiger / Kwiatkowski Biochemistry 1998 (PMID 9521754 equilibrium assembly dG; PMID 9521753 kinetics) | 0.68 |,not a result value,0,
S2_Table,benchmark_variants,cell,9521753,identifier,tkowski Biochemistry 1998 (PMID 9521754 equilibrium assembly dG; PMID 9521753 kinetics) | 0.68 | 5.88 | 5.14 | 9.00 | 2HHB.pdb,not a result value,0,
S2_Table,benchmark_variants,cell,1,item_ref,"ramer | hbb | W37G | Pathogenic | Fold and interface | Tier 1 | consistent | C/C/C/C/C | binding, fold_complex |",not a result value,0,
S2_Table,benchmark_variants,cell,1998,year,nt subunit-stability measurement | Kiger / Kwiatkowski Biochemistry 1998 (PMID 9521754 equilibrium assembly dG; PMID 9521753 kinetic,not a result value,0,
S2_Table,benchmark_variants,cell,9521754,identifier,stability measurement | Kiger / Kwiatkowski Biochemistry 1998 (PMID 9521754 equilibrium assembly dG; PMID 9521753 kinetics) | 2.41 |,not a result value,0,
S2_Table,benchmark_variants,cell,9521753,identifier,tkowski Biochemistry 1998 (PMID 9521754 equilibrium assembly dG; PMID 9521753 kinetics) | 2.41 | 7.76 | 5.45 | 7.00 | 2HHB.pdb,not a result value,0,
S2_Table,benchmark_variants,cell,2,item_ref,"ramer | hbb | W37Y | Pathogenic | Fold and interface | Tier 2 | partial | C/C/P/P/P | binding, fold_complex | E1",not a result value,0,
S2_Table,benchmark_variants,cell,1998,year,nt subunit-stability measurement | Kiger / Kwiatkowski Biochemistry 1998 (PMID 9521754 equilibrium assembly dG; PMID 9521753 kinetic,not a result value,0,
S2_Table,benchmark_variants,cell,9521754,identifier,stability measurement | Kiger / Kwiatkowski Biochemistry 1998 (PMID 9521754 equilibrium assembly dG; PMID 9521753 kinetics) | 0.22 |,not a result value,0,
S2_Table,benchmark_variants,cell,9521753,identifier,tkowski Biochemistry 1998 (PMID 9521754 equilibrium assembly dG; PMID 9521753 kinetics) | 0.22 | 2.85 | 1.60 | 2.00 | 2HHB.pdb,not a result value,0,
S2_Table,benchmark_variants,cell,3,item_ref,G12D | Pathogenic (gain of function) | No modeled lesion | Tier 3 | consistent | X/X/X/C/C | binding | E3 | WT-like,not a result value,0,
S2_Table,benchmark_variants,cell,2015,year,binding; impaired GTP hydrolysis. G12 is 13.6 A from RAF1 | Hunter 2015 | -0.12 | -2.29 | 0.06 | - | 6XI7.pdb | 0.998,not a result value,0,
S2_Table,benchmark_variants,cell,3,item_ref,G12V | Pathogenic (gain of function) | No modeled lesion | Tier 3 | consistent | C/C/C/C/C | binding | E3 | WT-like,not a result value,0,
S2_Table,benchmark_variants,cell,2015,year,g | E3 | WT-like RAF1 binding; impaired GTP hydrolysis | Hunter 2015 | 0.43 | -0.25 | 0.06 | - | 6XI7.pdb | 0.995,not a result value,0,
S2_Table,benchmark_variants,cell,4,item_ref,Q61H | Pathogenic (gain of function) | No modeled lesion | Tier 4 | consistent | C/C/C/C/C | binding | E3 | Preserv,not a result value,0,
S2_Table,benchmark_variants,cell,2015,year,ding; switch-II hydrolysis defect. Q61 is 11.1 A from RAF1 | Hunter 2015 | 0.7 | 0.12 | 0 | - | 6XI7.pdb | 0.998,not a result value,0,
S2_Table,benchmark_variants,cell,2,item_ref,"erodimer | pms2 | G857A | Benign | No modeled lesion | Tier 2 | consistent | C/C/C/C/C | binding, fold_complex, mon",not a result value,0,
S2_Table,benchmark_variants,cell,3,item_ref,"erodimer | mlh1 | H718Y | Benign | No modeled lesion | Tier 3 | consistent | X/C/C/C/C | binding, fold_complex |",not a result value,0,
S2_Table,benchmark_variants,cell,2005,year,measurement; token inferred from the intact monomer fold | Raevaara 2005 (MMR activity) | -0.83 | -1.20 | 0 | - | fold_mlh,not a result value,0,
S2_Table,benchmark_variants,cell,2,item_ref,erodimer | mlh1 | K618E | Benign | No modeled lesion | Tier 2 | consistent | X/C/C/C/C | binding | E3 | Non-dam,not a result value,0,
S2_Table,benchmark_variants,cell,2019,year,C/C | binding | E3 | Non-damaging in functional assay | Drost 2019 (functional assay) | 1.09 | 1.17 | -0.27 | - | fo,not a result value,0,
S2_Table,benchmark_variants,cell,2,item_ref,r | mlh1 | L749P | Pathogenic | Interface disruption | Tier 2 | partial | C/C/P/P/P | binding | E2 | PMS2 co-IP,not a result value,0,
S2_Table,benchmark_variants,cell,2010,year,"| C/C/P/P/P | binding | E2 | PMS2 co-IP 30% of WT | Kosinski 2010 (PMS2 co-IP, MMR activity) | 0.95 | 5.17 | 1.96 | -",not a result value,0,
S2_Table,benchmark_variants,cell,1,item_ref,r | mlh1 | Q542L | Pathogenic | Interface disruption | Tier 1 | partial | P/P/P/P/P | binding | E2 | PMS2 co-IP,not a result value,0,
S2_Table,benchmark_variants,cell,2010,year,"| P/P/P/P/P | binding | E2 | PMS2 co-IP 54% of WT | Kosinski 2010 (PMS2 co-IP, MMR activity) | -0.8 | 1.07 | -0.39 |",not a result value,0,
S2_Table,benchmark_variants,cell,2,item_ref,"r | mlh1 | R755W | Pathogenic | Fold destabilization | Tier 2 | inconsistent | X/X/X/X/X | binding, fold_complex, m",not a result value,0,
S2_Table,benchmark_variants,cell,2010,year,ed cellular abundance | MAVE abundance/interaction scores; Kosinski 2010 co-IP | 0.97 | -0.94 | -9.66 | - | fold_mlh1_pms2,not a result value,0,
S2_Table,benchmark_variants,cell,3,item_ref,"erodimer | mlh1 | V384D | Benign | No modeled lesion | Tier 3 | consistent | X/X/C/C/C | binding, fold_complex, mon",not a result value,0,
S2_Table,benchmark_variants,cell,3,item_ref,"imer | msh2 | A636P | Pathogenic | No modeled lesion | Tier 3 | inconsistent | X/X/X/X/X | binding, fold_complex, m",not a result value,0,
S2_Table,benchmark_variants,cell,2008,year,tability preserved; ATPase mismatch binding/release defect | Ollila 2008 Hum Mutat 29:1355 (PMID 18951462); Ollila 2006 Gastroentero,not a result value,0,
S2_Table,benchmark_variants,cell,18951462,identifier,smatch binding/release defect | Ollila 2008 Hum Mutat 29:1355 (PMID 18951462); Ollila 2006 Gastroenterology (PMID 17101317) | 4.89 |,not a result value,0,
S2_Table,benchmark_variants,cell,2006,year,ease defect | Ollila 2008 Hum Mutat 29:1355 (PMID 18951462); Ollila 2006 Gastroenterology (PMID 17101317) | 4.89 | 5.38 | 0.96,not a result value,0,
S2_Table,benchmark_variants,cell,17101317,identifier,Hum Mutat 29:1355 (PMID 18951462); Ollila 2006 Gastroenterology (PMID 17101317) | 4.89 | 5.38 | 0.96 | - | fold_msh2_msh6_model_,not a result value,0,
S2_Table,benchmark_variants,cell,1,item_ref,imer | msh2 | C697F | Pathogenic | No modeled lesion | Tier 1 | inconsistent | X/X/X/X/X | binding | E3 | ATPas,not a result value,0,
S2_Table,benchmark_variants,cell,2008,year,"TPase catalytic defect, protein stable, interaction intact | Ollila 2008 Hum Mutat 29:1355 (PMID 18951462); Ollila 2006 Gastroentero",not a result value,0,
S2_Table,benchmark_variants,cell,18951462,identifier,"in stable, interaction intact | Ollila 2008 Hum Mutat 29:1355 (PMID 18951462); Ollila 2006 Gastroenterology (PMID 17101317) | 13.29 |",not a result value,0,
S2_Table,benchmark_variants,cell,2006,year,tion intact | Ollila 2008 Hum Mutat 29:1355 (PMID 18951462); Ollila 2006 Gastroenterology (PMID 17101317) | 13.29 | 15.26 | 0.,not a result value,0,
S2_Table,benchmark_variants,cell,17101317,identifier,Hum Mutat 29:1355 (PMID 18951462); Ollila 2006 Gastroenterology (PMID 17101317) | 13.29 | 15.26 | 0.96 | - | fold_msh2_msh6_mode,not a result value,0,
S2_Table,benchmark_variants,cell,4,item_ref,erodimer | msh2 | G322D | Benign | No modeled lesion | Tier 4 | consistent | X/X/X/C/C | binding | E3 | MMR-pro,not a result value,0,
S2_Table,benchmark_variants,cell,2008,year,3 | MMR-proficient with interaction intact; gnomAD ~1.9% | Ollila 2008 Hum Mutat 29:1355 (PMID 18951462); Ollila 2006 Gastroentero,not a result value,0,
S2_Table,benchmark_variants,cell,18951462,identifier,eraction intact; gnomAD ~1.9% | Ollila 2008 Hum Mutat 29:1355 (PMID 18951462); Ollila 2006 Gastroenterology (PMID 17101317) | -0.09 |,not a result value,0,
S2_Table,benchmark_variants,cell,2006,year,nomAD ~1.9% | Ollila 2008 Hum Mutat 29:1355 (PMID 18951462); Ollila 2006 Gastroenterology (PMID 17101317) | -0.09 | 2.04 | 0.9,not a result value,0,
S2_Table,benchmark_variants,cell,17101317,identifier,Hum Mutat 29:1355 (PMID 18951462); Ollila 2006 Gastroenterology (PMID 17101317) | -0.09 | 2.04 | 0.96 | - | fold_msh2_msh6_model,not a result value,0,
S2_Table,benchmark_variants,cell,2,item_ref,imer | msh2 | G674R | Pathogenic | No modeled lesion | Tier 2 | inconsistent | X/X/X/X/X | binding | E3 | MSH6,not a result value,0,
S2_Table,benchmark_variants,cell,2021,year,nding preserved by co-IP; MMR lost via Walker-A ATPase defect | Jia 2021 | 3.99 | 2.89 | 0.97 | - | fold_msh2_msh6_model_0,not a result value,0,
S2_Table,benchmark_variants,cell,2,item_ref,erodimer | msh2 | N127S | Benign | No modeled lesion | Tier 2 | consistent | X/C/C/C/C | binding | E3 | MSH6 IP,not a result value,0,
S2_Table,benchmark_variants,cell,2008,year,"binding | E3 | MSH6 IP, bandshift and MMR all WT-like | Ollila 2008 Hum Mutat 29:1355 (PMID 18951462); Ollila 2006 Gastroentero",not a result value,0,
S2_Table,benchmark_variants,cell,18951462,identifier,bandshift and MMR all WT-like | Ollila 2008 Hum Mutat 29:1355 (PMID 18951462); Ollila 2006 Gastroenterology (PMID 17101317) | 1.48 |,not a result value,0,
S2_Table,benchmark_variants,cell,2006,year,all WT-like | Ollila 2008 Hum Mutat 29:1355 (PMID 18951462); Ollila 2006 Gastroenterology (PMID 17101317) | 1.48 | -0.03 | 0.9,not a result value,0,
S2_Table,benchmark_variants,cell,17101317,identifier,Hum Mutat 29:1355 (PMID 18951462); Ollila 2006 Gastroenterology (PMID 17101317) | 1.48 | -0.03 | 0.96 | - | fold_msh2_msh6_model,not a result value,0,
S2_Table,benchmark_variants,cell,2,item_ref,"K | Pathogenic (gain of function) | Interface disruption | Tier 2 | partial | P/P/P/P/P | binding, monomer | E3/E5 |",not a result value,0,
S2_Table,benchmark_variants,cell,2008,year,nferred; helical-domain hotspot taken as fold-neutral | Zhao & Vogt 2008 PNAS | 0.01 | 3.15 | -0.62 | - | fold_pik3ca_pik3,not a result value,0,
S2_Table,benchmark_variants,cell,2,item_ref,"K | Pathogenic (gain of function) | Interface disruption | Tier 2 | inconsistent | C/C/X/X/X | binding, monomer | E3/",not a result value,0,
S2_Table,benchmark_variants,cell,2008,year,nferred; helical-domain hotspot taken as fold-neutral | Zhao & Vogt 2008 PNAS | 0.18 | 1.89 | -4.63 | - | fold_pik3ca_pik3,not a result value,0,
S2_Table,benchmark_variants,cell,2,item_ref,"047R | Pathogenic (gain of function) | No modeled lesion | Tier 2 | consistent | X/X/X/C/C | binding, fold_complex, mon",not a result value,0,
S2_Table,benchmark_variants,cell,2009,year,onomer fold; No subunit-stability assay; token inferred | Mandelker 2009 | -1.59 | 2.32 | -0.39 | - | fold_pik3ca_pik3r1_m,not a result value,0,
S2_Table,benchmark_variants,cell,4,item_ref,"5alpha | pik3r1 | M326I | Benign | No modeled lesion | Tier 4 | consistent | C/C/C/C/C | binding, fold_complex, mon",not a result value,0,
S2_Table,benchmark_variants,cell,2,item_ref,"ha | pik3r1 | N564D | Pathogenic | No modeled lesion | Tier 2 | inconsistent | X/X/X/X/X | binding, fold_complex, m",not a result value,0,
S2_Table,benchmark_variants,cell,2009,year,mer fold; No subunit-stability assay; token inferred | Wu / Jaiswal 2009 | 2.13 | 3.73 | 3.10 | - | fold_pik3ca_pik3r1_mod,not a result value,0,
S2_Table,benchmark_variants,cell,1,item_ref,| smad4 | D351H | Pathogenic | Interface disruption | Tier 1 | partial | P/P/P/P/P | binding | E3 | Abolished,not a result value,0,
S2_Table,benchmark_variants,cell,2004,year,E3 | Abolished phospho-Smad2/3 interaction by co-IP | De Bosscher 2004 (co-IP) | 12.11 | 10.69 | 0.22 | - | fold_smad4_s,not a result value,0,
S2_Table,benchmark_variants,cell,2,item_ref,500T | Pathogenic (gain of function) | No modeled lesion | Tier 2 | consistent | X/X/C/C/C | none committed | - | W,not a result value,0,
S2_Table,benchmark_variants,cell,3,item_ref,500V | Pathogenic (gain of function) | No modeled lesion | Tier 3 | consistent | C/C/C/C/C | none committed | - | W,not a result value,0,
S2_Table,benchmark_variants,cell,1,item_ref,| smad4 | R361C | Pathogenic | Interface disruption | Tier 1 | consistent | C/C/C/C/C | binding | E3 | Complet,not a result value,0,
S2_Table,benchmark_variants,cell,2021,year,inding | E3 | Completely abolished R-Smad interaction | Lanauze 2021 (co-IP) | 2.75 | 7.43 | 3.61 | - | fold_smad4_sma,not a result value,0,
S2_Table,benchmark_variants,cell,4,item_ref,"oponin C | tnni3 | P82S | Benign | No modeled lesion | Tier 4 | consistent | C/C/C/C/C | binding, fold_complex, mon",not a result value,0,
S2_Table,benchmark_variants,cell,2008,year,r | E4 | AF ~3% African-American: benign by frequency | Frazier 2008; gnomAD | 0.66 | 0.47 | 0 | - | fold_tnni3_tnnc1_,not a result value,0,
S2_Table,benchmark_variants,cell,3,item_ref,n C | tnni3 | R145G | Pathogenic | No modeled lesion | Tier 3 | inconsistent | X/X/X/X/X | binding | E2 | EC50,not a result value,0,
S2_Table,benchmark_variants,cell,2000,year,"y potency, actin affinity unchanged -- interface retained | Elliott 2000 JBC 275:22069; Takahashi / Kimura 2001 (PMID 11735257) |",not a result value,0,
S2_Table,benchmark_variants,cell,2001,year,interface retained | Elliott 2000 JBC 275:22069; Takahashi / Kimura 2001 (PMID 11735257) | 2.03 | 3.69 | 0.76 | - | fold_t,not a result value,0,
S2_Table,benchmark_variants,cell,11735257,identifier,etained | Elliott 2000 JBC 275:22069; Takahashi / Kimura 2001 (PMID 11735257) | 2.03 | 3.69 | 0.76 | - | fold_tnni3_tnnc1_mode,not a result value,0,
S2_Table,benchmark_variants,cell,3,item_ref,n C | tnni3 | R145Q | Pathogenic | No modeled lesion | Tier 3 | inconsistent | X/X/X/X/C | binding | E2 | Same,not a result value,0,
S2_Table,benchmark_variants,cell,2001,year,"ass as R145G: reduced inhibition, actin affinity unchanged | Kimura 2001 (PMID 11735257) | 0.45 | 2.53 | 0.64 | - | fold_t",not a result value,0,
S2_Table,benchmark_variants,cell,11735257,identifier,"G: reduced inhibition, actin affinity unchanged | Kimura 2001 (PMID 11735257) | 0.45 | 2.53 | 0.64 | - | fold_tnni3_tnnc1_mode",not a result value,0,
S2_Table,benchmark_variants,cell,2,item_ref,"| R162W | Pathogenic | Interface, magnitude uncommitted | Tier 2 | ungraded | -/-/-/-/- | none committed | - | No",not a result value,0,
S2_Table,benchmark_variants,cell,2,item_ref,"in C | vhl | L158Q | Pathogenic | Fold and interface | Tier 2 | consistent | C/C/C/C/P | binding, fold_complex |",not a result value,0,
S2_Table,benchmark_variants,cell,1999,year,"g, fold_complex | E3 | Disrupts VCB complex assembly | Stebbins 1999 Science | -0.19 | 2.91 | 2.85 | - | fold_vhl_tceb",not a result value,0,
S2_Table,benchmark_variants,cell,1,item_ref,elongin C | vhl | W117R | Pathogenic | Not committed | Tier 1 | ungraded | -/-/-/-/- | none committed | - | No,not a result value,0,
S2_Table,benchmark_variants,cell,2,item_ref,"ngin C | vhl | Y98H | Pathogenic | No modeled lesion | Tier 2 | consistent | X/C/C/C/C | binding, fold_complex |",not a result value,0,
S2_Table,benchmark_variants,cell,2000,year,"ng is abolished (beta-domain HIF face, not the ElonginC face) | Ohh 2000 | 1.28 | 1.25 | 0 | - | fold_vhl_tceb1_model_0.pd",not a result value,0,
S2_Table,benchmark_variants,cell,2,item_ref,"Ib alpha | vwf | A1381T | Benign | No modeled lesion | Tier 2 | consistent | C/C/C/C/C | binding, fold_complex, mon",not a result value,0,
S2_Table,benchmark_variants,cell,2025,year,"r fold; Natively folded, WT-like Tm | Tischer / Moon-Tasson / Auton 2025 J Thromb Haemost 23(4):1215-1228 (PMID 39756657); CD/DSC +",not a result value,0,
S2_Table,benchmark_variants,cell,39756657,identifier,her / Moon-Tasson / Auton 2025 J Thromb Haemost 23(4):1215-1228 (PMID 39756657); CD/DSC + SPR + shear-flow | -0.1 | -0.11 | -0.00 |,not a result value,0,
S2_Table,benchmark_variants,cell,1,item_ref,"a | vwf | R1334Q | Pathogenic | Interface disruption | Tier 1 | partial | P/P/P/P/P | binding, fold_complex, monome",not a result value,0,
S2_Table,benchmark_variants,cell,2025,year,below the destabilization threshold | Tischer / Moon-Tasson / Auton 2025 J Thromb Haemost 23(4):1215-1228 (PMID 39756657); CD/DSC +,not a result value,0,
S2_Table,benchmark_variants,cell,39756657,identifier,her / Moon-Tasson / Auton 2025 J Thromb Haemost 23(4):1215-1228 (PMID 39756657); CD/DSC + SPR + shear-flow | 0.01 | 4.73 | 4.11 |,not a result value,0,
S2_Table,context_comparators,cell,1,item_ref,Full Tier 1-2 screen | 17/4 | 12/13 | 0.810 | 0.520 | 0.586,not a result value,0,
S3_Table,tier_distribution,cell,1,item_ref,Tier 1 | 11 | 2 | 11/13 = 0.846,not a result value,0,
S3_Table,tier_distribution,cell,2,item_ref,Tier 2 | 6 | 10 | 6/16 = 0.375,not a result value,0,
S3_Table,tier_distribution,cell,3,identifier,Tiers 3-4 | 4 | 13 | 4/17 = 0.235,not a result value,0,
S3_Table,detection_metrics,cell,1,item_ref,perating point | Any energetic firing | Convergent: energy + Tier 1-2,not a result value,0,
manuscript,Abstract,para,61,value,"periment. We evaluated both against a literature-curated benchmark of 61 variants in 14 protein systems, experimental or predicted w",traced to record,33,COMAVI_audit_summary.json/denominators/n_rows
manuscript,Abstract,para,14,value,"aluated both against a literature-curated benchmark of 61 variants in 14 protein systems, experimental or predicted with AlphaFold 3",traced to record,119,COMAVI_audit_gate_sweep.csv::firing_strong_structural
manuscript,Abstract,para,3,value,"iants in 14 protein systems, experimental or predicted with AlphaFold 3, in which every expected effect carries a written evidence",traced to record,586,COMAVI_alphamissense_thresholded_accuracy.json/thresholded_all/ambiguous_resolved[0]/gene
manuscript,Abstract,para,2.5,value,oring the assembled complex is what made most lesions visible: at the 2.5 kcal/mol reference threshold the isolated-subunit axis alon,traced to record,109,COMAVI_audit_calibration_inversion.csv::direct_regression_estimate
manuscript,Abstract,para,7,value,"kcal/mol reference threshold the isolated-subunit axis alone detected 7 of the 29 variants with a committed structural mechanism, a",traced to record,191,COMAVI_audit_calibration_inversion.csv::fieller_hi
manuscript,Abstract,para,29,value,"reference threshold the isolated-subunit axis alone detected 7 of the 29 variants with a committed structural mechanism, and the thr",traced to record,96,COMAVI_detection_vs_attribution.json/attribution/n
manuscript,Abstract,para,20,value,"committed structural mechanism, and the three axes together detected 20, at a cost of three further calls among 27 no-lesion varian",traced to record,70,COMAVI_audit_summary.json/asymmetry_bound/n_pathogenic
manuscript,Abstract,para,27,value,"ree axes together detected 20, at a cost of three further calls among 27 no-lesion variants. The mechanism-pattern score was 37.0 of",traced to record,63,COMAVI_detection_vs_attribution.json/correct_rejection/n
manuscript,Abstract,para,37.0,value,er calls among 27 no-lesion variants. The mechanism-pattern score was 37.0 of 56 graded variants (0.661) against 0.482 for the stronge,traced to record,29,COMAVI_alphamissense_thresholded_accuracy.json/population/clinically_pathogenic
manuscript,Abstract,para,56,value,among 27 no-lesion variants. The mechanism-pattern score was 37.0 of 56 graded variants (0.661) against 0.482 for the strongest tri,traced to record,39,COMAVI_audit_calibration_inversion.csv::n
manuscript,Abstract,para,0.661,value,"variants. The mechanism-pattern score was 37.0 of 56 graded variants (0.661) against 0.482 for the strongest trivial strategy, but the",traced to record,15,COMAVI_detection_vs_attribution.json/headline_score/mean
manuscript,Abstract,para,0.482,value,"echanism-pattern score was 37.0 of 56 graded variants (0.661) against 0.482 for the strongest trivial strategy, but the axis the litera",traced to record,16,COMAVI_operating_point_diagnostics.json/paired_bootstrap/recovery/t15/ci95[0]
manuscript,Abstract,para,14,value,"ivial strategy, but the axis the literature implicates fired for only 14 of the 29. Across the prespecified range of 1.0 to 2.5 kcal",traced to record,119,COMAVI_audit_gate_sweep.csv::firing_strong_structural
manuscript,Abstract,para,29,value,"tegy, but the axis the literature implicates fired for only 14 of the 29. Across the prespecified range of 1.0 to 2.5 kcal/mol, stri",traced to record,96,COMAVI_detection_vs_attribution.json/attribution/n
manuscript,Abstract,para,1.0,value,"licates fired for only 14 of the 29. Across the prespecified range of 1.0 to 2.5 kcal/mol, stringency left detection nearly unchanged",traced to record,1486,COMAVI_alphamissense_thresholded_accuracy.json/confident_calls/errors[0]/am_pathogenicity
manuscript,Abstract,para,2.5,value,"fired for only 14 of the 29. Across the prespecified range of 1.0 to 2.5 kcal/mol, stringency left detection nearly unchanged, lower",traced to record,109,COMAVI_audit_calibration_inversion.csv::direct_regression_estimate
manuscript,Abstract,para,0.48,value,"t rejection. Predicted energies ranked measured effects (Spearman ρ = 0.48, n = 63) but compressed their size (slope 0.42). The priori",traced to record,54,COMAVI_audit_summary.json/tradeoff_bootstrap/variant_boot_recall_ci[2][0]
manuscript,Abstract,para,63,value,"n. Predicted energies ranked measured effects (Spearman ρ = 0.48, n = 63) but compressed their size (slope 0.42). The priority score",traced to record,10,COMAVI_audit_summary.json/R3_model_free/n_calibration_points
manuscript,Abstract,para,0.42,value,"effects (Spearman ρ = 0.48, n = 63) but compressed their size (slope 0.42). The priority score placed 17 of 21 structural mechanisms",traced to record,30,COMAVI_delta_calibration_points.csv::d_pred
manuscript,Abstract,para,17,value,63) but compressed their size (slope 0.42). The priority score placed 17 of 21 structural mechanisms in the top 20 of 46 ranked vari,traced to record,60,COMAVI_audit_gate_sweep.csv::firing_strong_n
manuscript,Abstract,para,21,value,t compressed their size (slope 0.42). The priority score placed 17 of 21 structural mechanisms in the top 20 of 46 ranked variants.,traced to record,70,COMAVI_audit_summary.json/R2_lability/n_labile
manuscript,Abstract,para,20,value,. The priority score placed 17 of 21 structural mechanisms in the top 20 of 46 ranked variants. Use the priority score to choose var,traced to record,70,COMAVI_audit_summary.json/asymmetry_bound/n_pathogenic
manuscript,Abstract,para,46,value,"priority score placed 17 of 21 structural mechanisms in the top 20 of 46 ranked variants. Use the priority score to choose variants,",traced to record,47,COMAVI_audit_tier_gradient_loso.csv::n
manuscript,Author summary,para,61,value,"alone and in the assembled group, to tell them apart. We tested it on 61 changes in 14 protein systems whose effects published exper",traced to record,33,COMAVI_audit_summary.json/denominators/n_rows
manuscript,Author summary,para,14,value,"he assembled group, to tell them apart. We tested it on 61 changes in 14 protein systems whose effects published experiments have al",traced to record,119,COMAVI_audit_gate_sweep.csv::firing_strong_structural
manuscript,Author summary,para,7,value,ve already established. Judging the protein alone found the damage in 7 of 29 disruptive changes; judging the assembled group found,traced to record,191,COMAVI_audit_calibration_inversion.csv::fieller_hi
manuscript,Author summary,para,29,value,ready established. Judging the protein alone found the damage in 7 of 29 disruptive changes; judging the assembled group found 20. O,traced to record,96,COMAVI_detection_vs_attribution.json/attribution/n
manuscript,Author summary,para,20,value,"mage in 7 of 29 disruptive changes; judging the assembled group found 20. Of the 56 we could grade, its predictions fully matched th",traced to record,70,COMAVI_audit_summary.json/asymmetry_bound/n_pathogenic
manuscript,Author summary,para,56,value,"f 29 disruptive changes; judging the assembled group found 20. Of the 56 we could grade, its predictions fully matched the published",traced to record,39,COMAVI_audit_calibration_inversion.csv::n
manuscript,Author summary,para,32,value,"could grade, its predictions fully matched the published evidence for 32 and partly for 10 more, and in a ranked list of 46 it place",traced to record,36,COMAVI_alphamissense_thresholded_accuracy.json/population/am_class_counts/likely_pathogenic
manuscript,Author summary,para,10,value,"redictions fully matched the published evidence for 32 and partly for 10 more, and in a ranked list of 46 it placed 17 of the 21 tru",traced to record,112,COMAVI_audit_lability.csv::max_abs_ddg
manuscript,Author summary,para,46,value,"ished evidence for 32 and partly for 10 more, and in a ranked list of 46 it placed 17 of the 21 truly disruptive ones in the top 20.",traced to record,47,COMAVI_audit_tier_gradient_loso.csv::n
manuscript,Author summary,para,17,value,"e for 32 and partly for 10 more, and in a ranked list of 46 it placed 17 of the 21 truly disruptive ones in the top 20. Its main wea",traced to record,60,COMAVI_audit_gate_sweep.csv::firing_strong_n
manuscript,Author summary,para,21,value,"nd partly for 10 more, and in a ranked list of 46 it placed 17 of the 21 truly disruptive ones in the top 20. Its main weakness was",traced to record,70,COMAVI_audit_summary.json/R2_lability/n_labile
manuscript,Author summary,para,20,value,ed list of 46 it placed 17 of the 21 truly disruptive ones in the top 20. Its main weakness was naming the wrong problem: it often b,traced to record,70,COMAVI_audit_summary.json/asymmetry_bound/n_pathogenic
manuscript,Introduction,para,3,value,ntexts apart instead of merging them into one impact score. AlphaFold 3 and the Boltz models now predict complex structures for mos,traced to record,586,COMAVI_alphamissense_thresholded_accuracy.json/thresholded_all/ambiguous_resolved[0]/gene
manuscript,Introduction,para,4,value,is comparison possible at scale where no experimental complex exists [4–6]; how much the source of the model matters is itself a re,traced to record,468,COMAVI_alphamissense_thresholded_accuracy.json/population/am_class_counts/ambiguous
manuscript,Introduction,para,6,value,comparison possible at scale where no experimental complex exists [4–6]; how much the source of the model matters is itself a resu,traced to record,251,COMAVI_alphamissense_thresholded_accuracy.json/confident_calls/errors[2]/variant
manuscript,Introduction,para,7,value,Several tools place variants on experimental or predicted structures [7–13]. Two frameworks consider both the monomeric and the ass,traced to record,191,COMAVI_audit_calibration_inversion.csv::fieller_hi
manuscript,Introduction,para,13,value,veral tools place variants on experimental or predicted structures [7–13]. Two frameworks consider both the monomeric and the assemb,traced to record,68,COMAVI_audit_gate_sweep.csv::firing_strong_structural
manuscript,Introduction,para,16,value,"been benchmarked against measured energies and deep mutational scans [16–23], but such benchmarks score energies, not the identifica",traced to record,76,COMAVI_audit_gate_sweep.csv::firing_strong_n
manuscript,Introduction,para,23,value,"n benchmarked against measured energies and deep mutational scans [16–23], but such benchmarks score energies, not the identificatio",traced to record,48,COMAVI_audit_gate_sweep.csv::firing_strong_n
manuscript,Introduction,para,61,value,"ss predicted to be disrupted. To test both, we curated a benchmark of 61 variants in 14 protein systems in which every expected effe",traced to record,33,COMAVI_audit_summary.json/denominators/n_rows
manuscript,Introduction,para,14,value,"be disrupted. To test both, we curated a benchmark of 61 variants in 14 protein systems in which every expected effect is tied to a",traced to record,119,COMAVI_audit_gate_sweep.csv::firing_strong_structural
manuscript,Every expectation in the benchmark carries its evidence,para,61,value,The benchmark contains 61 missense variants in 14 protein systems (Table 1): 49 varia,traced to record,33,COMAVI_audit_summary.json/denominators/n_rows
manuscript,Every expectation in the benchmark carries its evidence,para,14,value,The benchmark contains 61 missense variants in 14 protein systems (Table 1): 49 variants in 13 multi-chain co,traced to record,119,COMAVI_audit_gate_sweep.csv::firing_strong_structural
manuscript,Every expectation in the benchmark carries its evidence,para,49,value,chmark contains 61 missense variants in 14 protein systems (Table 1): 49 variants in 13 multi-chain complexes and 12 in the tandem B,traced to record,20,COMAVI_alphamissense_thresholded_accuracy.json/population/with_am_class
manuscript,Every expectation in the benchmark carries its evidence,para,13,value,61 missense variants in 14 protein systems (Table 1): 49 variants in 13 multi-chain complexes and 12 in the tandem BRCA1 C-terminal,traced to record,68,COMAVI_audit_gate_sweep.csv::firing_strong_structural
manuscript,Every expectation in the benchmark carries its evidence,para,12,value,"rotein systems (Table 1): 49 variants in 13 multi-chain complexes and 12 in the tandem BRCA1 C-terminal (BRCT) domain, a single-chai",traced to record,132,COMAVI_alphamissense_thresholded_accuracy.json/population/clinically_benign
manuscript,Every expectation in the benchmark carries its evidence,para,5.1,value,"stablish how each variant acts, and all energies throughout are FoldX 5.1 predictions (Methods). Together they span the mechanisms CO",traced to record,13,COMAVI_delta_calibration_points.csv::foldx_ddg
manuscript,Every expectation in the benchmark carries its evidence,para,25,value,ry literature defines the expected direction on each applicable axis [25–58]. Each of the 99 committed expectations is recorded with,traced to record,57,COMAVI_audit_model_free_recall.csv::missed
manuscript,Every expectation in the benchmark carries its evidence,para,58,value,literature defines the expected direction on each applicable axis [25–58]. Each of the 99 committed expectations is recorded with it,traced to record,7,COMAVI_measured_effect_tables.json/call_relationships/sensitivity_excluding_glu73/classes[2]/examples[2]
manuscript,Every expectation in the benchmark carries its evidence,para,99,value,"s the expected direction on each applicable axis [25–58]. Each of the 99 committed expectations is recorded with its evidence class,",traced to record,28,COMAVI_evidence_ledger_summary.json/n_committed_axes
manuscript,Every expectation in the benchmark carries its evidence,table,12,value,BRCA1 BRCT tandem domain | BRCA1 | 12 | 10 | – | PDB 1JNX,traced to record,132,COMAVI_alphamissense_thresholded_accuracy.json/population/clinically_benign
manuscript,Every expectation in the benchmark carries its evidence,table,10,value,BRCA1 BRCT tandem domain | BRCA1 | 12 | 10 | – | PDB 1JNX,traced to record,112,COMAVI_audit_lability.csv::max_abs_ddg
manuscript,Every expectation in the benchmark carries its evidence,table,4,value,BRCA1–BARD1 RING heterodimer | BRCA1 | 4 | 4 | 2 | PDB 1JM7,traced to record,468,COMAVI_alphamissense_thresholded_accuracy.json/population/am_class_counts/ambiguous
manuscript,Every expectation in the benchmark carries its evidence,table,4,value,BRCA1–BARD1 RING heterodimer | BRCA1 | 4 | 4 | 2 | PDB 1JM7,traced to record,468,COMAVI_alphamissense_thresholded_accuracy.json/population/am_class_counts/ambiguous
manuscript,Every expectation in the benchmark carries its evidence,table,2,value,BRCA1–BARD1 RING heterodimer | BRCA1 | 4 | 4 | 2 | PDB 1JM7,traced to record,676,COMAVI_alphamissense_thresholded_accuracy.json/population/am_class_counts/unavailable
manuscript,Every expectation in the benchmark carries its evidence,table,3,value,Calmodulin–CaV1.2 IQ domain | CALM1 | 3 | 3 | 3 | AlphaFold 3 model,traced to record,586,COMAVI_alphamissense_thresholded_accuracy.json/thresholded_all/ambiguous_resolved[0]/gene
manuscript,Every expectation in the benchmark carries its evidence,table,3,value,Calmodulin–CaV1.2 IQ domain | CALM1 | 3 | 3 | 3 | AlphaFold 3 model,traced to record,586,COMAVI_alphamissense_thresholded_accuracy.json/thresholded_all/ambiguous_resolved[0]/gene
manuscript,Every expectation in the benchmark carries its evidence,table,3,value,Calmodulin–CaV1.2 IQ domain | CALM1 | 3 | 3 | 3 | AlphaFold 3 model,traced to record,586,COMAVI_alphamissense_thresholded_accuracy.json/thresholded_all/ambiguous_resolved[0]/gene
manuscript,Every expectation in the benchmark carries its evidence,table,3,value,Calmodulin–CaV1.2 IQ domain | CALM1 | 3 | 3 | 3 | AlphaFold 3 model,traced to record,586,COMAVI_alphamissense_thresholded_accuracy.json/thresholded_all/ambiguous_resolved[0]/gene
manuscript,Every expectation in the benchmark carries its evidence,table,3,value,Complement factor H–C3b | CFH | 3 | 3 | 2 | PDB 2WII,traced to record,586,COMAVI_alphamissense_thresholded_accuracy.json/thresholded_all/ambiguous_resolved[0]/gene
manuscript,Every expectation in the benchmark carries its evidence,table,3,value,Complement factor H–C3b | CFH | 3 | 3 | 2 | PDB 2WII,traced to record,586,COMAVI_alphamissense_thresholded_accuracy.json/thresholded_all/ambiguous_resolved[0]/gene
manuscript,Every expectation in the benchmark carries its evidence,table,2,value,Complement factor H–C3b | CFH | 3 | 3 | 2 | PDB 2WII,traced to record,676,COMAVI_alphamissense_thresholded_accuracy.json/population/am_class_counts/unavailable
manuscript,Every expectation in the benchmark carries its evidence,table,1,value,Hemoglobin α–β dimer | HBB | 1 | 1 | 1 | PDB 2HHB,traced to record,2314,COMAVI_alphamissense_thresholded_accuracy.json/confident_calls/accuracy
manuscript,Every expectation in the benchmark carries its evidence,table,1,value,Hemoglobin α–β dimer | HBB | 1 | 1 | 1 | PDB 2HHB,traced to record,2314,COMAVI_alphamissense_thresholded_accuracy.json/confident_calls/accuracy
manuscript,Every expectation in the benchmark carries its evidence,table,1,value,Hemoglobin α–β dimer | HBB | 1 | 1 | 1 | PDB 2HHB,traced to record,2314,COMAVI_alphamissense_thresholded_accuracy.json/confident_calls/accuracy
manuscript,Every expectation in the benchmark carries its evidence,table,5,value,Hemoglobin tetramer | HBB | 5 | 5 | 5 | PDB 2HHB,traced to record,264,COMAVI_audit_calibration_inversion.csv::fieller_hi
manuscript,Every expectation in the benchmark carries its evidence,table,5,value,Hemoglobin tetramer | HBB | 5 | 5 | 5 | PDB 2HHB,traced to record,264,COMAVI_audit_calibration_inversion.csv::fieller_hi
manuscript,Every expectation in the benchmark carries its evidence,table,5,value,Hemoglobin tetramer | HBB | 5 | 5 | 5 | PDB 2HHB,traced to record,264,COMAVI_audit_calibration_inversion.csv::fieller_hi
manuscript,Every expectation in the benchmark carries its evidence,table,3,value,KRAS–RAF1 RAS-binding domain | KRAS | 3 | 3 | 3 | PDB 6XI7,traced to record,586,COMAVI_alphamissense_thresholded_accuracy.json/thresholded_all/ambiguous_resolved[0]/gene
manuscript,Every expectation in the benchmark carries its evidence,table,3,value,KRAS–RAF1 RAS-binding domain | KRAS | 3 | 3 | 3 | PDB 6XI7,traced to record,586,COMAVI_alphamissense_thresholded_accuracy.json/thresholded_all/ambiguous_resolved[0]/gene
manuscript,Every expectation in the benchmark carries its evidence,table,3,value,KRAS–RAF1 RAS-binding domain | KRAS | 3 | 3 | 3 | PDB 6XI7,traced to record,586,COMAVI_alphamissense_thresholded_accuracy.json/thresholded_all/ambiguous_resolved[0]/gene
manuscript,Every expectation in the benchmark carries its evidence,table,7,value,MLH1–PMS2 C-terminal heterodimer | MLH1/PMS2 | 7 | 7 | 3 | AlphaFold 3 model,traced to record,191,COMAVI_audit_calibration_inversion.csv::fieller_hi
manuscript,Every expectation in the benchmark carries its evidence,table,7,value,MLH1–PMS2 C-terminal heterodimer | MLH1/PMS2 | 7 | 7 | 3 | AlphaFold 3 model,traced to record,191,COMAVI_audit_calibration_inversion.csv::fieller_hi
manuscript,Every expectation in the benchmark carries its evidence,table,3,value,MLH1–PMS2 C-terminal heterodimer | MLH1/PMS2 | 7 | 7 | 3 | AlphaFold 3 model,traced to record,586,COMAVI_alphamissense_thresholded_accuracy.json/thresholded_all/ambiguous_resolved[0]/gene
manuscript,Every expectation in the benchmark carries its evidence,table,3,value,C-terminal heterodimer | MLH1/PMS2 | 7 | 7 | 3 | AlphaFold 3 model,traced to record,586,COMAVI_alphamissense_thresholded_accuracy.json/thresholded_all/ambiguous_resolved[0]/gene
manuscript,Every expectation in the benchmark carries its evidence,table,5,value,MSH2–MSH6 heterodimer | MSH2 | 5 | 4 | 3 | AlphaFold 3 model,traced to record,264,COMAVI_audit_calibration_inversion.csv::fieller_hi
manuscript,Every expectation in the benchmark carries its evidence,table,4,value,MSH2–MSH6 heterodimer | MSH2 | 5 | 4 | 3 | AlphaFold 3 model,traced to record,468,COMAVI_alphamissense_thresholded_accuracy.json/population/am_class_counts/ambiguous
manuscript,Every expectation in the benchmark carries its evidence,table,3,value,MSH2–MSH6 heterodimer | MSH2 | 5 | 4 | 3 | AlphaFold 3 model,traced to record,586,COMAVI_alphamissense_thresholded_accuracy.json/thresholded_all/ambiguous_resolved[0]/gene
manuscript,Every expectation in the benchmark carries its evidence,table,3,value,MSH2–MSH6 heterodimer | MSH2 | 5 | 4 | 3 | AlphaFold 3 model,traced to record,586,COMAVI_alphamissense_thresholded_accuracy.json/thresholded_all/ambiguous_resolved[0]/gene
manuscript,Every expectation in the benchmark carries its evidence,table,5,value,PI3K p110α–p85α | PIK3CA/PIK3R1 | 5 | 5 | 4 | AlphaFold 3 model,traced to record,264,COMAVI_audit_calibration_inversion.csv::fieller_hi
manuscript,Every expectation in the benchmark carries its evidence,table,5,value,PI3K p110α–p85α | PIK3CA/PIK3R1 | 5 | 5 | 4 | AlphaFold 3 model,traced to record,264,COMAVI_audit_calibration_inversion.csv::fieller_hi
manuscript,Every expectation in the benchmark carries its evidence,table,4,value,PI3K p110α–p85α | PIK3CA/PIK3R1 | 5 | 5 | 4 | AlphaFold 3 model,traced to record,468,COMAVI_alphamissense_thresholded_accuracy.json/population/am_class_counts/ambiguous
manuscript,Every expectation in the benchmark carries its evidence,table,3,value,PI3K p110α–p85α | PIK3CA/PIK3R1 | 5 | 5 | 4 | AlphaFold 3 model,traced to record,586,COMAVI_alphamissense_thresholded_accuracy.json/thresholded_all/ambiguous_resolved[0]/gene
manuscript,Every expectation in the benchmark carries its evidence,table,4,value,SMAD4–SMAD3 MH2 complex | SMAD4 | 4 | 4 | 4 | AlphaFold 3 model,traced to record,468,COMAVI_alphamissense_thresholded_accuracy.json/population/am_class_counts/ambiguous
manuscript,Every expectation in the benchmark carries its evidence,table,4,value,SMAD4–SMAD3 MH2 complex | SMAD4 | 4 | 4 | 4 | AlphaFold 3 model,traced to record,468,COMAVI_alphamissense_thresholded_accuracy.json/population/am_class_counts/ambiguous
manuscript,Every expectation in the benchmark carries its evidence,table,4,value,SMAD4–SMAD3 MH2 complex | SMAD4 | 4 | 4 | 4 | AlphaFold 3 model,traced to record,468,COMAVI_alphamissense_thresholded_accuracy.json/population/am_class_counts/ambiguous
manuscript,Every expectation in the benchmark carries its evidence,table,3,value,SMAD4–SMAD3 MH2 complex | SMAD4 | 4 | 4 | 4 | AlphaFold 3 model,traced to record,586,COMAVI_alphamissense_thresholded_accuracy.json/thresholded_all/ambiguous_resolved[0]/gene
manuscript,Every expectation in the benchmark carries its evidence,table,4,value,Troponin I–troponin C | TNNI3 | 4 | 3 | 3 | AlphaFold 3 model,traced to record,468,COMAVI_alphamissense_thresholded_accuracy.json/population/am_class_counts/ambiguous
manuscript,Every expectation in the benchmark carries its evidence,table,3,value,Troponin I–troponin C | TNNI3 | 4 | 3 | 3 | AlphaFold 3 model,traced to record,586,COMAVI_alphamissense_thresholded_accuracy.json/thresholded_all/ambiguous_resolved[0]/gene
manuscript,Every expectation in the benchmark carries its evidence,table,3,value,Troponin I–troponin C | TNNI3 | 4 | 3 | 3 | AlphaFold 3 model,traced to record,586,COMAVI_alphamissense_thresholded_accuracy.json/thresholded_all/ambiguous_resolved[0]/gene
manuscript,Every expectation in the benchmark carries its evidence,table,3,value,Troponin I–troponin C | TNNI3 | 4 | 3 | 3 | AlphaFold 3 model,traced to record,586,COMAVI_alphamissense_thresholded_accuracy.json/thresholded_all/ambiguous_resolved[0]/gene
manuscript,Every expectation in the benchmark carries its evidence,table,3,value,VHL–elongin C | VHL | 3 | 2 | 3 | AlphaFold 3 model,traced to record,586,COMAVI_alphamissense_thresholded_accuracy.json/thresholded_all/ambiguous_resolved[0]/gene
manuscript,Every expectation in the benchmark carries its evidence,table,2,value,VHL–elongin C | VHL | 3 | 2 | 3 | AlphaFold 3 model,traced to record,676,COMAVI_alphamissense_thresholded_accuracy.json/population/am_class_counts/unavailable
manuscript,Every expectation in the benchmark carries its evidence,table,3,value,VHL–elongin C | VHL | 3 | 2 | 3 | AlphaFold 3 model,traced to record,586,COMAVI_alphamissense_thresholded_accuracy.json/thresholded_all/ambiguous_resolved[0]/gene
manuscript,Every expectation in the benchmark carries its evidence,table,3,value,VHL–elongin C | VHL | 3 | 2 | 3 | AlphaFold 3 model,traced to record,586,COMAVI_alphamissense_thresholded_accuracy.json/thresholded_all/ambiguous_resolved[0]/gene
manuscript,Every expectation in the benchmark carries its evidence,table,2,value,VWF A1–GPIbα | VWF | 2 | 2 | 1 | PDB 1SQ0,traced to record,676,COMAVI_alphamissense_thresholded_accuracy.json/population/am_class_counts/unavailable
manuscript,Every expectation in the benchmark carries its evidence,table,2,value,VWF A1–GPIbα | VWF | 2 | 2 | 1 | PDB 1SQ0,traced to record,676,COMAVI_alphamissense_thresholded_accuracy.json/population/am_class_counts/unavailable
manuscript,Every expectation in the benchmark carries its evidence,table,1,value,VWF A1–GPIbα | VWF | 2 | 2 | 1 | PDB 1SQ0,traced to record,2314,COMAVI_alphamissense_thresholded_accuracy.json/confident_calls/accuracy
manuscript,Every expectation in the benchmark carries its evidence,table,61,value,Total | | 61 | 56 | 37 |,traced to record,33,COMAVI_audit_summary.json/denominators/n_rows
manuscript,Every expectation in the benchmark carries its evidence,table,56,value,Total | | 61 | 56 | 37 |,traced to record,39,COMAVI_audit_calibration_inversion.csv::n
manuscript,Every expectation in the benchmark carries its evidence,table,37,value,Total | | 61 | 56 | 37 |,traced to record,46,COMAVI_alphamissense_thresholded_accuracy.json/population/clinically_pathogenic
manuscript,Every expectation in the benchmark carries its evidence,para,59,value,l structures are identified by their Protein Data Bank (PDB) entries [59–64]; the other systems used AlphaFold 3 models.,traced to record,11,COMAVI_measured_effect_tables.json/call_relationships/classes[1]/examples[1]
manuscript,Every expectation in the benchmark carries its evidence,para,64,value,tructures are identified by their Protein Data Bank (PDB) entries [59–64]; the other systems used AlphaFold 3 models.,traced to record,34,COMAVI_evidence_ledger_summary.json/by_directness/direct
manuscript,Every expectation in the benchmark carries its evidence,para,3,value,ein Data Bank (PDB) entries [59–64]; the other systems used AlphaFold 3 models.,traced to record,586,COMAVI_alphamissense_thresholded_accuracy.json/thresholded_all/ambiguous_resolved[0]/gene
manuscript,Every expectation in the benchmark carries its evidence,para,61,value,"Three nested populations serve different claims. All 61 variants receive COMAVI outputs. Of these, 56 are graded ag",traced to record,33,COMAVI_audit_summary.json/denominators/n_rows
manuscript,Every expectation in the benchmark carries its evidence,para,56,value,"e different claims. All 61 variants receive COMAVI outputs. Of these, 56 are graded against an expected mechanism: 29 carry a commit",traced to record,39,COMAVI_audit_calibration_inversion.csv::n
manuscript,Every expectation in the benchmark carries its evidence,para,29,value,"OMAVI outputs. Of these, 56 are graded against an expected mechanism: 29 carry a committed structural mechanism and 27 are curated t",traced to record,96,COMAVI_detection_vs_attribution.json/attribution/n
manuscript,Every expectation in the benchmark carries its evidence,para,27,value,"an expected mechanism: 29 carry a committed structural mechanism and 27 are curated to carry no lesion on the modeled axes, which w",traced to record,63,COMAVI_detection_vs_attribution.json/correct_rejection/n
manuscript,Every expectation in the benchmark carries its evidence,para,56,value,"expectation on any modeled axis (S2 Table, model_scope sheet). Of the 56 graded variants, the 46 in complexes also carry a structura",traced to record,39,COMAVI_audit_calibration_inversion.csv::n
manuscript,Every expectation in the benchmark carries its evidence,para,46,value,"ed axis (S2 Table, model_scope sheet). Of the 56 graded variants, the 46 in complexes also carry a structural-context tier and form",traced to record,47,COMAVI_audit_tier_gradient_loso.csv::n
manuscript,Every expectation in the benchmark carries its evidence,para,21,value,y a structural-context tier and form the prioritization population of 21 structural-mechanism and 25 no-lesion variants. The 21 are,traced to record,70,COMAVI_audit_summary.json/R2_lability/n_labile
manuscript,Every expectation in the benchmark carries its evidence,para,25,value,and form the prioritization population of 21 structural-mechanism and 25 no-lesion variants. The 21 are a subset of the 29; the othe,traced to record,57,COMAVI_audit_model_free_recall.csv::missed
manuscript,Every expectation in the benchmark carries its evidence,para,21,value,population of 21 structural-mechanism and 25 no-lesion variants. The 21 are a subset of the 29; the other eight are BRCT fold mecha,traced to record,70,COMAVI_audit_summary.json/R2_lability/n_labile
manuscript,Every expectation in the benchmark carries its evidence,para,29,value,"tural-mechanism and 25 no-lesion variants. The 21 are a subset of the 29; the other eight are BRCT fold mechanisms, which have no pa",traced to record,96,COMAVI_detection_vs_attribution.json/attribution/n
manuscript,Every expectation in the benchmark carries its evidence,para,42,value,biophysical measurement far more often than a normal one does. Of the 42 expectations supported by quantitative evidence (classes E1,traced to record,38,COMAVI_audit_summary.json/cluster_bootstrap/seed
manuscript,Every expectation in the benchmark carries its evidence,para,28,value,"ions supported by quantitative evidence (classes E1 and E2; Methods), 28 are destabilizing; of the 57 supported by qualitative, popu",traced to record,33,COMAVI_cohort_composition_checks.json/structure_source/mechanism_pattern_score_at_2.5/AlphaFold 3/variants
manuscript,Every expectation in the benchmark carries its evidence,para,57,value,"e evidence (classes E1 and E2; Methods), 28 are destabilizing; of the 57 supported by qualitative, population or inferred evidence (",traced to record,37,COMAVI_audit_summary.json/R2_lability/grades_monotone_in_threshold
manuscript,Every expectation in the benchmark carries its evidence,para,8,value,"supported by qualitative, population or inferred evidence (E3 to E5), 8 are. All 9 population-supported and all 18 inferred expecta",traced to record,140,COMAVI_alphamissense_thresholded_accuracy.json/note
manuscript,Every expectation in the benchmark carries its evidence,para,9,value,"y qualitative, population or inferred evidence (E3 to E5), 8 are. All 9 population-supported and all 18 inferred expectations are n",traced to record,110,COMAVI_audit_model_free_recall.csv::missed
manuscript,Every expectation in the benchmark carries its evidence,para,18,value,"ferred evidence (E3 to E5), 8 are. All 9 population-supported and all 18 inferred expectations are neutral. Restricting the benchmar",traced to record,63,COMAVI_audit_model_free_recall.csv::missed
manuscript,Scoring the assembled complex is what makes most lesions v,para,2.5,value,mbled complex adds on the same variants at the same threshold. At the 2.5 kcal/mol reference the isolated-subunit axis alone reached,traced to record,109,COMAVI_audit_calibration_inversion.csv::direct_regression_estimate
manuscript,Scoring the assembled complex is what makes most lesions v,para,7,value,l reference the isolated-subunit axis alone reached the threshold for 7 of the 29 variants carrying a committed structural mechanis,traced to record,191,COMAVI_audit_calibration_inversion.csv::fieller_hi
manuscript,Scoring the assembled complex is what makes most lesions v,para,29,value,ce the isolated-subunit axis alone reached the threshold for 7 of the 29 variants carrying a committed structural mechanism; with th,traced to record,96,COMAVI_detection_vs_attribution.json/attribution/n
manuscript,Scoring the assembled complex is what makes most lesions v,para,20,value,mechanism; with the assembled-complex and binding axes the figure is 20. The 13 variants found only through the assembled axes are,traced to record,70,COMAVI_audit_summary.json/asymmetry_bound/n_pathogenic
manuscript,Scoring the assembled complex is what makes most lesions v,para,13,value,sm; with the assembled-complex and binding axes the figure is 20. The 13 variants found only through the assembled axes are 6 of the,traced to record,68,COMAVI_audit_gate_sweep.csv::firing_strong_structural
manuscript,Scoring the assembled complex is what makes most lesions v,para,6,value,"gure is 20. The 13 variants found only through the assembled axes are 6 of the 12 pure interface variants, 5 of the 6 mixed expecta",traced to record,251,COMAVI_alphamissense_thresholded_accuracy.json/confident_calls/errors[2]/variant
manuscript,Scoring the assembled complex is what makes most lesions v,para,12,value,"0. The 13 variants found only through the assembled axes are 6 of the 12 pure interface variants, 5 of the 6 mixed expectations and",traced to record,132,COMAVI_alphamissense_thresholded_accuracy.json/population/clinically_benign
manuscript,Scoring the assembled complex is what makes most lesions v,para,5,value,"y through the assembled axes are 6 of the 12 pure interface variants, 5 of the 6 mixed expectations and 2 fold mechanisms, drawn fr",traced to record,264,COMAVI_audit_calibration_inversion.csv::fieller_hi
manuscript,Scoring the assembled complex is what makes most lesions v,para,6,value,"the assembled axes are 6 of the 12 pure interface variants, 5 of the 6 mixed expectations and 2 fold mechanisms, drawn from 7 of t",traced to record,251,COMAVI_alphamissense_thresholded_accuracy.json/confident_calls/errors[2]/variant
manuscript,Scoring the assembled complex is what makes most lesions v,para,2,value,"of the 12 pure interface variants, 5 of the 6 mixed expectations and 2 fold mechanisms, drawn from 7 of the 13 complexes. Among th",traced to record,676,COMAVI_alphamissense_thresholded_accuracy.json/population/am_class_counts/unavailable
manuscript,Scoring the assembled complex is what makes most lesions v,para,7,value,"ants, 5 of the 6 mixed expectations and 2 fold mechanisms, drawn from 7 of the 13 complexes. Among the 21 structural mechanisms tha",traced to record,191,COMAVI_audit_calibration_inversion.csv::fieller_hi
manuscript,Scoring the assembled complex is what makes most lesions v,para,13,value,"f the 6 mixed expectations and 2 fold mechanisms, drawn from 7 of the 13 complexes. Among the 21 structural mechanisms that sit in a",traced to record,68,COMAVI_audit_gate_sweep.csv::firing_strong_structural
manuscript,Scoring the assembled complex is what makes most lesions v,para,21,value,"ns and 2 fold mechanisms, drawn from 7 of the 13 complexes. Among the 21 structural mechanisms that sit in a complex the contrast is",traced to record,70,COMAVI_audit_summary.json/R2_lability/n_labile
manuscript,Scoring the assembled complex is what makes most lesions v,para,2,value,"structural mechanisms that sit in a complex the contrast is starker, 2 against 15. The cost is three further calls on no-lesion va",traced to record,676,COMAVI_alphamissense_thresholded_accuracy.json/population/am_class_counts/unavailable
manuscript,Scoring the assembled complex is what makes most lesions v,para,15,value,"l mechanisms that sit in a complex the contrast is starker, 2 against 15. The cost is three further calls on no-lesion variants: cor",traced to record,98,COMAVI_audit_calibration_inversion.csv::n
manuscript,Scoring the assembled complex is what makes most lesions v,para,25,value,ree further calls on no-lesion variants: correct rejection falls from 25 of 27 to 22. At the 1.0 kcal/mol screening default the same,traced to record,57,COMAVI_audit_model_free_recall.csv::missed
manuscript,Scoring the assembled complex is what makes most lesions v,para,27,value,rther calls on no-lesion variants: correct rejection falls from 25 of 27 to 22. At the 1.0 kcal/mol screening default the same compa,traced to record,63,COMAVI_detection_vs_attribution.json/correct_rejection/n
manuscript,Scoring the assembled complex is what makes most lesions v,para,22,value,calls on no-lesion variants: correct rejection falls from 25 of 27 to 22. At the 1.0 kcal/mol screening default the same comparison,traced to record,76,COMAVI_audit_summary.json/predictive_value/firing_pathogenic
manuscript,Scoring the assembled complex is what makes most lesions v,para,1.0,value,-lesion variants: correct rejection falls from 25 of 27 to 22. At the 1.0 kcal/mol screening default the same comparison gives 12 aga,traced to record,1486,COMAVI_alphamissense_thresholded_accuracy.json/confident_calls/errors[0]/am_pathogenicity
manuscript,Scoring the assembled complex is what makes most lesions v,para,12,value,"o 22. At the 1.0 kcal/mol screening default the same comparison gives 12 against 24 detected and 17 against 12 rejected, so the asse",traced to record,132,COMAVI_alphamissense_thresholded_accuracy.json/population/clinically_benign
manuscript,Scoring the assembled complex is what makes most lesions v,para,24,value,"e 1.0 kcal/mol screening default the same comparison gives 12 against 24 detected and 17 against 12 rejected, so the assembled axes",traced to record,57,COMAVI_evidence_stratified_agreement.json/stratified/per_token/destab/quant_n
manuscript,Scoring the assembled complex is what makes most lesions v,para,17,value,"creening default the same comparison gives 12 against 24 detected and 17 against 12 rejected, so the assembled axes carry most of th",traced to record,60,COMAVI_audit_gate_sweep.csv::firing_strong_n
manuscript,Scoring the assembled complex is what makes most lesions v,para,12,value,"fault the same comparison gives 12 against 24 detected and 17 against 12 rejected, so the assembled axes carry most of the detection",traced to record,132,COMAVI_alphamissense_thresholded_accuracy.json/population/clinically_benign
manuscript,Scoring the assembled complex is what makes most lesions v,para,0.93,value,. Complement factor H R78G barely changes isolated-subunit stability (0.93 kcal/mol) but is predicted to weaken binding to C3b by 6.12,traced to record,34,COMAVI_delta_calibration_points.csv::d_meas
manuscript,Scoring the assembled complex is what makes most lesions v,para,6.12,value,"tability (0.93 kcal/mol) but is predicted to weaken binding to C3b by 6.12 kcal/mol, consistent with a measured rise in dissociation c",traced to record,17,COMAVI_audit_lability.csv::max_abs_ddg
manuscript,Scoring the assembled complex is what makes most lesions v,para,10,value,"al/mol, consistent with a measured rise in dissociation constant from 10–14 μM to more than 35 μM . Von Willebrand factor R1334Q le",traced to record,112,COMAVI_audit_lability.csv::max_abs_ddg
manuscript,Scoring the assembled complex is what makes most lesions v,para,14,value,"mol, consistent with a measured rise in dissociation constant from 10–14 μM to more than 35 μM . Von Willebrand factor R1334Q leave",traced to record,119,COMAVI_audit_gate_sweep.csv::firing_strong_structural
manuscript,Scoring the assembled complex is what makes most lesions v,para,35,value,h a measured rise in dissociation constant from 10–14 μM to more than 35 μM . Von Willebrand factor R1334Q leaves the isolated A1 d,traced to record,58,COMAVI_audit_model_free_recall.csv::caught
manuscript,Scoring the assembled complex is what makes most lesions v,para,0.01,value,Von Willebrand factor R1334Q leaves the isolated A1 domain unchanged (0.01 kcal/mol) but weakens binding to GPIbα by 4.11 kcal/mol; th,traced to record,136,COMAVI_audit_gate_sweep.csv::firing_fisher_p
manuscript,Scoring the assembled complex is what makes most lesions v,para,4.11,value,"d A1 domain unchanged (0.01 kcal/mol) but weakens binding to GPIbα by 4.11 kcal/mol; the purified A1 domain is natively folded, binds",traced to record,12,chd_concordance_results_FIXED.csv::ddg_fold_rock2
manuscript,Scoring the assembled complex is what makes most lesions v,para,4.88,value,"t. In both, however, the assembled-complex stability axis also fires (4.88 and 4.73 kcal/mol) where the literature implies an intact f",traced to record,5,"cohort_tables/COMAVI_TableS1_variants.csv::Predicted DDG, in complex (kcal/mol)"
manuscript,Scoring the assembled complex is what makes most lesions v,para,4.73,value,"h, however, the assembled-complex stability axis also fires (4.88 and 4.73 kcal/mol) where the literature implies an intact fold, so b",traced to record,15,COMAVI_audit_lability.csv::max_abs_ddg
manuscript,Scoring the assembled complex is what makes most lesions v,para,1,value,"Each graded variant received a three-level grade: 1 when COMAVI recovered the expected combination of effects,",traced to record,2314,COMAVI_alphamissense_thresholded_accuracy.json/confident_calls/accuracy
manuscript,Scoring the assembled complex is what makes most lesions v,para,0.5,value,"l grade: 1 when COMAVI recovered the expected combination of effects, 0.5 when it partly recovered a multi-axis pattern, and 0 otherw",traced to record,322,COMAVI_alphamissense_thresholded_accuracy.json/thresholded_all/ambiguous_resolved[0]/am_pathogenicity
manuscript,Scoring the assembled complex is what makes most lesions v,para,0,value,"on of effects, 0.5 when it partly recovered a multi-axis pattern, and 0 otherwise. Table 2 defines this mechanism-pattern score and",traced to record,2747,COMAVI_alphamissense_thresholded_accuracy.json/confident_calls/errors[2]/am_pathogenicity
manuscript,Scoring the assembled complex is what makes most lesions v,para,2.5,value,"mechanism-pattern score and every other metric reported below. At the 2.5 kcal/mol (10.5 kJ/mol) reference threshold, the mechanism-p",traced to record,109,COMAVI_audit_calibration_inversion.csv::direct_regression_estimate
manuscript,Scoring the assembled complex is what makes most lesions v,para,10.5,value,"ern score and every other metric reported below. At the 2.5 kcal/mol (10.5 kJ/mol) reference threshold, the mechanism-pattern score wa",traced to record,2,chd_concordance_results_FIXED.csv::contact_disruption
manuscript,Scoring the assembled complex is what makes most lesions v,para,37.0,value,"ol (10.5 kJ/mol) reference threshold, the mechanism-pattern score was 37.0 of 56 (0.661). To judge this value, we graded every trivial",traced to record,29,COMAVI_alphamissense_thresholded_accuracy.json/population/clinically_pathogenic
manuscript,Scoring the assembled complex is what makes most lesions v,para,56,value,"kJ/mol) reference threshold, the mechanism-pattern score was 37.0 of 56 (0.661). To judge this value, we graded every trivial fixed",traced to record,39,COMAVI_audit_calibration_inversion.csv::n
manuscript,Scoring the assembled complex is what makes most lesions v,para,0.661,value,"mol) reference threshold, the mechanism-pattern score was 37.0 of 56 (0.661). To judge this value, we graded every trivial fixed strate",traced to record,15,COMAVI_detection_vs_attribution.json/headline_score/mean
manuscript,Scoring the assembled complex is what makes most lesions v,para,0.482,value,"he same variants. The strongest, calling every variant silent, scores 0.482 by accepting all no-lesion variants and missing every mecha",traced to record,16,COMAVI_operating_point_diagnostics.json/paired_bootstrap/recovery/t15/ci95[0]
manuscript,Scoring the assembled complex is what makes most lesions v,para,0.438,value,"nt destabilized on both the assembled-complex and binding axes scores 0.438, and permuting the ground truth gives a mean of 0.464 (stan",traced to record,10,COMAVI_audit_operating_points.csv::rejection_silent
manuscript,Scoring the assembled complex is what makes most lesions v,para,0.464,value,"ing axes scores 0.438, and permuting the ground truth gives a mean of 0.464 (standard deviation 0.051; p = 0.0005; S2 Text). COMAVI exc",traced to record,4,COMAVI_numbers_ledger.json/stress_permutation/MC_null_mean
manuscript,Scoring the assembled complex is what makes most lesions v,para,0.051,value,permuting the ground truth gives a mean of 0.464 (standard deviation 0.051; p = 0.0005; S2 Text). COMAVI exceeds the best trivial stra,traced to record,12,COMAVI_audit_gate_sweep.csv::firing_fisher_p_bh
manuscript,Scoring the assembled complex is what makes most lesions v,para,0.0005,value,the ground truth gives a mean of 0.464 (standard deviation 0.051; p = 0.0005; S2 Text). COMAVI exceeds the best trivial strategy by 0.17,traced to record,14,COMAVI_numbers_ledger.json/stress_permutation/p
manuscript,Scoring the assembled complex is what makes most lesions v,para,0.179,value,51; p = 0.0005; S2 Text). COMAVI exceeds the best trivial strategy by 0.179. Because the strongest trivial strategy scores exactly the,traced to record,11,COMAVI_rubric_baselines.json/best_trivial_strategy/margin_over_best_trivial
manuscript,Scoring the assembled complex is what makes most lesions v,para,95,value,"oss cohorts of different composition. Resampling whole systems puts a 95% interval of −0.058 to 0.373 on that margin, which includes",traced to record,8,chd_concordance_collapsed.csv::best_plddt
manuscript,Scoring the assembled complex is what makes most lesions v,para,0.058,value,"fferent composition. Resampling whole systems puts a 95% interval of −0.058 to 0.373 on that margin, which includes zero: on 14 cluster",traced to record,13,chd_concordance_collapsed.csv::AlphaMissense_score
manuscript,Scoring the assembled complex is what makes most lesions v,para,0.373,value,"omposition. Resampling whole systems puts a 95% interval of −0.058 to 0.373 on that margin, which includes zero: on 14 clustered system",traced to record,2,chd_isds_v1/chd_concordance_prioritized.csv::isds_energy_ratio_uncapped
manuscript,Scoring the assembled complex is what makes most lesions v,para,14,value,"% interval of −0.058 to 0.373 on that margin, which includes zero: on 14 clustered systems the benchmark establishes the direction o",traced to record,119,COMAVI_audit_gate_sweep.csv::firing_strong_structural
manuscript,Scoring the assembled complex is what makes most lesions v,table,1.0,value,Metric | Population | What it counts | 1.0 | 1.5 | 2.0 | 2.5 | Bound,traced to record,1486,COMAVI_alphamissense_thresholded_accuracy.json/confident_calls/errors[0]/am_pathogenicity
manuscript,Scoring the assembled complex is what makes most lesions v,table,1.5,value,Metric | Population | What it counts | 1.0 | 1.5 | 2.0 | 2.5 | Bound,traced to record,105,COMAVI_audit_calibration_inversion.csv::fieller_hi
manuscript,Scoring the assembled complex is what makes most lesions v,table,2.0,value,Metric | Population | What it counts | 1.0 | 1.5 | 2.0 | 2.5 | Bound,traced to record,501,COMAVI_alphamissense_thresholded_accuracy.json/population/am_class_counts/unavailable
manuscript,Scoring the assembled complex is what makes most lesions v,table,2.5,value,Metric | Population | What it counts | 1.0 | 1.5 | 2.0 | 2.5 | Bound,traced to record,109,COMAVI_audit_calibration_inversion.csv::direct_regression_estimate
manuscript,Scoring the assembled complex is what makes most lesions v,table,56,value,Mechanism-pattern score | 56 graded variants | Mean whole-variant grade | 0.562 |,traced to record,39,COMAVI_audit_calibration_inversion.csv::n
manuscript,Scoring the assembled complex is what makes most lesions v,table,0.562,value,pattern score | 56 graded variants | Mean whole-variant grade | 0.562 | 0.616 | 0.652 | 0.661 | 0.652,traced to record,20,COMAVI_audit_summary.json/tradeoff_bootstrap/variant_boot_reject_ci[2][0]
manuscript,Scoring the assembled complex is what makes most lesions v,table,0.616,value,ore | 56 graded variants | Mean whole-variant grade | 0.562 | 0.616 | 0.652 | 0.661 | 0.652,traced to record,17,COMAVI_per_variant_audit.csv::am
manuscript,Scoring the assembled complex is what makes most lesions v,table,0.652,value,graded variants | Mean whole-variant grade | 0.562 | 0.616 | 0.652 | 0.661 | 0.652,traced to record,32,COMAVI_numbers_ledger.json/SA_by_axis/tier[2]
manuscript,Scoring the assembled complex is what makes most lesions v,table,0.661,value,riants | Mean whole-variant grade | 0.562 | 0.616 | 0.652 | 0.661 | 0.652,traced to record,15,COMAVI_detection_vs_attribution.json/headline_score/mean
manuscript,Scoring the assembled complex is what makes most lesions v,table,0.652,value,Mean whole-variant grade | 0.562 | 0.616 | 0.652 | 0.661 | 0.652,traced to record,32,COMAVI_numbers_ledger.json/SA_by_axis/tier[2]
manuscript,Scoring the assembled complex is what makes most lesions v,table,29,value,Structural arm | 29 structural-mechanism variants | Mean grade of variants ex,traced to record,96,COMAVI_detection_vs_attribution.json/attribution/n
manuscript,Scoring the assembled complex is what makes most lesions v,table,0.672,value,sm variants | Mean grade of variants expected to carry a lesion | 0.672 | 0.638 | 0.569 | 0.517 | 0.466,traced to record,5,COMAVI_operating_point_diagnostics.json/point_estimates/t10/recovery
manuscript,Scoring the assembled complex is what makes most lesions v,table,0.638,value,s | Mean grade of variants expected to carry a lesion | 0.672 | 0.638 | 0.569 | 0.517 | 0.466,traced to record,5,COMAVI_operating_point_diagnostics.json/point_estimates/t15/recovery
manuscript,Scoring the assembled complex is what makes most lesions v,table,0.569,value,grade of variants expected to carry a lesion | 0.672 | 0.638 | 0.569 | 0.517 | 0.466,traced to record,5,COMAVI_operating_point_diagnostics.json/point_estimates/t20/recovery
manuscript,Scoring the assembled complex is what makes most lesions v,table,0.517,value,variants expected to carry a lesion | 0.672 | 0.638 | 0.569 | 0.517 | 0.466,traced to record,9,COMAVI_operating_point_diagnostics.json/point_estimates/t25/recovery
manuscript,Scoring the assembled complex is what makes most lesions v,table,0.466,value,xpected to carry a lesion | 0.672 | 0.638 | 0.569 | 0.517 | 0.466,traced to record,11,COMAVI_delta_calibration_points.csv::absdelta
manuscript,Scoring the assembled complex is what makes most lesions v,table,27,value,No-lesion arm | 27 no-lesion variants | Mean grade of variants expected to b,traced to record,63,COMAVI_detection_vs_attribution.json/correct_rejection/n
manuscript,Scoring the assembled complex is what makes most lesions v,table,0.444,value,-lesion variants | Mean grade of variants expected to be silent | 0.444 | 0.593 | 0.741 | 0.815 | 0.852,traced to record,8,COMAVI_operating_point_diagnostics.json/point_estimates/t10/correct_rejection
manuscript,Scoring the assembled complex is what makes most lesions v,table,0.593,value,riants | Mean grade of variants expected to be silent | 0.444 | 0.593 | 0.741 | 0.815 | 0.852,traced to record,7,COMAVI_operating_point_diagnostics.json/point_estimates/t15/correct_rejection
manuscript,Scoring the assembled complex is what makes most lesions v,table,0.741,value,Mean grade of variants expected to be silent | 0.444 | 0.593 | 0.741 | 0.815 | 0.852,traced to record,11,COMAVI_operating_point_diagnostics.json/point_estimates/t20/correct_rejection
manuscript,Scoring the assembled complex is what makes most lesions v,table,0.815,value,e of variants expected to be silent | 0.444 | 0.593 | 0.741 | 0.815 | 0.852,traced to record,11,COMAVI_detection_vs_attribution.json/correct_rejection/rate
manuscript,Scoring the assembled complex is what makes most lesions v,table,0.852,value,nts expected to be silent | 0.444 | 0.593 | 0.741 | 0.815 | 0.852,traced to record,13,COMAVI_operating_point_diagnostics.json/point_estimates/tSAP/correct_rejection
manuscript,Scoring the assembled complex is what makes most lesions v,table,29,value,Detection | 29 structural-mechanism variants | Any axis reaches the thre,traced to record,96,COMAVI_detection_vs_attribution.json/attribution/n
manuscript,Scoring the assembled complex is what makes most lesions v,table,0.828,value,structural-mechanism variants | Any axis reaches the threshold | 0.828 | 0.724 | 0.724 | 0.690 | 0.621,traced to record,5,COMAVI_threshold_sweep.csv::detection
manuscript,Scoring the assembled complex is what makes most lesions v,table,0.724,value,l-mechanism variants | Any axis reaches the threshold | 0.828 | 0.724 | 0.724 | 0.690 | 0.621,traced to record,12,COMAVI_operating_point_diagnostics.json/paired_bootstrap/correct_rejection/tSAP/ci95[0]
manuscript,Scoring the assembled complex is what makes most lesions v,table,0.724,value,m variants | Any axis reaches the threshold | 0.828 | 0.724 | 0.724 | 0.690 | 0.621,traced to record,12,COMAVI_operating_point_diagnostics.json/paired_bootstrap/correct_rejection/tSAP/ci95[0]
manuscript,Scoring the assembled complex is what makes most lesions v,table,0.690,value,| Any axis reaches the threshold | 0.828 | 0.724 | 0.724 | 0.690 | 0.621,traced to record,23,COMAVI_audit_summary.json/cluster_bootstrap/rejection_tSAP_ci[0]
manuscript,Scoring the assembled complex is what makes most lesions v,table,0.621,value,xis reaches the threshold | 0.828 | 0.724 | 0.724 | 0.690 | 0.621,traced to record,12,COMAVI_threshold_sweep.csv::attribution
manuscript,Scoring the assembled complex is what makes most lesions v,table,29,value,"Detection, isolated subunit only | 29 structural-mechanism variants | The isolated-subunit axis",traced to record,96,COMAVI_detection_vs_attribution.json/attribution/n
manuscript,Scoring the assembled complex is what makes most lesions v,table,0.414,value,ariants | The isolated-subunit axis alone reaches the threshold | 0.414 | 0.345 | 0.310 | 0.241 | 0.172,traced to record,23,COMAVI_audit_calibration_inversion.csv::r2
manuscript,Scoring the assembled complex is what makes most lesions v,table,0.345,value,The isolated-subunit axis alone reaches the threshold | 0.414 | 0.345 | 0.310 | 0.241 | 0.172,traced to record,10,COMAVI_threshold_sweep.csv::detection_isolated
manuscript,Scoring the assembled complex is what makes most lesions v,table,0.310,value,ated-subunit axis alone reaches the threshold | 0.414 | 0.345 | 0.310 | 0.241 | 0.172,traced to record,10,COMAVI_threshold_sweep.csv::detection_isolated
manuscript,Scoring the assembled complex is what makes most lesions v,table,0.241,value,it axis alone reaches the threshold | 0.414 | 0.345 | 0.310 | 0.241 | 0.172,traced to record,7,COMAVI_detection_vs_attribution.json/isolated_subunit_only/detection/rate
manuscript,Scoring the assembled complex is what makes most lesions v,table,0.172,value,one reaches the threshold | 0.414 | 0.345 | 0.310 | 0.241 | 0.172,traced to record,10,COMAVI_threshold_sweep.csv::detection_isolated
manuscript,Scoring the assembled complex is what makes most lesions v,table,29,value,Attribution | 29 structural-mechanism variants | The axis the literature i,traced to record,96,COMAVI_detection_vs_attribution.json/attribution/n
manuscript,Scoring the assembled complex is what makes most lesions v,table,0.621,value,ants | The axis the literature implicates reaches the threshold | 0.621 | 0.586 | 0.552 | 0.483 | 0.414,traced to record,12,COMAVI_threshold_sweep.csv::attribution
manuscript,Scoring the assembled complex is what makes most lesions v,table,0.586,value,he axis the literature implicates reaches the threshold | 0.621 | 0.586 | 0.552 | 0.483 | 0.414,traced to record,7,COMAVI_threshold_sweep.csv::attribution
manuscript,Scoring the assembled complex is what makes most lesions v,table,0.552,value,e literature implicates reaches the threshold | 0.621 | 0.586 | 0.552 | 0.483 | 0.414,traced to record,10,COMAVI_threshold_sweep.csv::attribution
manuscript,Scoring the assembled complex is what makes most lesions v,table,0.483,value,re implicates reaches the threshold | 0.621 | 0.586 | 0.552 | 0.483 | 0.414,traced to record,6,COMAVI_threshold_sweep.csv::attribution
manuscript,Scoring the assembled complex is what makes most lesions v,table,0.414,value,tes reaches the threshold | 0.621 | 0.586 | 0.552 | 0.483 | 0.414,traced to record,23,COMAVI_audit_calibration_inversion.csv::r2
manuscript,Scoring the assembled complex is what makes most lesions v,table,27,value,Correct rejection | 27 no-lesion variants | No axis reaches the threshold | 0.,traced to record,63,COMAVI_detection_vs_attribution.json/correct_rejection/n
manuscript,Scoring the assembled complex is what makes most lesions v,table,0.444,value,ction | 27 no-lesion variants | No axis reaches the threshold | 0.444 | 0.593 | 0.741 | 0.815 | 0.852,traced to record,8,COMAVI_operating_point_diagnostics.json/point_estimates/t10/correct_rejection
manuscript,Scoring the assembled complex is what makes most lesions v,table,0.593,value,27 no-lesion variants | No axis reaches the threshold | 0.444 | 0.593 | 0.741 | 0.815 | 0.852,traced to record,7,COMAVI_operating_point_diagnostics.json/point_estimates/t15/correct_rejection
manuscript,Scoring the assembled complex is what makes most lesions v,table,0.741,value,on variants | No axis reaches the threshold | 0.444 | 0.593 | 0.741 | 0.815 | 0.852,traced to record,11,COMAVI_operating_point_diagnostics.json/point_estimates/t20/correct_rejection
manuscript,Scoring the assembled complex is what makes most lesions v,table,0.815,value,s | No axis reaches the threshold | 0.444 | 0.593 | 0.741 | 0.815 | 0.852,traced to record,11,COMAVI_detection_vs_attribution.json/correct_rejection/rate
manuscript,Scoring the assembled complex is what makes most lesions v,table,0.852,value,xis reaches the threshold | 0.444 | 0.593 | 0.741 | 0.815 | 0.852,traced to record,13,COMAVI_operating_point_diagnostics.json/point_estimates/tSAP/correct_rejection
manuscript,Scoring the assembled complex is what makes most lesions v,table,27,value,"Correct rejection, isolated subunit only | 27 no-lesion variants | The isolated-subunit axis alone does",traced to record,63,COMAVI_detection_vs_attribution.json/correct_rejection/n
manuscript,Scoring the assembled complex is what makes most lesions v,table,0.630,value,| The isolated-subunit axis alone does not reach the threshold | 0.630 | 0.741 | 0.852 | 0.926 | 0.926,traced to record,4,COMAVI_threshold_sweep.csv::correct_rejection_isolated
manuscript,Scoring the assembled complex is what makes most lesions v,table,0.741,value,solated-subunit axis alone does not reach the threshold | 0.630 | 0.741 | 0.852 | 0.926 | 0.926,traced to record,11,COMAVI_operating_point_diagnostics.json/point_estimates/t20/correct_rejection
manuscript,Scoring the assembled complex is what makes most lesions v,table,0.852,value,bunit axis alone does not reach the threshold | 0.630 | 0.741 | 0.852 | 0.926 | 0.926,traced to record,13,COMAVI_operating_point_diagnostics.json/point_estimates/tSAP/correct_rejection
manuscript,Scoring the assembled complex is what makes most lesions v,table,0.926,value,alone does not reach the threshold | 0.630 | 0.741 | 0.852 | 0.926 | 0.926,traced to record,13,COMAVI_detection_vs_attribution.json/isolated_subunit_only/correct_rejection/rate
manuscript,Scoring the assembled complex is what makes most lesions v,table,0.926,value,s not reach the threshold | 0.630 | 0.741 | 0.852 | 0.926 | 0.926,traced to record,13,COMAVI_detection_vs_attribution.json/isolated_subunit_only/correct_rejection/rate
manuscript,Scoring the assembled complex is what makes most lesions v,table,77,value,"Direction agreement, energy axes | 77 axis expectations | Call matches the committed direction",traced to record,14,chd_concordance_collapsed.csv::best_plddt
manuscript,Scoring the assembled complex is what makes most lesions v,table,0.675,value,| 77 axis expectations | Call matches the committed direction | 0.675 | 0.714 | 0.727 | 0.727 | 0.701,"derived from record (sum of axis_*_k / axis_*_n in COMAVI_threshold_sweep.json, t10 = 52/77)",0,
manuscript,Scoring the assembled complex is what makes most lesions v,table,0.714,value,s expectations | Call matches the committed direction | 0.675 | 0.714 | 0.727 | 0.727 | 0.701,traced to record,21,COMAVI_audit_lability.csv::max_abs_ddg
manuscript,Scoring the assembled complex is what makes most lesions v,table,0.727,value,ions | Call matches the committed direction | 0.675 | 0.714 | 0.727 | 0.727 | 0.701,traced to record,11,COMAVI_delta_calibration_points.csv::foldx_ddg
manuscript,Scoring the assembled complex is what makes most lesions v,table,0.727,value,all matches the committed direction | 0.675 | 0.714 | 0.727 | 0.727 | 0.701,traced to record,11,COMAVI_delta_calibration_points.csv::foldx_ddg
manuscript,Scoring the assembled complex is what makes most lesions v,table,0.701,value,s the committed direction | 0.675 | 0.714 | 0.727 | 0.727 | 0.701,traced to record,6,COMAVI_delta_calibration_points.csv::absdelta
manuscript,Scoring the assembled complex is what makes most lesions v,table,46,value,"Direction agreement, tier | 46 variants | Tier 1–2 matches the committed structural clas",traced to record,47,COMAVI_audit_tier_gradient_loso.csv::n
manuscript,Scoring the assembled complex is what makes most lesions v,table,2,value,"Direction agreement, tier | 46 variants | Tier 1–2 matches the committed structural class | 0.652 | 0.652",traced to record,676,COMAVI_alphamissense_thresholded_accuracy.json/population/am_class_counts/unavailable
manuscript,Scoring the assembled complex is what makes most lesions v,table,0.652,value,46 variants | Tier 1–2 matches the committed structural class | 0.652 | 0.652 | 0.652 | 0.652 | 0.652,traced to record,32,COMAVI_numbers_ledger.json/SA_by_axis/tier[2]
manuscript,Scoring the assembled complex is what makes most lesions v,table,0.652,value,nts | Tier 1–2 matches the committed structural class | 0.652 | 0.652 | 0.652 | 0.652 | 0.652,traced to record,32,COMAVI_numbers_ledger.json/SA_by_axis/tier[2]
manuscript,Scoring the assembled complex is what makes most lesions v,table,0.652,value,er 1–2 matches the committed structural class | 0.652 | 0.652 | 0.652 | 0.652 | 0.652,traced to record,32,COMAVI_numbers_ledger.json/SA_by_axis/tier[2]
manuscript,Scoring the assembled complex is what makes most lesions v,table,0.652,value,ches the committed structural class | 0.652 | 0.652 | 0.652 | 0.652 | 0.652,traced to record,32,COMAVI_numbers_ledger.json/SA_by_axis/tier[2]
manuscript,Scoring the assembled complex is what makes most lesions v,table,0.652,value,ommitted structural class | 0.652 | 0.652 | 0.652 | 0.652 | 0.652,traced to record,32,COMAVI_numbers_ledger.json/SA_by_axis/tier[2]
manuscript,Scoring the assembled complex is what makes most lesions v,table,42,value,Measured destabilizations recovered | 42 measured comparisons | Measured ≥ 1.0 kcal/mol; predicted,traced to record,38,COMAVI_audit_summary.json/cluster_bootstrap/seed
manuscript,Scoring the assembled complex is what makes most lesions v,table,1.0,value,destabilizations recovered | 42 measured comparisons | Measured ≥ 1.0 kcal/mol; predicted ≥ threshold with the same sign | 0.64,traced to record,1486,COMAVI_alphamissense_thresholded_accuracy.json/confident_calls/errors[0]/am_pathogenicity
manuscript,Scoring the assembled complex is what makes most lesions v,table,0.643,value,Measured ≥ 1.0 kcal/mol; predicted ≥ threshold with the same sign | 0.643 | 0.548 | 0.429 | 0.286 | 0.262,traced to record,5,COMAVI_delta_calibration_points.csv::d_meas
manuscript,Scoring the assembled complex is what makes most lesions v,table,0.548,value,1.0 kcal/mol; predicted ≥ threshold with the same sign | 0.643 | 0.548 | 0.429 | 0.286 | 0.262,traced to record,4,COMAVI_measured_effect_tables.json/measured_effects_recovered/by_threshold[1]/fraction
manuscript,Scoring the assembled complex is what makes most lesions v,table,0.429,value,mol; predicted ≥ threshold with the same sign | 0.643 | 0.548 | 0.429 | 0.286 | 0.262,traced to record,5,COMAVI_audit_summary.json/tier_gradient/gradient[3]/frac
manuscript,Scoring the assembled complex is what makes most lesions v,table,0.286,value,cted ≥ threshold with the same sign | 0.643 | 0.548 | 0.429 | 0.286 | 0.262,traced to record,7,COMAVI_evidence_stratified_agreement.json/by_evidence_type/E2_quantitative_functional/rate
manuscript,Scoring the assembled complex is what makes most lesions v,table,0.262,value,eshold with the same sign | 0.643 | 0.548 | 0.429 | 0.286 | 0.262,traced to record,3,COMAVI_measured_effect_tables.json/measured_effects_recovered/by_threshold[4]/fraction
manuscript,Scoring the assembled complex is what makes most lesions v,table,46,value,Prioritization ROC AUC | 46 prioritization variants | A structural mechanism outranks,traced to record,47,COMAVI_audit_tier_gradient_loso.csv::n
manuscript,Scoring the assembled complex is what makes most lesions v,table,0.834,value,variants | A structural mechanism outranks a no-lesion variant | 0.834 | 0.834 | 0.834 | 0.834 | 0.834,traced to record,7,COMAVI_tier_construction.json/detection_auc/combined_zsum
manuscript,Scoring the assembled complex is what makes most lesions v,table,0.834,value,| A structural mechanism outranks a no-lesion variant | 0.834 | 0.834 | 0.834 | 0.834 | 0.834,traced to record,7,COMAVI_tier_construction.json/detection_auc/combined_zsum
manuscript,Scoring the assembled complex is what makes most lesions v,table,0.834,value,ctural mechanism outranks a no-lesion variant | 0.834 | 0.834 | 0.834 | 0.834 | 0.834,traced to record,7,COMAVI_tier_construction.json/detection_auc/combined_zsum
manuscript,Scoring the assembled complex is what makes most lesions v,table,0.834,value,hanism outranks a no-lesion variant | 0.834 | 0.834 | 0.834 | 0.834 | 0.834,traced to record,7,COMAVI_tier_construction.json/detection_auc/combined_zsum
manuscript,Scoring the assembled complex is what makes most lesions v,table,0.834,value,ranks a no-lesion variant | 0.834 | 0.834 | 0.834 | 0.834 | 0.834,traced to record,7,COMAVI_tier_construction.json/detection_auc/combined_zsum
manuscript,Scoring the assembled complex is what makes most lesions v,para,2.9,value,"thresholds (kcal/mol) and at the per-axis prediction-interval bound (2.9, 2.9 and 3.5 kcal/mol for isolated-subunit stability, assem",traced to record,81,COMAVI_audit_calibration_inversion.csv::foldx_t
manuscript,Scoring the assembled complex is what makes most lesions v,para,2.9,value,"sholds (kcal/mol) and at the per-axis prediction-interval bound (2.9, 2.9 and 3.5 kcal/mol for isolated-subunit stability, assembled-",traced to record,81,COMAVI_audit_calibration_inversion.csv::foldx_t
manuscript,Scoring the assembled complex is what makes most lesions v,para,3.5,value,"kcal/mol) and at the per-axis prediction-interval bound (2.9, 2.9 and 3.5 kcal/mol for isolated-subunit stability, assembled-complex",traced to record,71,COMAVI_audit_calibration_inversion.csv::fieller_hi
manuscript,Scoring the assembled complex is what makes most lesions v,para,0.517,value,combines two capabilities that behave differently. The grade averaged 0.517 over the 29 structural-mechanism variants and 0.815 over th,traced to record,9,COMAVI_operating_point_diagnostics.json/point_estimates/t25/recovery
manuscript,Scoring the assembled complex is what makes most lesions v,para,29,value,pabilities that behave differently. The grade averaged 0.517 over the 29 structural-mechanism variants and 0.815 over the 27 no-lesi,traced to record,96,COMAVI_detection_vs_attribution.json/attribution/n
manuscript,Scoring the assembled complex is what makes most lesions v,para,0.815,value,"he grade averaged 0.517 over the 29 structural-mechanism variants and 0.815 over the 27 no-lesion variants. Asked as binary questions,",traced to record,11,COMAVI_detection_vs_attribution.json/correct_rejection/rate
manuscript,Scoring the assembled complex is what makes most lesions v,para,27,value,"ed 0.517 over the 29 structural-mechanism variants and 0.815 over the 27 no-lesion variants. Asked as binary questions, the same cal",traced to record,63,COMAVI_detection_vs_attribution.json/correct_rejection/n
manuscript,Scoring the assembled complex is what makes most lesions v,para,20,value,"e calls give three rates. At least one axis reached the threshold for 20 of the 29 mechanisms (detection, 0.690), and the axis the l",traced to record,70,COMAVI_audit_summary.json/asymmetry_bound/n_pathogenic
manuscript,Scoring the assembled complex is what makes most lesions v,para,29,value,"ve three rates. At least one axis reached the threshold for 20 of the 29 mechanisms (detection, 0.690), and the axis the literature",traced to record,96,COMAVI_detection_vs_attribution.json/attribution/n
manuscript,Scoring the assembled complex is what makes most lesions v,para,0.690,value,"ne axis reached the threshold for 20 of the 29 mechanisms (detection, 0.690), and the axis the literature implicates reached it for 14",traced to record,23,COMAVI_audit_summary.json/cluster_bootstrap/rejection_tSAP_ci[0]
manuscript,Scoring the assembled complex is what makes most lesions v,para,14,value,"ection, 0.690), and the axis the literature implicates reached it for 14 (attribution, 0.483). No axis reached it for 22 of the 27 n",traced to record,119,COMAVI_audit_gate_sweep.csv::firing_strong_structural
manuscript,Scoring the assembled complex is what makes most lesions v,para,0.483,value,"nd the axis the literature implicates reached it for 14 (attribution, 0.483). No axis reached it for 22 of the 27 no-lesion variants (c",traced to record,6,COMAVI_threshold_sweep.csv::attribution
manuscript,Scoring the assembled complex is what makes most lesions v,para,22,value,"icates reached it for 14 (attribution, 0.483). No axis reached it for 22 of the 27 no-lesion variants (correct rejection, 0.815). Bi",traced to record,76,COMAVI_audit_summary.json/predictive_value/firing_pathogenic
manuscript,Scoring the assembled complex is what makes most lesions v,para,27,value,"ched it for 14 (attribution, 0.483). No axis reached it for 22 of the 27 no-lesion variants (correct rejection, 0.815). Binary attri",traced to record,63,COMAVI_detection_vs_attribution.json/correct_rejection/n
manuscript,Scoring the assembled complex is what makes most lesions v,para,0.815,value,"is reached it for 22 of the 27 no-lesion variants (correct rejection, 0.815). Binary attribution agrees with the graded structural arm",traced to record,11,COMAVI_detection_vs_attribution.json/correct_rejection/rate
manuscript,Scoring the assembled complex is what makes most lesions v,para,0.052,value,"). Binary attribution agrees with the graded structural arm to within 0.052 at every uniform threshold, so partial credit does not infl",traced to record,7,chd_concordance_results_FIXED.csv::ddg_fold_mdfi_sd
manuscript,Scoring the assembled complex is what makes most lesions v,para,4,value,"s curated as pure interface destabilizers, the binding axis fired for 4 and the assembled-complex stability axis for 7. The lesion",traced to record,468,COMAVI_alphamissense_thresholded_accuracy.json/population/am_class_counts/ambiguous
manuscript,Scoring the assembled complex is what makes most lesions v,para,7,value,binding axis fired for 4 and the assembled-complex stability axis for 7. The lesion was found but placed in the fold of the complex,traced to record,191,COMAVI_audit_calibration_inversion.csv::fieller_hi
manuscript,Scoring the assembled complex is what makes most lesions v,para,19,value,"Direction agreement was similar on the three axes: 19 of 26 expectations for isolated-subunit stability, 17 of 22",traced to record,44,COMAVI_audit_gate_sweep.csv::firing_strong_n
manuscript,Scoring the assembled complex is what makes most lesions v,para,26,value,"Direction agreement was similar on the three axes: 19 of 26 expectations for isolated-subunit stability, 17 of 22 for a",traced to record,69,COMAVI_audit_model_free_recall.csv::caught
manuscript,Scoring the assembled complex is what makes most lesions v,para,17,value,"the three axes: 19 of 26 expectations for isolated-subunit stability, 17 of 22 for assembled-complex stability and 20 of 29 for bind",traced to record,60,COMAVI_audit_gate_sweep.csv::firing_strong_n
manuscript,Scoring the assembled complex is what makes most lesions v,para,22,value,"ree axes: 19 of 26 expectations for isolated-subunit stability, 17 of 22 for assembled-complex stability and 20 of 29 for binding (5",traced to record,76,COMAVI_audit_summary.json/predictive_value/firing_pathogenic
manuscript,Scoring the assembled complex is what makes most lesions v,para,20,value,"lated-subunit stability, 17 of 22 for assembled-complex stability and 20 of 29 for binding (56 of 77 overall), rates spanning 0.083.",traced to record,70,COMAVI_audit_summary.json/asymmetry_bound/n_pathogenic
manuscript,Scoring the assembled complex is what makes most lesions v,para,29,value,"subunit stability, 17 of 22 for assembled-complex stability and 20 of 29 for binding (56 of 77 overall), rates spanning 0.083. The 4",traced to record,96,COMAVI_detection_vs_attribution.json/attribution/n
manuscript,Scoring the assembled complex is what makes most lesions v,para,56,value,"y, 17 of 22 for assembled-complex stability and 20 of 29 for binding (56 of 77 overall), rates spanning 0.083. The 46 complex varian",traced to record,39,COMAVI_audit_calibration_inversion.csv::n
manuscript,Scoring the assembled complex is what makes most lesions v,para,77,value,"of 22 for assembled-complex stability and 20 of 29 for binding (56 of 77 overall), rates spanning 0.083. The 46 complex variants and",traced to record,14,chd_concordance_collapsed.csv::best_plddt
manuscript,Scoring the assembled complex is what makes most lesions v,para,0.083,value,"stability and 20 of 29 for binding (56 of 77 overall), rates spanning 0.083. The 46 complex variants and the 10 BRCT variants scored si",traced to record,9,chd_concordance_collapsed.csv::AlphaMissense_score
manuscript,Scoring the assembled complex is what makes most lesions v,para,46,value,"nd 20 of 29 for binding (56 of 77 overall), rates spanning 0.083. The 46 complex variants and the 10 BRCT variants scored similarly",traced to record,47,COMAVI_audit_tier_gradient_loso.csv::n
manuscript,Scoring the assembled complex is what makes most lesions v,para,10,value,"of 77 overall), rates spanning 0.083. The 46 complex variants and the 10 BRCT variants scored similarly (0.652 and 0.700), so neithe",traced to record,112,COMAVI_audit_lability.csv::max_abs_ddg
manuscript,Scoring the assembled complex is what makes most lesions v,para,0.652,value,"3. The 46 complex variants and the 10 BRCT variants scored similarly (0.652 and 0.700), so neither subset determines the pooled result.",traced to record,32,COMAVI_numbers_ledger.json/SA_by_axis/tier[2]
manuscript,Scoring the assembled complex is what makes most lesions v,para,0.700,value,"complex variants and the 10 BRCT variants scored similarly (0.652 and 0.700), so neither subset determines the pooled result.",traced to record,25,COMAVI_audit_summary.json/tier_gradient/gradient[2]/frac
manuscript,Scoring the assembled complex is what makes most lesions v,para,95,value,"le protein system carries the result. Resampling whole systems gave a 95% interval of 0.573–0.755 for the mechanism-pattern score, a",traced to record,8,chd_concordance_collapsed.csv::best_plddt
manuscript,Scoring the assembled complex is what makes most lesions v,para,0.573,value,"m carries the result. Resampling whole systems gave a 95% interval of 0.573–0.755 for the mechanism-pattern score, and leaving out one",traced to record,4,COMAVI_numbers_ledger.json/MC_cluster_ci95[0]
manuscript,Scoring the assembled complex is what makes most lesions v,para,0.755,value,"ies the result. Resampling whole systems gave a 95% interval of 0.573–0.755 for the mechanism-pattern score, and leaving out one system",traced to record,4,COMAVI_numbers_ledger.json/MC_cluster_ci95[1]
manuscript,Scoring the assembled complex is what makes most lesions v,para,0.641,value,"-pattern score, and leaving out one system at a time gave values from 0.641 to 0.679 (S1 Fig). Without the four whole-variant no-lesion",traced to record,7,COMAVI_numbers_ledger.json/stress_LOSO_MC_range[0]
manuscript,Scoring the assembled complex is what makes most lesions v,para,0.679,value,"score, and leaving out one system at a time gave values from 0.641 to 0.679 (S1 Fig). Without the four whole-variant no-lesion variants",traced to record,9,COMAVI_audit_operating_points.csv::balanced_MC
manuscript,Scoring the assembled complex is what makes most lesions v,para,33.0,value,"Fig). Without the four whole-variant no-lesion variants, the score is 33.0 of 52 (0.635). Because the 56 variants come from 14 cluster",traced to record,16,COMAVI_numbers_ledger.json/skempi/combined_ex_Glu73/sign_correct[1]
manuscript,Scoring the assembled complex is what makes most lesions v,para,52,value,"thout the four whole-variant no-lesion variants, the score is 33.0 of 52 (0.635). Because the 56 variants come from 14 clustered sys",traced to record,12,COMAVI_plddt_gating_comparison.json/plddt_gate/partner_interfaces/at_or_above_strict
manuscript,Scoring the assembled complex is what makes most lesions v,para,0.635,value,"t the four whole-variant no-lesion variants, the score is 33.0 of 52 (0.635). Because the 56 variants come from 14 clustered systems, 0",traced to record,9,COMAVI_delta_calibration_stats.json/sensitivity_excluding_glu73/rho
manuscript,Scoring the assembled complex is what makes most lesions v,para,56,value,"iant no-lesion variants, the score is 33.0 of 52 (0.635). Because the 56 variants come from 14 clustered systems, 0.661 measures agr",traced to record,39,COMAVI_audit_calibration_inversion.csv::n
manuscript,Scoring the assembled complex is what makes most lesions v,para,14,value,"s, the score is 33.0 of 52 (0.635). Because the 56 variants come from 14 clustered systems, 0.661 measures agreement on this benchma",traced to record,119,COMAVI_audit_gate_sweep.csv::firing_strong_structural
manuscript,Scoring the assembled complex is what makes most lesions v,para,0.661,value,"f 52 (0.635). Because the 56 variants come from 14 clustered systems, 0.661 measures agreement on this benchmark, not general accuracy.",traced to record,15,COMAVI_detection_vs_attribution.json/headline_score/mean
manuscript,Scoring the assembled complex is what makes most lesions v,para,3,value,systems use an experimental complex structure and seven an AlphaFold 3 model; the mechanism-pattern score was 20.0 of 28 (0.714) o,traced to record,586,COMAVI_alphamissense_thresholded_accuracy.json/thresholded_all/ambiguous_resolved[0]/gene
manuscript,Scoring the assembled complex is what makes most lesions v,para,20.0,value,cture and seven an AlphaFold 3 model; the mechanism-pattern score was 20.0 of 28 (0.714) on the experimental systems and 17.0 of 28 (0,traced to record,58,COMAVI_audit_summary.json/asymmetry_bound/n_pathogenic
manuscript,Scoring the assembled complex is what makes most lesions v,para,28,value,d seven an AlphaFold 3 model; the mechanism-pattern score was 20.0 of 28 (0.714) on the experimental systems and 17.0 of 28 (0.607),traced to record,33,COMAVI_cohort_composition_checks.json/structure_source/mechanism_pattern_score_at_2.5/AlphaFold 3/variants
manuscript,Scoring the assembled complex is what makes most lesions v,para,0.714,value,ven an AlphaFold 3 model; the mechanism-pattern score was 20.0 of 28 (0.714) on the experimental systems and 17.0 of 28 (0.607) on the,traced to record,21,COMAVI_audit_lability.csv::max_abs_ddg
manuscript,Scoring the assembled complex is what makes most lesions v,para,17.0,value,"-pattern score was 20.0 of 28 (0.714) on the experimental systems and 17.0 of 28 (0.607) on the predicted ones, and the prioritization",traced to record,51,COMAVI_audit_gate_sweep.csv::firing_strong_n
manuscript,Scoring the assembled complex is what makes most lesions v,para,28,value,"score was 20.0 of 28 (0.714) on the experimental systems and 17.0 of 28 (0.607) on the predicted ones, and the prioritization AUC w",traced to record,33,COMAVI_cohort_composition_checks.json/structure_source/mechanism_pattern_score_at_2.5/AlphaFold 3/variants
manuscript,Scoring the assembled complex is what makes most lesions v,para,0.607,value,"re was 20.0 of 28 (0.714) on the experimental systems and 17.0 of 28 (0.607) on the predicted ones, and the prioritization AUC was 0.94",traced to record,2,COMAVI_cohort_composition_checks.json/structure_source/mechanism_pattern_score_at_2.5/AlphaFold 3/score
manuscript,Scoring the assembled complex is what makes most lesions v,para,0.948,value,"0 of 28 (0.607) on the predicted ones, and the prioritization AUC was 0.948 on the 18 tier-carrying experimental variants against 0.778",traced to record,21,COMAVI_audit_lability.csv::max_abs_ddg
manuscript,Scoring the assembled complex is what makes most lesions v,para,18,value,"7) on the predicted ones, and the prioritization AUC was 0.948 on the 18 tier-carrying experimental variants against 0.778 on the 28",traced to record,63,COMAVI_audit_model_free_recall.csv::missed
manuscript,Scoring the assembled complex is what makes most lesions v,para,0.778,value,n AUC was 0.948 on the 18 tier-carrying experimental variants against 0.778 on the 28 predicted ones. Resampling whole systems within e,traced to record,7,COMAVI_cohort_composition_checks.json/structure_source/prioritization/AlphaFold 3/roc_auc
manuscript,Scoring the assembled complex is what makes most lesions v,para,28,value,48 on the 18 tier-carrying experimental variants against 0.778 on the 28 predicted ones. Resampling whole systems within each source,traced to record,33,COMAVI_cohort_composition_checks.json/structure_source/mechanism_pattern_score_at_2.5/AlphaFold 3/variants
manuscript,Scoring the assembled complex is what makes most lesions v,para,95,value,"28 predicted ones. Resampling whole systems within each source puts a 95% interval of −0.080 to 0.257 on the difference of 0.107, so",traced to record,8,chd_concordance_collapsed.csv::best_plddt
manuscript,Scoring the assembled complex is what makes most lesions v,para,0.080,value,". Resampling whole systems within each source puts a 95% interval of −0.080 to 0.257 on the difference of 0.107, so the benchmark does",traced to record,21,COMAVI_numbers_ledger.json/tier_OR_strong_vs_weak/p
manuscript,Scoring the assembled complex is what makes most lesions v,para,0.257,value,"ing whole systems within each source puts a 95% interval of −0.080 to 0.257 on the difference of 0.107, so the benchmark does not resol",traced to record,1,COMAVI_cohort_composition_checks.json/structure_source/difference_experimental_minus_af3/ci95_system_resampling[1]
manuscript,Scoring the assembled complex is what makes most lesions v,para,0.107,value,"ch source puts a 95% interval of −0.080 to 0.257 on the difference of 0.107, so the benchmark does not resolve it. With seven systems o",traced to record,20,COMAVI_cohort_composition_checks.json/structure_source/difference_experimental_minus_af3/value
manuscript,Scoring the assembled complex is what makes most lesions v,para,3,value,"isolated-subunit stability is calculated on a single-chain AlphaFold 3 model in 11 of the 14 systems, including systems whose comp",traced to record,586,COMAVI_alphamissense_thresholded_accuracy.json/thresholded_all/ambiguous_resolved[0]/gene
manuscript,Scoring the assembled complex is what makes most lesions v,para,11,value,"ubunit stability is calculated on a single-chain AlphaFold 3 model in 11 of the 14 systems, including systems whose complex is exper",traced to record,105,COMAVI_alphamissense_thresholded_accuracy.json/population/am_class_counts/likely_benign
manuscript,Scoring the assembled complex is what makes most lesions v,para,14,value,"bility is calculated on a single-chain AlphaFold 3 model in 11 of the 14 systems, including systems whose complex is experimental.",traced to record,119,COMAVI_audit_gate_sweep.csv::firing_strong_structural
manuscript,"Stringency costs attribution, not detection",para,1.0,value,"tion into a call (Fig 2). Over the prespecified uniform thresholds of 1.0, 1.5, 2.0 and 2.5 kcal/mol and the per-axis prediction-inte",traced to record,1486,COMAVI_alphamissense_thresholded_accuracy.json/confident_calls/errors[0]/am_pathogenicity
manuscript,"Stringency costs attribution, not detection",para,1.5,value,"into a call (Fig 2). Over the prespecified uniform thresholds of 1.0, 1.5, 2.0 and 2.5 kcal/mol and the per-axis prediction-interval",traced to record,105,COMAVI_audit_calibration_inversion.csv::fieller_hi
manuscript,"Stringency costs attribution, not detection",para,2.0,value,"a call (Fig 2). Over the prespecified uniform thresholds of 1.0, 1.5, 2.0 and 2.5 kcal/mol and the per-axis prediction-interval bound",traced to record,501,COMAVI_alphamissense_thresholded_accuracy.json/population/am_class_counts/unavailable
manuscript,"Stringency costs attribution, not detection",para,2.5,value,"Fig 2). Over the prespecified uniform thresholds of 1.0, 1.5, 2.0 and 2.5 kcal/mol and the per-axis prediction-interval bound (Method",traced to record,109,COMAVI_audit_calibration_inversion.csv::direct_regression_estimate
manuscript,"Stringency costs attribution, not detection",para,0.562,value,"prediction-interval bound (Methods), the mechanism-pattern score was 0.562, 0.616, 0.652, 0.661 and 0.652. The 2.5 kcal/mol reference",traced to record,20,COMAVI_audit_summary.json/tradeoff_bootstrap/variant_boot_reject_ci[2][0]
manuscript,"Stringency costs attribution, not detection",para,0.616,value,"tion-interval bound (Methods), the mechanism-pattern score was 0.562, 0.616, 0.652, 0.661 and 0.652. The 2.5 kcal/mol reference is the",traced to record,17,COMAVI_per_variant_audit.csv::am
manuscript,"Stringency costs attribution, not detection",para,0.652,value,"terval bound (Methods), the mechanism-pattern score was 0.562, 0.616, 0.652, 0.661 and 0.652. The 2.5 kcal/mol reference is the highest",traced to record,32,COMAVI_numbers_ledger.json/SA_by_axis/tier[2]
manuscript,"Stringency costs attribution, not detection",para,0.661,value,"bound (Methods), the mechanism-pattern score was 0.562, 0.616, 0.652, 0.661 and 0.652. The 2.5 kcal/mol reference is the highest of the",traced to record,15,COMAVI_detection_vs_attribution.json/headline_score/mean
manuscript,"Stringency costs attribution, not detection",para,0.652,value,"hods), the mechanism-pattern score was 0.562, 0.616, 0.652, 0.661 and 0.652. The 2.5 kcal/mol reference is the highest of the five on t",traced to record,32,COMAVI_numbers_ledger.json/SA_by_axis/tier[2]
manuscript,"Stringency costs attribution, not detection",para,2.5,value,"mechanism-pattern score was 0.562, 0.616, 0.652, 0.661 and 0.652. The 2.5 kcal/mol reference is the highest of the five on this cohor",traced to record,109,COMAVI_audit_calibration_inversion.csv::direct_regression_estimate
manuscript,"Stringency costs attribution, not detection",para,2.5,value,"per-axis prediction-interval bound (Bound); the dashed line marks the 2.5 kcal/mol reference. (A) Detection, attribution and correct",traced to record,109,COMAVI_audit_calibration_inversion.csv::direct_regression_estimate
manuscript,"Stringency costs attribution, not detection",para,29,value,"l reference. (A) Detection, attribution and correct rejection for the 29 structural-mechanism and 27 no-lesion variants. (B) Directi",traced to record,96,COMAVI_detection_vs_attribution.json/attribution/n
manuscript,"Stringency costs attribution, not detection",para,27,value,attribution and correct rejection for the 29 structural-mechanism and 27 no-lesion variants. (B) Direction agreement on each axis (2,traced to record,63,COMAVI_detection_vs_attribution.json/correct_rejection/n
manuscript,"Stringency costs attribution, not detection",para,26,value,"nism and 27 no-lesion variants. (B) Direction agreement on each axis (26 isolated-subunit, 22 assembled-complex and 29 binding expec",traced to record,69,COMAVI_audit_model_free_recall.csv::caught
manuscript,"Stringency costs attribution, not detection",para,22,value,"variants. (B) Direction agreement on each axis (26 isolated-subunit, 22 assembled-complex and 29 binding expectations); open circle",traced to record,76,COMAVI_audit_summary.json/predictive_value/firing_pathogenic
manuscript,"Stringency costs attribution, not detection",para,29,value,"agreement on each axis (26 isolated-subunit, 22 assembled-complex and 29 binding expectations); open circles mark the best value for",traced to record,96,COMAVI_detection_vs_attribution.json/attribution/n
manuscript,"Stringency costs attribution, not detection",para,95,value,"value for each axis. (C) Mechanism-pattern score, pooled (gray band, 95% interval from resampling the 14 systems) and for each arm.",traced to record,8,chd_concordance_collapsed.csv::best_plddt
manuscript,"Stringency costs attribution, not detection",para,14,value,"sm-pattern score, pooled (gray band, 95% interval from resampling the 14 systems) and for each arm. (D) Measured destabilizations of",traced to record,119,COMAVI_audit_gate_sweep.csv::firing_strong_structural
manuscript,"Stringency costs attribution, not detection",para,1.0,value,systems) and for each arm. (D) Measured destabilizations of at least 1.0 kcal/mol (n = 42) predicted at or above the threshold with,traced to record,1486,COMAVI_alphamissense_thresholded_accuracy.json/confident_calls/errors[0]/am_pathogenicity
manuscript,"Stringency costs attribution, not detection",para,42,value,each arm. (D) Measured destabilizations of at least 1.0 kcal/mol (n = 42) predicted at or above the threshold with the same sign.,traced to record,38,COMAVI_audit_summary.json/cluster_bootstrap/seed
manuscript,"Stringency costs attribution, not detection",para,24,value,"ifferent ways. Detection was nearly flat: at least one axis fired for 24 of the 29 mechanisms at 1.0 kcal/mol, for 21 at 1.5 and 2.0",traced to record,57,COMAVI_evidence_stratified_agreement.json/stratified/per_token/destab/quant_n
manuscript,"Stringency costs attribution, not detection",para,29,value,"ays. Detection was nearly flat: at least one axis fired for 24 of the 29 mechanisms at 1.0 kcal/mol, for 21 at 1.5 and 2.0, for 20 a",traced to record,96,COMAVI_detection_vs_attribution.json/attribution/n
manuscript,"Stringency costs attribution, not detection",para,1.0,value,"s nearly flat: at least one axis fired for 24 of the 29 mechanisms at 1.0 kcal/mol, for 21 at 1.5 and 2.0, for 20 at 2.5 and for 18 a",traced to record,1486,COMAVI_alphamissense_thresholded_accuracy.json/confident_calls/errors[0]/am_pathogenicity
manuscript,"Stringency costs attribution, not detection",para,21,value,"least one axis fired for 24 of the 29 mechanisms at 1.0 kcal/mol, for 21 at 1.5 and 2.0, for 20 at 2.5 and for 18 at the bound. Attr",traced to record,70,COMAVI_audit_summary.json/R2_lability/n_labile
manuscript,"Stringency costs attribution, not detection",para,1.5,value,"one axis fired for 24 of the 29 mechanisms at 1.0 kcal/mol, for 21 at 1.5 and 2.0, for 20 at 2.5 and for 18 at the bound. Attribution",traced to record,105,COMAVI_audit_calibration_inversion.csv::fieller_hi
manuscript,"Stringency costs attribution, not detection",para,2.0,value,"fired for 24 of the 29 mechanisms at 1.0 kcal/mol, for 21 at 1.5 and 2.0, for 20 at 2.5 and for 18 at the bound. Attribution fell at",traced to record,501,COMAVI_alphamissense_thresholded_accuracy.json/population/am_class_counts/unavailable
manuscript,"Stringency costs attribution, not detection",para,20,value,"r 24 of the 29 mechanisms at 1.0 kcal/mol, for 21 at 1.5 and 2.0, for 20 at 2.5 and for 18 at the bound. Attribution fell at every s",traced to record,70,COMAVI_audit_summary.json/asymmetry_bound/n_pathogenic
manuscript,"Stringency costs attribution, not detection",para,2.5,value,"f the 29 mechanisms at 1.0 kcal/mol, for 21 at 1.5 and 2.0, for 20 at 2.5 and for 18 at the bound. Attribution fell at every step, fr",traced to record,109,COMAVI_audit_calibration_inversion.csv::direct_regression_estimate
manuscript,"Stringency costs attribution, not detection",para,18,value,"hanisms at 1.0 kcal/mol, for 21 at 1.5 and 2.0, for 20 at 2.5 and for 18 at the bound. Attribution fell at every step, from 18 to 17",traced to record,63,COMAVI_audit_model_free_recall.csv::missed
manuscript,"Stringency costs attribution, not detection",para,18,value,"at 2.5 and for 18 at the bound. Attribution fell at every step, from 18 to 17, 16, 14 and 12. Correct rejection rose at every step,",traced to record,63,COMAVI_audit_model_free_recall.csv::missed
manuscript,"Stringency costs attribution, not detection",para,17,value,"5 and for 18 at the bound. Attribution fell at every step, from 18 to 17, 16, 14 and 12. Correct rejection rose at every step, from",traced to record,60,COMAVI_audit_gate_sweep.csv::firing_strong_n
manuscript,"Stringency costs attribution, not detection",para,16,value,"d for 18 at the bound. Attribution fell at every step, from 18 to 17, 16, 14 and 12. Correct rejection rose at every step, from 12 o",traced to record,76,COMAVI_audit_gate_sweep.csv::firing_strong_n
manuscript,"Stringency costs attribution, not detection",para,14,value,"r 18 at the bound. Attribution fell at every step, from 18 to 17, 16, 14 and 12. Correct rejection rose at every step, from 12 of 27",traced to record,119,COMAVI_audit_gate_sweep.csv::firing_strong_structural
manuscript,"Stringency costs attribution, not detection",para,12,value,"the bound. Attribution fell at every step, from 18 to 17, 16, 14 and 12. Correct rejection rose at every step, from 12 of 27 to 16,",traced to record,132,COMAVI_alphamissense_thresholded_accuracy.json/population/clinically_benign
manuscript,"Stringency costs attribution, not detection",para,12,value,"m 18 to 17, 16, 14 and 12. Correct rejection rose at every step, from 12 of 27 to 16, 20, 22 and 23. Stringency therefore buys rejec",traced to record,132,COMAVI_alphamissense_thresholded_accuracy.json/population/clinically_benign
manuscript,"Stringency costs attribution, not detection",para,27,value,"o 17, 16, 14 and 12. Correct rejection rose at every step, from 12 of 27 to 16, 20, 22 and 23. Stringency therefore buys rejection b",traced to record,63,COMAVI_detection_vs_attribution.json/correct_rejection/n
manuscript,"Stringency costs attribution, not detection",para,16,value,"16, 14 and 12. Correct rejection rose at every step, from 12 of 27 to 16, 20, 22 and 23. Stringency therefore buys rejection by losi",traced to record,76,COMAVI_audit_gate_sweep.csv::firing_strong_n
manuscript,"Stringency costs attribution, not detection",para,20,value,"14 and 12. Correct rejection rose at every step, from 12 of 27 to 16, 20, 22 and 23. Stringency therefore buys rejection by losing t",traced to record,70,COMAVI_audit_summary.json/asymmetry_bound/n_pathogenic
manuscript,"Stringency costs attribution, not detection",para,22,value,"nd 12. Correct rejection rose at every step, from 12 of 27 to 16, 20, 22 and 23. Stringency therefore buys rejection by losing the c",traced to record,76,COMAVI_audit_summary.json/predictive_value/firing_pathogenic
manuscript,"Stringency costs attribution, not detection",para,23,value,"Correct rejection rose at every step, from 12 of 27 to 16, 20, 22 and 23. Stringency therefore buys rejection by losing the correct",traced to record,48,COMAVI_audit_gate_sweep.csv::firing_strong_n
manuscript,"Stringency costs attribution, not detection",para,0.672,value,"correct axis, not by missing the lesion. The structural arm fell from 0.672 to 0.466 and the no-lesion arm rose from 0.444 to 0.852, an",traced to record,5,COMAVI_operating_point_diagnostics.json/point_estimates/t10/recovery
manuscript,"Stringency costs attribution, not detection",para,0.466,value,"xis, not by missing the lesion. The structural arm fell from 0.672 to 0.466 and the no-lesion arm rose from 0.444 to 0.852, and the two",traced to record,11,COMAVI_delta_calibration_points.csv::absdelta
manuscript,"Stringency costs attribution, not detection",para,0.444,value,"ructural arm fell from 0.672 to 0.466 and the no-lesion arm rose from 0.444 to 0.852, and the two cross between 1.5 and 2.0 kcal/mol (F",traced to record,8,COMAVI_operating_point_diagnostics.json/point_estimates/t10/correct_rejection
manuscript,"Stringency costs attribution, not detection",para,0.852,value,"arm fell from 0.672 to 0.466 and the no-lesion arm rose from 0.444 to 0.852, and the two cross between 1.5 and 2.0 kcal/mol (Fig 2A and",traced to record,13,COMAVI_operating_point_diagnostics.json/point_estimates/tSAP/correct_rejection
manuscript,"Stringency costs attribution, not detection",para,1.5,value,"the no-lesion arm rose from 0.444 to 0.852, and the two cross between 1.5 and 2.0 kcal/mol (Fig 2A and 2C).",traced to record,105,COMAVI_audit_calibration_inversion.csv::fieller_hi
manuscript,"Stringency costs attribution, not detection",para,2.0,value,"esion arm rose from 0.444 to 0.852, and the two cross between 1.5 and 2.0 kcal/mol (Fig 2A and 2C).",traced to record,501,COMAVI_alphamissense_thresholded_accuracy.json/population/am_class_counts/unavailable
manuscript,"Stringency costs attribution, not detection",para,1.0,value,refer different thresholds (Fig 2B). Binding agreement was highest at 1.0 and 1.5 kcal/mol (22 of 29) and fell to 20 at the reference,traced to record,1486,COMAVI_alphamissense_thresholded_accuracy.json/confident_calls/errors[0]/am_pathogenicity
manuscript,"Stringency costs attribution, not detection",para,1.5,value,fferent thresholds (Fig 2B). Binding agreement was highest at 1.0 and 1.5 kcal/mol (22 of 29) and fell to 20 at the reference. Assemb,traced to record,105,COMAVI_audit_calibration_inversion.csv::fieller_hi
manuscript,"Stringency costs attribution, not detection",para,22,value,olds (Fig 2B). Binding agreement was highest at 1.0 and 1.5 kcal/mol (22 of 29) and fell to 20 at the reference. Assembled-complex a,traced to record,76,COMAVI_audit_summary.json/predictive_value/firing_pathogenic
manuscript,"Stringency costs attribution, not detection",para,29,value,Fig 2B). Binding agreement was highest at 1.0 and 1.5 kcal/mol (22 of 29) and fell to 20 at the reference. Assembled-complex agreeme,traced to record,96,COMAVI_detection_vs_attribution.json/attribution/n
manuscript,"Stringency costs attribution, not detection",para,20,value,agreement was highest at 1.0 and 1.5 kcal/mol (22 of 29) and fell to 20 at the reference. Assembled-complex agreement rose from 12,traced to record,70,COMAVI_audit_summary.json/asymmetry_bound/n_pathogenic
manuscript,"Stringency costs attribution, not detection",para,12,value,"nd fell to 20 at the reference. Assembled-complex agreement rose from 12 of 22 at 1.0 kcal/mol to 17 at the reference, and isolated-",traced to record,132,COMAVI_alphamissense_thresholded_accuracy.json/population/clinically_benign
manuscript,"Stringency costs attribution, not detection",para,22,value,"l to 20 at the reference. Assembled-complex agreement rose from 12 of 22 at 1.0 kcal/mol to 17 at the reference, and isolated-subuni",traced to record,76,COMAVI_audit_summary.json/predictive_value/firing_pathogenic
manuscript,"Stringency costs attribution, not detection",para,1.0,value,"0 at the reference. Assembled-complex agreement rose from 12 of 22 at 1.0 kcal/mol to 17 at the reference, and isolated-subunit agree",traced to record,1486,COMAVI_alphamissense_thresholded_accuracy.json/confident_calls/errors[0]/am_pathogenicity
manuscript,"Stringency costs attribution, not detection",para,17,value,"ce. Assembled-complex agreement rose from 12 of 22 at 1.0 kcal/mol to 17 at the reference, and isolated-subunit agreement peaked at",traced to record,60,COMAVI_audit_gate_sweep.csv::firing_strong_n
manuscript,"Stringency costs attribution, not detection",para,2.0,value,"/mol to 17 at the reference, and isolated-subunit agreement peaked at 2.0 and 2.5 kcal/mol (19 of 26). The denominators do not change",traced to record,501,COMAVI_alphamissense_thresholded_accuracy.json/population/am_class_counts/unavailable
manuscript,"Stringency costs attribution, not detection",para,2.5,value,"17 at the reference, and isolated-subunit agreement peaked at 2.0 and 2.5 kcal/mol (19 of 26). The denominators do not change across",traced to record,109,COMAVI_audit_calibration_inversion.csv::direct_regression_estimate
manuscript,"Stringency costs attribution, not detection",para,19,value,"rence, and isolated-subunit agreement peaked at 2.0 and 2.5 kcal/mol (19 of 26). The denominators do not change across thresholds. A",traced to record,44,COMAVI_audit_gate_sweep.csv::firing_strong_n
manuscript,"Stringency costs attribution, not detection",para,26,value,and isolated-subunit agreement peaked at 2.0 and 2.5 kcal/mol (19 of 26). The denominators do not change across thresholds. A singl,traced to record,69,COMAVI_audit_model_free_recall.csv::caught
manuscript,"Stringency costs attribution, not detection",para,0.069,value,"e set where the two stability axes perform best, and binding gives up 0.069 relative to its own optimum. Per-axis thresholds are theref",traced to record,18,COMAVI_threshold_sweep_extended.csv::detection_isolated
manuscript,"Stringency costs attribution, not detection",para,42,value,Measured effects show the same cost of stringency. We counted the 42 comparisons with a measured destabilization of at least 1.0,traced to record,38,COMAVI_audit_summary.json/cluster_bootstrap/seed
manuscript,"Stringency costs attribution, not detection",para,1.0,value,"ounted the 42 comparisons with a measured destabilization of at least 1.0 kcal/mol, 13 from benchmark variants and 29 from external m",traced to record,1486,COMAVI_alphamissense_thresholded_accuracy.json/confident_calls/errors[0]/am_pathogenicity
manuscript,"Stringency costs attribution, not detection",para,13,value,"comparisons with a measured destabilization of at least 1.0 kcal/mol, 13 from benchmark variants and 29 from external measurements,",traced to record,68,COMAVI_audit_gate_sweep.csv::firing_strong_structural
manuscript,"Stringency costs attribution, not detection",para,29,value,"tabilization of at least 1.0 kcal/mol, 13 from benchmark variants and 29 from external measurements, and asked whether FoldX predict",traced to record,96,COMAVI_detection_vs_attribution.json/attribution/n
manuscript,"Stringency costs attribution, not detection",para,27,value,"tabilization of at least the threshold with the same sign. It did for 27 at 1.0 kcal/mol, 12 at 2.5 kcal/mol and 11 at the bound (Fi",traced to record,63,COMAVI_detection_vs_attribution.json/correct_rejection/n
manuscript,"Stringency costs attribution, not detection",para,1.0,value,"zation of at least the threshold with the same sign. It did for 27 at 1.0 kcal/mol, 12 at 2.5 kcal/mol and 11 at the bound (Fig 2D).",traced to record,1486,COMAVI_alphamissense_thresholded_accuracy.json/confident_calls/errors[0]/am_pathogenicity
manuscript,"Stringency costs attribution, not detection",para,12,value,"east the threshold with the same sign. It did for 27 at 1.0 kcal/mol, 12 at 2.5 kcal/mol and 11 at the bound (Fig 2D). A stringent t",traced to record,132,COMAVI_alphamissense_thresholded_accuracy.json/population/clinically_benign
manuscript,"Stringency costs attribution, not detection",para,2.5,value,"he threshold with the same sign. It did for 27 at 1.0 kcal/mol, 12 at 2.5 kcal/mol and 11 at the bound (Fig 2D). A stringent threshol",traced to record,109,COMAVI_audit_calibration_inversion.csv::direct_regression_estimate
manuscript,"Stringency costs attribution, not detection",para,11,value,"the same sign. It did for 27 at 1.0 kcal/mol, 12 at 2.5 kcal/mol and 11 at the bound (Fig 2D). A stringent threshold can therefore",traced to record,105,COMAVI_alphamissense_thresholded_accuracy.json/population/am_class_counts/likely_benign
manuscript,Predicted energies rank measured effects but compress thei,para,63,value,ect measurements wherever they exist (Fig 3). The pooled set contains 63 comparisons from four systems: 48 binding energies for barn,traced to record,10,COMAVI_audit_summary.json/R3_model_free/n_calibration_points
manuscript,Predicted energies rank measured effects but compress thei,para,48,value,st (Fig 3). The pooled set contains 63 comparisons from four systems: 48 binding energies for barnase–barstar and TEM1–BLIP from SKE,traced to record,10,COMAVI_audit_tier_gradient_loso.csv::n
manuscript,Predicted energies rank measured effects but compress thei,para,2.0,value,"ms: 48 binding energies for barnase–barstar and TEM1–BLIP from SKEMPI 2.0 , 10 unfolding free energies for the BRCA1 BRCT domain a",traced to record,501,COMAVI_alphamissense_thresholded_accuracy.json/population/am_class_counts/unavailable
manuscript,Predicted energies rank measured effects but compress thei,para,10,value,"binding energies for barnase–barstar and TEM1–BLIP from SKEMPI 2.0 , 10 unfolding free energies for the BRCA1 BRCT domain and 5 h",traced to record,112,COMAVI_audit_lability.csv::max_abs_ddg
manuscript,Predicted energies rank measured effects but compress thei,para,5,value,"MPI 2.0 , 10 unfolding free energies for the BRCA1 BRCT domain and 5 hemoglobin assembly energies [54–56]. Predicted and measure",traced to record,264,COMAVI_audit_calibration_inversion.csv::fieller_hi
manuscript,Predicted energies rank measured effects but compress thei,para,54,value,rgies for the BRCA1 BRCT domain and 5 hemoglobin assembly energies [54–56]. Predicted and measured values were rank-correlated (Sp,traced to record,8,COMAVI_evidence_ledger_summary.json/n_variants
manuscript,Predicted energies rank measured effects but compress thei,para,56,value,es for the BRCA1 BRCT domain and 5 hemoglobin assembly energies [54–56]. Predicted and measured values were rank-correlated (Spear,traced to record,39,COMAVI_audit_calibration_inversion.csv::n
manuscript,Predicted energies rank measured effects but compress thei,para,0.48,value,"56]. Predicted and measured values were rank-correlated (Spearman ρ = 0.48, p = 5.6 × 10−5), but the fitted slope was 0.42, and the pr",traced to record,54,COMAVI_audit_summary.json/tradeoff_bootstrap/variant_boot_recall_ci[2][0]
manuscript,Predicted energies rank measured effects but compress thei,para,5.6,value,"cted and measured values were rank-correlated (Spearman ρ = 0.48, p = 5.6 × 10−5), but the fitted slope was 0.42, and the prediction",traced to record,15,COMAVI_audit_calibration_inversion.csv::fieller_hi
manuscript,Predicted energies rank measured effects but compress thei,para,10,value,"nd measured values were rank-correlated (Spearman ρ = 0.48, p = 5.6 × 10−5), but the fitted slope was 0.42, and the prediction error",traced to record,112,COMAVI_audit_lability.csv::max_abs_ddg
manuscript,Predicted energies rank measured effects but compress thei,para,5,value,"measured values were rank-correlated (Spearman ρ = 0.48, p = 5.6 × 10−5), but the fitted slope was 0.42, and the prediction error b",traced to record,264,COMAVI_audit_calibration_inversion.csv::fieller_hi
manuscript,Predicted energies rank measured effects but compress thei,para,0.42,value,"related (Spearman ρ = 0.48, p = 5.6 × 10−5), but the fitted slope was 0.42, and the prediction error became more negative as the measu",traced to record,30,COMAVI_delta_calibration_points.csv::d_pred
manuscript,Predicted energies rank measured effects but compress thei,para,0.66,value,ediction error became more negative as the measured effect grew (ρ = −0.66). A measured destabilization of 2.5 kcal/mol corresponds to,traced to record,58,COMAVI_audit_lability.csv::max_abs_ddg
manuscript,Predicted energies rank measured effects but compress thei,para,2.5,value,s the measured effect grew (ρ = −0.66). A measured destabilization of 2.5 kcal/mol corresponds to a predicted 1.43 kcal/mol. FoldX th,traced to record,109,COMAVI_audit_calibration_inversion.csv::direct_regression_estimate
manuscript,Predicted energies rank measured effects but compress thei,para,1.43,value,A measured destabilization of 2.5 kcal/mol corresponds to a predicted 1.43 kcal/mol. FoldX therefore orders effects but compresses lar,traced to record,7,COMAVI_delta_calibration_stats.json/image_of_2p5
manuscript,Predicted energies rank measured effects but compress thei,para,63,value,"but compress their magnitude. (A) Predicted against measured ΔΔG for 63 comparisons from four systems, with the least-squares fit (",traced to record,10,COMAVI_audit_summary.json/R3_model_free/n_calibration_points
manuscript,Predicted energies rank measured effects but compress thei,para,0.42,value,"r 63 comparisons from four systems, with the least-squares fit (slope 0.42) and the identity line; open symbols mark the seven barnase",traced to record,30,COMAVI_delta_calibration_points.csv::d_pred
manuscript,Predicted energies rank measured effects but compress thei,para,10,value,easured) against measured ΔΔG. (C) Isolated-subunit stability for the 10 graded BRCA1 BRCT variants against measured unfolding free,traced to record,112,COMAVI_audit_lability.csv::max_abs_ddg
manuscript,Predicted energies rank measured effects but compress thei,para,2.5,value,n β-chain benchmark variants at the α1β2 interface. Dotted lines mark 2.5 kcal/mol; positive values are destabilizing.,traced to record,109,COMAVI_audit_calibration_inversion.csv::direct_regression_estimate
manuscript,Predicted energies rank measured effects but compress thei,para,1.45,value,behave differently from the rest. All are measured as destabilizing (1.45 to 3.01 kcal/mol) and all are predicted as stabilizing (−1.,traced to record,22,COMAVI_delta_calibration_points.csv::measured_kcal
manuscript,Predicted energies rank measured effects but compress thei,para,3.01,value,differently from the rest. All are measured as destabilizing (1.45 to 3.01 kcal/mol) and all are predicted as stabilizing (−1.66 to −1,traced to record,7,COMAVI_delta_calibration_points.csv::measured_kcal
manuscript,Predicted energies rank measured effects but compress thei,para,1.66,value,"lizing (1.45 to 3.01 kcal/mol) and all are predicted as stabilizing (−1.66 to −1.01 kcal/mol), a systematic sign inversion at a single",traced to record,12,COMAVI_delta_calibration_points.csv::measured_kcal
manuscript,Predicted energies rank measured effects but compress thei,para,1.01,value,".45 to 3.01 kcal/mol) and all are predicted as stabilizing (−1.66 to −1.01 kcal/mol), a systematic sign inversion at a single site. Th",traced to record,4,chd_concordance_results_FIXED.csv::ddg_fold_kpna6_sd
manuscript,Predicted energies rank measured effects but compress thei,para,0.63,value,"n every primary statistic. Without them the rank correlation rises to 0.63 (n = 56) while the slope barely changes (0.43), so the comp",traced to record,26,COMAVI_audit_summary.json/cluster_bootstrap/rejection_t10_ci[1]
manuscript,Predicted energies rank measured effects but compress thei,para,56,value,"imary statistic. Without them the rank correlation rises to 0.63 (n = 56) while the slope barely changes (0.43), so the compression",traced to record,39,COMAVI_audit_calibration_inversion.csv::n
manuscript,Predicted energies rank measured effects but compress thei,para,0.43,value,"nk correlation rises to 0.63 (n = 56) while the slope barely changes (0.43), so the compression does not depend on this cluster. For t",traced to record,55,COMAVI_audit_lability.csv::max_abs_ddg
manuscript,Predicted energies rank measured effects but compress thei,para,0.34,value,"depend on this cluster. For the SKEMPI binding comparisons alone, ρ = 0.34 (p = 0.019, n = 48), and the predicted sign was correct for",traced to record,37,COMAVI_measured_effect_tables.json/measured_effects_recovered/sensitivity_excluding_glu73/by_threshold[3]/fraction
manuscript,Predicted energies rank measured effects but compress thei,para,0.019,value,"this cluster. For the SKEMPI binding comparisons alone, ρ = 0.34 (p = 0.019, n = 48), and the predicted sign was correct for 30 of 40 m",traced to record,10,COMAVI_foldx_scale_calibration.json/monomer-fold/spearman_p
manuscript,Predicted energies rank measured effects but compress thei,para,48,value,"r. For the SKEMPI binding comparisons alone, ρ = 0.34 (p = 0.019, n = 48), and the predicted sign was correct for 30 of 40 measured",traced to record,10,COMAVI_audit_tier_gradient_loso.csv::n
manuscript,Predicted energies rank measured effects but compress thei,para,30,value,"ρ = 0.34 (p = 0.019, n = 48), and the predicted sign was correct for 30 of 40 measured destabilizations. Without Glu73, ρ = 0.55 (p",traced to record,62,COMAVI_evidence_ledger_summary.json/by_evidence_type/E3_qualitative_experimental
manuscript,Predicted energies rank measured effects but compress thei,para,40,value,".34 (p = 0.019, n = 48), and the predicted sign was correct for 30 of 40 measured destabilizations. Without Glu73, ρ = 0.55 (p = 0.0",traced to record,39,COMAVI_alphamissense_thresholded_accuracy.json/thresholded_all/cell
manuscript,Predicted energies rank measured effects but compress thei,para,0.55,value,"as correct for 30 of 40 measured destabilizations. Without Glu73, ρ = 0.55 (p = 0.0002, n = 41), and the sign was correct for 30 of 33",traced to record,38,COMAVI_foldx_scale_calibration.json/counterfactual/fold_class_base[0]
manuscript,Predicted energies rank measured effects but compress thei,para,0.0002,value,"for 30 of 40 measured destabilizations. Without Glu73, ρ = 0.55 (p = 0.0002, n = 41), and the sign was correct for 30 of 33 (S2 Fig). A",traced to record,17,COMAVI_directional_enrichment.json/fisher/p_value
manuscript,Predicted energies rank measured effects but compress thei,para,41,value,"0 measured destabilizations. Without Glu73, ρ = 0.55 (p = 0.0002, n = 41), and the sign was correct for 30 of 33 (S2 Fig). At the 2.",traced to record,29,COMAVI_numbers_ledger.json/skempi/combined_ex_Glu73/n
manuscript,Predicted energies rank measured effects but compress thei,para,30,value,"ut Glu73, ρ = 0.55 (p = 0.0002, n = 41), and the sign was correct for 30 of 33 (S2 Fig). At the 2.5 kcal/mol reference, measured and",traced to record,62,COMAVI_evidence_ledger_summary.json/by_evidence_type/E3_qualitative_experimental
manuscript,Predicted energies rank measured effects but compress thei,para,33,value,"73, ρ = 0.55 (p = 0.0002, n = 41), and the sign was correct for 30 of 33 (S2 Fig). At the 2.5 kcal/mol reference, measured and predi",traced to record,38,COMAVI_numbers_ledger.json/skempi/combined_ex_Glu73/sign_correct[1]
manuscript,Predicted energies rank measured effects but compress thei,para,2.5,value,"0002, n = 41), and the sign was correct for 30 of 33 (S2 Fig). At the 2.5 kcal/mol reference, measured and predicted calls agreed for",traced to record,109,COMAVI_audit_calibration_inversion.csv::direct_regression_estimate
manuscript,Predicted energies rank measured effects but compress thei,para,43,value,"t the 2.5 kcal/mol reference, measured and predicted calls agreed for 43 of the 63 comparisons (S3 Fig).",traced to record,30,COMAVI_alphamissense_thresholded_accuracy.json/confident_calls/cell
manuscript,Predicted energies rank measured effects but compress thei,para,63,value,"kcal/mol reference, measured and predicted calls agreed for 43 of the 63 comparisons (S3 Fig).",traced to record,10,COMAVI_audit_summary.json/R3_model_free/n_calibration_points
manuscript,Predicted energies rank measured effects but compress thei,para,10,value,d-subunit stability tracked measured unfolding free energy across the 10 graded BRCT variants (ρ = 0.72; Fig 3C). The only one measu,traced to record,112,COMAVI_audit_lability.csv::max_abs_ddg
manuscript,Predicted energies rank measured effects but compress thei,para,0.72,value,easured unfolding free energy across the 10 graded BRCT variants (ρ = 0.72; Fig 3C). The only one measured above 2.5 kcal/mol but pred,traced to record,80,COMAVI_audit_operating_points.csv::pooled_MC
manuscript,Predicted energies rank measured effects but compress thei,para,2.5,value,"graded BRCT variants (ρ = 0.72; Fig 3C). The only one measured above 2.5 kcal/mol but predicted below it is V1736A (measured 4.20, p",traced to record,109,COMAVI_audit_calibration_inversion.csv::direct_regression_estimate
manuscript,Predicted energies rank measured effects but compress thei,para,4.20,value,"easured above 2.5 kcal/mol but predicted below it is V1736A (measured 4.20, predicted 1.24 kcal/mol). Predicted binding tracked measur",traced to record,3,COMAVI_delta_calibration_points.csv::measured_kcal
manuscript,Predicted energies rank measured effects but compress thei,para,1.24,value,"5 kcal/mol but predicted below it is V1736A (measured 4.20, predicted 1.24 kcal/mol). Predicted binding tracked measured hemoglobin as",traced to record,16,COMAVI_audit_lability.csv::max_abs_ddg
manuscript,Predicted energies rank measured effects but compress thei,para,0.90,value,"Predicted binding tracked measured hemoglobin assembly energies (ρ = 0.90, n = 5; Fig 3D). The largest measured penalty, HBB W37E at",traced to record,48,COMAVI_delta_calibration_points.csv::d_pred
manuscript,Predicted energies rank measured effects but compress thei,para,5,value,"binding tracked measured hemoglobin assembly energies (ρ = 0.90, n = 5; Fig 3D). The largest measured penalty, HBB W37E at 9.00 kc",traced to record,264,COMAVI_audit_calibration_inversion.csv::fieller_hi
manuscript,Predicted energies rank measured effects but compress thei,para,9.00,value,"(ρ = 0.90, n = 5; Fig 3D). The largest measured penalty, HBB W37E at 9.00 kcal/mol, was predicted at 5.14 kcal/mol, so magnitude is u",traced to record,70,COMAVI_audit_model_free_recall.csv::missed
manuscript,Predicted energies rank measured effects but compress thei,para,5.14,value,"largest measured penalty, HBB W37E at 9.00 kcal/mol, was predicted at 5.14 kcal/mol, so magnitude is underestimated without changing a",traced to record,8,COMAVI_delta_calibration_points.csv::foldx_ddg
manuscript,Predicted energies rank measured effects but compress thei,para,2.5,value,"kcal/mol, so magnitude is underestimated without changing any call at 2.5 kcal/mol. The benchmark contains no direct measurement of a",traced to record,109,COMAVI_audit_calibration_inversion.csv::direct_regression_estimate
manuscript,The priority score concentrates structural mechanisms at t,para,46,value,"an energy component (Methods), and we first tested each alone on the 46-variant prioritization population. The structural-context t",traced to record,47,COMAVI_audit_tier_gradient_loso.csv::n
manuscript,The priority score concentrates structural mechanisms at t,para,17,value,ion population. The structural-context tier uses no energy. It placed 17 of the 21 structural-mechanism variants in Tier 1 or 2 (sen,traced to record,60,COMAVI_audit_gate_sweep.csv::firing_strong_n
manuscript,The priority score concentrates structural mechanisms at t,para,21,value,tion. The structural-context tier uses no energy. It placed 17 of the 21 structural-mechanism variants in Tier 1 or 2 (sensitivity 0,traced to record,70,COMAVI_audit_summary.json/R2_lability/n_labile
manuscript,The priority score concentrates structural mechanisms at t,para,2,value,"gy. It placed 17 of the 21 structural-mechanism variants in Tier 1 or 2 (sensitivity 0.810, 95% confidence interval 0.581–0.946) to",traced to record,676,COMAVI_alphamissense_thresholded_accuracy.json/population/am_class_counts/unavailable
manuscript,The priority score concentrates structural mechanisms at t,para,0.810,value,"7 of the 21 structural-mechanism variants in Tier 1 or 2 (sensitivity 0.810, 95% confidence interval 0.581–0.946) together with 12 of t",traced to record,21,COMAVI_operating_point_diagnostics.json/paired_bootstrap/recovery/t10/ci95[1]
manuscript,The priority score concentrates structural mechanisms at t,para,95,value,"e 21 structural-mechanism variants in Tier 1 or 2 (sensitivity 0.810, 95% confidence interval 0.581–0.946) together with 12 of the 2",traced to record,8,chd_concordance_collapsed.csv::best_plddt
manuscript,The priority score concentrates structural mechanisms at t,para,0.581,value,"m variants in Tier 1 or 2 (sensitivity 0.810, 95% confidence interval 0.581–0.946) together with 12 of the 25 no-lesion variants (speci",traced to record,15,COMAVI_delta_calibration_points.csv::d_pred
manuscript,The priority score concentrates structural mechanisms at t,para,0.946,value,"ants in Tier 1 or 2 (sensitivity 0.810, 95% confidence interval 0.581–0.946) together with 12 of the 25 no-lesion variants (specificity",traced to record,7,COMAVI_tier_construction.json/evidence_restricted_views/E1_E3_only/sensitivity_ci[1]
manuscript,The priority score concentrates structural mechanisms at t,para,12,value,"sensitivity 0.810, 95% confidence interval 0.581–0.946) together with 12 of the 25 no-lesion variants (specificity 0.520, 0.313–0.72",traced to record,132,COMAVI_alphamissense_thresholded_accuracy.json/population/clinically_benign
manuscript,The priority score concentrates structural mechanisms at t,para,25,value,"y 0.810, 95% confidence interval 0.581–0.946) together with 12 of the 25 no-lesion variants (specificity 0.520, 0.313–0.722; Fisher",traced to record,57,COMAVI_audit_model_free_recall.csv::missed
manuscript,The priority score concentrates structural mechanisms at t,para,0.520,value,"581–0.946) together with 12 of the 25 no-lesion variants (specificity 0.520, 0.313–0.722; Fisher p = 0.032, within-system permutation p",traced to record,8,COMAVI_tier_construction.json/evidence_restricted_views/all/specificity
manuscript,The priority score concentrates structural mechanisms at t,para,0.313,value,"46) together with 12 of the 25 no-lesion variants (specificity 0.520, 0.313–0.722; Fisher p = 0.032, within-system permutation p = 0.16",traced to record,14,COMAVI_evidence_ledger_summary.json/frac_energetic
manuscript,The priority score concentrates structural mechanisms at t,para,0.722,value,"gether with 12 of the 25 no-lesion variants (specificity 0.520, 0.313–0.722; Fisher p = 0.032, within-system permutation p = 0.165). Th",traced to record,7,COMAVI_audit_summary.json/tier_gradient/gradient[1]/frac
manuscript,The priority score concentrates structural mechanisms at t,para,0.032,value,"the 25 no-lesion variants (specificity 0.520, 0.313–0.722; Fisher p = 0.032, within-system permutation p = 0.165). The tier is therefor",traced to record,12,COMAVI_tier_construction.json/evidence_restricted_views/all/fisher_p
manuscript,The priority score concentrates structural mechanisms at t,para,0.165,value,"y 0.520, 0.313–0.722; Fisher p = 0.032, within-system permutation p = 0.165). The tier is therefore permissive and, on this cohort, not",traced to record,10,COMAVI_tier_construction.json/screen_full_tier/within_system_permutation_p
manuscript,The priority score concentrates structural mechanisms at t,para,0.720,value,"rides an axis energy. Interface status alone was comparably specific (0.720) and recovered 15 of the 21 mechanisms, and the interface b",traced to record,11,COMAVI_audit_operating_points.csv::recall_structural
manuscript,The priority score concentrates structural mechanisms at t,para,15,value,"Interface status alone was comparably specific (0.720) and recovered 15 of the 21 mechanisms, and the interface bonus is what promo",traced to record,98,COMAVI_audit_calibration_inversion.csv::n
manuscript,The priority score concentrates structural mechanisms at t,para,21,value,"status alone was comparably specific (0.720) and recovered 15 of the 21 mechanisms, and the interface bonus is what promotes those",traced to record,70,COMAVI_audit_summary.json/R2_lability/n_labile
manuscript,The priority score concentrates structural mechanisms at t,para,15,value,"of the 21 mechanisms, and the interface bonus is what promotes those 15 (S2 Table, context_comparators sheet; S4 Fig). On the 26 va",traced to record,98,COMAVI_audit_calibration_inversion.csv::n
manuscript,The priority score concentrates structural mechanisms at t,para,26,value,"omotes those 15 (S2 Table, context_comparators sheet; S4 Fig). On the 26 variants whose every committed axis has E1 to E3 support, s",traced to record,69,COMAVI_audit_model_free_recall.csv::caught
manuscript,The priority score concentrates structural mechanisms at t,para,0.812,value,"ery committed axis has E1 to E3 support, sensitivity was unchanged at 0.812 and specificity was 0.600 (S1 Text).",traced to record,4,COMAVI_audit_operating_points.csv::rejection_silent
manuscript,The priority score concentrates structural mechanisms at t,para,0.600,value,"to E3 support, sensitivity was unchanged at 0.812 and specificity was 0.600 (S1 Text).",traced to record,13,COMAVI_audit_operating_points.csv::recall_structural
manuscript,The priority score concentrates structural mechanisms at t,para,0.779,value,"hosen no-lesion variant. The energy component alone reached an AUC of 0.779 and placed 15 of the 21 mechanisms in the top 20, and 16 by",traced to record,7,isds_v1/ISDS_v1_primary_metrics.csv::average_precision
manuscript,The priority score concentrates structural mechanisms at t,para,15,value,"ariant. The energy component alone reached an AUC of 0.779 and placed 15 of the 21 mechanisms in the top 20, and 16 by rank 25. It r",traced to record,98,COMAVI_audit_calibration_inversion.csv::n
manuscript,The priority score concentrates structural mechanisms at t,para,21,value,"e energy component alone reached an AUC of 0.779 and placed 15 of the 21 mechanisms in the top 20, and 16 by rank 25. It ranks HBB N",traced to record,70,COMAVI_audit_summary.json/R2_lability/n_labile
manuscript,The priority score concentrates structural mechanisms at t,para,20,value,"reached an AUC of 0.779 and placed 15 of the 21 mechanisms in the top 20, and 16 by rank 25. It ranks HBB N102T 36th and MLH1 Q542L",traced to record,70,COMAVI_audit_summary.json/asymmetry_bound/n_pathogenic
manuscript,The priority score concentrates structural mechanisms at t,para,16,value,"an AUC of 0.779 and placed 15 of the 21 mechanisms in the top 20, and 16 by rank 25. It ranks HBB N102T 36th and MLH1 Q542L 32nd of",traced to record,76,COMAVI_audit_gate_sweep.csv::firing_strong_n
manuscript,The priority score concentrates structural mechanisms at t,para,25,value,".779 and placed 15 of the 21 mechanisms in the top 20, and 16 by rank 25. It ranks HBB N102T 36th and MLH1 Q542L 32nd of 46, althoug",traced to record,57,COMAVI_audit_model_free_recall.csv::missed
manuscript,The priority score concentrates structural mechanisms at t,para,46,value,"20, and 16 by rank 25. It ranks HBB N102T 36th and MLH1 Q542L 32nd of 46, although the tier places both in Tier 1. The context compo",traced to record,47,COMAVI_audit_tier_gradient_loso.csv::n
manuscript,The priority score concentrates structural mechanisms at t,para,0.785,value,h the tier places both in Tier 1. The context component alone reached 0.785 and recovered 11 mechanisms in the top 20 and 13 by rank 25,traced to record,8,COMAVI_tier_construction.json/detection_auc/tier
manuscript,The priority score concentrates structural mechanisms at t,para,11,value,th in Tier 1. The context component alone reached 0.785 and recovered 11 mechanisms in the top 20 and 13 by rank 25. The two compone,traced to record,105,COMAVI_alphamissense_thresholded_accuracy.json/population/am_class_counts/likely_benign
manuscript,The priority score concentrates structural mechanisms at t,para,20,value,component alone reached 0.785 and recovered 11 mechanisms in the top 20 and 13 by rank 25. The two components fail on different var,traced to record,70,COMAVI_audit_summary.json/asymmetry_bound/n_pathogenic
manuscript,The priority score concentrates structural mechanisms at t,para,13,value,ent alone reached 0.785 and recovered 11 mechanisms in the top 20 and 13 by rank 25. The two components fail on different variants.,traced to record,68,COMAVI_audit_gate_sweep.csv::firing_strong_structural
manuscript,The priority score concentrates structural mechanisms at t,para,25,value,eached 0.785 and recovered 11 mechanisms in the top 20 and 13 by rank 25. The two components fail on different variants. Crossing th,traced to record,57,COMAVI_audit_model_free_recall.csv::missed
manuscript,The priority score concentrates structural mechanisms at t,para,1,value,"ce states, according to whether an axis fires and whether the tier is 1–2: convergent, energy only, context only and neither. At 2.",traced to record,2314,COMAVI_alphamissense_thresholded_accuracy.json/confident_calls/accuracy
manuscript,The priority score concentrates structural mechanisms at t,para,2,value,"states, according to whether an axis fires and whether the tier is 1–2: convergent, energy only, context only and neither. At 2.5",traced to record,676,COMAVI_alphamissense_thresholded_accuracy.json/population/am_class_counts/unavailable
manuscript,The priority score concentrates structural mechanisms at t,para,2.5,value,"he tier is 1–2: convergent, energy only, context only and neither. At 2.5 kcal/mol, 15 mechanisms are convergent, 2 are context-only",traced to record,109,COMAVI_audit_calibration_inversion.csv::direct_regression_estimate
manuscript,The priority score concentrates structural mechanisms at t,para,15,value,": convergent, energy only, context only and neither. At 2.5 kcal/mol, 15 mechanisms are convergent, 2 are context-only and 4 fall in",traced to record,98,COMAVI_audit_calibration_inversion.csv::n
manuscript,The priority score concentrates structural mechanisms at t,para,2,value,"text only and neither. At 2.5 kcal/mol, 15 mechanisms are convergent, 2 are context-only and 4 fall in the neither state, while the",traced to record,676,COMAVI_alphamissense_thresholded_accuracy.json/population/am_class_counts/unavailable
manuscript,The priority score concentrates structural mechanisms at t,para,4,value,"At 2.5 kcal/mol, 15 mechanisms are convergent, 2 are context-only and 4 fall in the neither state, while the energy-only state hold",traced to record,468,COMAVI_alphamissense_thresholded_accuracy.json/population/am_class_counts/ambiguous
manuscript,The priority score concentrates structural mechanisms at t,para,3,value,"ly and 4 fall in the neither state, while the energy-only state holds 3 no-lesion variants and no mechanism. At 1.0 kcal/mol the en",traced to record,586,COMAVI_alphamissense_thresholded_accuracy.json/thresholded_all/ambiguous_resolved[0]/gene
manuscript,The priority score concentrates structural mechanisms at t,para,1.0,value,the energy-only state holds 3 no-lesion variants and no mechanism. At 1.0 kcal/mol the energy-only state holds 6 no-lesion variants a,traced to record,1486,COMAVI_alphamissense_thresholded_accuracy.json/confident_calls/errors[0]/am_pathogenicity
manuscript,The priority score concentrates structural mechanisms at t,para,6,value,"ariants and no mechanism. At 1.0 kcal/mol the energy-only state holds 6 no-lesion variants and 2 mechanisms (S3 Table, evidence_sta",traced to record,251,COMAVI_alphamissense_thresholded_accuracy.json/confident_calls/errors[2]/variant
manuscript,The priority score concentrates structural mechanisms at t,para,2,value,"At 1.0 kcal/mol the energy-only state holds 6 no-lesion variants and 2 mechanisms (S3 Table, evidence_states sheet). At the refere",traced to record,676,COMAVI_alphamissense_thresholded_accuracy.json/population/am_class_counts/unavailable
manuscript,The priority score concentrates structural mechanisms at t,para,9,value,covered what neither reaches alone (Fig 4). The priority score placed 9 of the 21 structural mechanisms in the top 10 and 17 in the,traced to record,110,COMAVI_audit_model_free_recall.csv::missed
manuscript,The priority score concentrates structural mechanisms at t,para,21,value,"hat neither reaches alone (Fig 4). The priority score placed 9 of the 21 structural mechanisms in the top 10 and 17 in the top 20, w",traced to record,70,COMAVI_audit_summary.json/R2_lability/n_labile
manuscript,The priority score concentrates structural mechanisms at t,para,10,value,"he priority score placed 9 of the 21 structural mechanisms in the top 10 and 17 in the top 20, with no further recovery by rank 25.",traced to record,112,COMAVI_audit_lability.csv::max_abs_ddg
manuscript,The priority score concentrates structural mechanisms at t,para,17,value,"rity score placed 9 of the 21 structural mechanisms in the top 10 and 17 in the top 20, with no further recovery by rank 25. Its ROC",traced to record,60,COMAVI_audit_gate_sweep.csv::firing_strong_n
manuscript,The priority score concentrates structural mechanisms at t,para,20,value,"ced 9 of the 21 structural mechanisms in the top 10 and 17 in the top 20, with no further recovery by rank 25. Its ROC AUC was 0.834",traced to record,70,COMAVI_audit_summary.json/asymmetry_bound/n_pathogenic
manuscript,The priority score concentrates structural mechanisms at t,para,25,value,"in the top 10 and 17 in the top 20, with no further recovery by rank 25. Its ROC AUC was 0.834 and its average precision 0.779, aga",traced to record,57,COMAVI_audit_model_free_recall.csv::missed
manuscript,The priority score concentrates structural mechanisms at t,para,0.834,value,"7 in the top 20, with no further recovery by rank 25. Its ROC AUC was 0.834 and its average precision 0.779, against a positive rate of",traced to record,7,COMAVI_tier_construction.json/detection_auc/combined_zsum
manuscript,The priority score concentrates structural mechanisms at t,para,0.779,value,"recovery by rank 25. Its ROC AUC was 0.834 and its average precision 0.779, against a positive rate of 21 in 46; without the four whol",traced to record,7,isds_v1/ISDS_v1_primary_metrics.csv::average_precision
manuscript,The priority score concentrates structural mechanisms at t,para,21,value,"was 0.834 and its average precision 0.779, against a positive rate of 21 in 46; without the four whole-variant no-lesion variants, t",traced to record,70,COMAVI_audit_summary.json/R2_lability/n_labile
manuscript,The priority score concentrates structural mechanisms at t,para,46,value,"834 and its average precision 0.779, against a positive rate of 21 in 46; without the four whole-variant no-lesion variants, the AUC",traced to record,47,COMAVI_audit_tier_gradient_loso.csv::n
manuscript,The priority score concentrates structural mechanisms at t,para,0.837,value,"in 46; without the four whole-variant no-lesion variants, the AUC was 0.837. The ranking applies no energy threshold, and its positive",traced to record,3,chd_concordance_results_FIXED.csv::substitution_severity
manuscript,The priority score concentrates structural mechanisms at t,para,21,value,ural mechanisms at the top of the ranking. (A) Priority scores of the 21 structural-mechanism and 25 no-lesion variants in the 46-va,traced to record,70,COMAVI_audit_summary.json/R2_lability/n_labile
manuscript,The priority score concentrates structural mechanisms at t,para,25,value,f the ranking. (A) Priority scores of the 21 structural-mechanism and 25 no-lesion variants in the 46-variant prioritization populat,traced to record,57,COMAVI_audit_model_free_recall.csv::missed
manuscript,The priority score concentrates structural mechanisms at t,para,46,value,cores of the 21 structural-mechanism and 25 no-lesion variants in the 46-variant prioritization population. (B) Structural mechanism,traced to record,47,COMAVI_audit_tier_gradient_loso.csv::n
manuscript,The priority score concentrates structural mechanisms at t,para,17,value,"A high rank does not guarantee a correct mechanism. Of the 17 structural mechanisms in the top 20, 5 are graded consisten",traced to record,60,COMAVI_audit_gate_sweep.csv::firing_strong_n
manuscript,The priority score concentrates structural mechanisms at t,para,20,value,"antee a correct mechanism. Of the 17 structural mechanisms in the top 20, 5 are graded consistent, 10 partial and 2 inconsistent. Th",traced to record,70,COMAVI_audit_summary.json/asymmetry_bound/n_pathogenic
manuscript,The priority score concentrates structural mechanisms at t,para,5,value,"e a correct mechanism. Of the 17 structural mechanisms in the top 20, 5 are graded consistent, 10 partial and 2 inconsistent. The f",traced to record,264,COMAVI_audit_calibration_inversion.csv::fieller_hi
manuscript,The priority score concentrates structural mechanisms at t,para,10,value,"the 17 structural mechanisms in the top 20, 5 are graded consistent, 10 partial and 2 inconsistent. The four outside it are KRAS G1",traced to record,112,COMAVI_audit_lability.csv::max_abs_ddg
manuscript,The priority score concentrates structural mechanisms at t,para,2,value,"ral mechanisms in the top 20, 5 are graded consistent, 10 partial and 2 inconsistent. The four outside it are KRAS G12D and G12V, M",traced to record,676,COMAVI_alphamissense_thresholded_accuracy.json/population/am_class_counts/unavailable
manuscript,The priority score concentrates structural mechanisms at t,para,32,value,"tside it are KRAS G12D and G12V, MLH1 H718Y and SMAD4 I500V, at ranks 32 to 38 — the four expectations whose measured magnitudes are",traced to record,36,COMAVI_alphamissense_thresholded_accuracy.json/population/am_class_counts/likely_pathogenic
manuscript,The priority score concentrates structural mechanisms at t,para,38,value,"it are KRAS G12D and G12V, MLH1 H718Y and SMAD4 I500V, at ranks 32 to 38 — the four expectations whose measured magnitudes are small",traced to record,33,COMAVI_alphamissense_thresholded_accuracy.json/confident_calls/cell
manuscript,The priority score concentrates structural mechanisms at t,para,2.5,value,"xpectations whose measured magnitudes are smallest, none reaching the 2.5 kcal/mol reference. The two inconsistent cases, MLH1 R755W",traced to record,109,COMAVI_audit_calibration_inversion.csv::direct_regression_estimate
manuscript,The priority score concentrates structural mechanisms at t,para,9.7,value,"me way. FoldX returns a large favorable interaction energy for each (−9.7 and −4.6 kcal/mol), which COMAVI reads as strengthened bind",traced to record,12,COMAVI_audit_lability.csv::max_abs_ddg
manuscript,The priority score concentrates structural mechanisms at t,para,4.6,value,"oldX returns a large favorable interaction energy for each (−9.7 and −4.6 kcal/mol), which COMAVI reads as strengthened binding. For",traced to record,18,COMAVI_audit_lability.csv::max_abs_ddg
manuscript,The priority score concentrates structural mechanisms at t,para,0.97,value,"preserved , and neither stability prediction reaches the threshold (0.97 kcal/mol for the isolated subunit and −0.94 in the complex)",traced to record,28,COMAVI_audit_summary.json/tradeoff_bootstrap/variant_boot_reject_ci[4][1]
manuscript,The priority score concentrates structural mechanisms at t,para,0.94,value,on reaches the threshold (0.97 kcal/mol for the isolated subunit and −0.94 in the complex). These two variants would send a user to th,traced to record,33,COMAVI_audit_summary.json/tradeoff_bootstrap/variant_boot_reject_ci[3][1]
manuscript,Structural prioritization and pathogenicity prediction ans,para,36,value,d modeled structural disruption come apart inside this cohort. Of the 36 pathogenic variants in the 47 that carry both a clinical la,traced to record,45,COMAVI_audit_summary.json/R2_lability/n_stable
manuscript,Structural prioritization and pathogenicity prediction ans,para,47,value,n come apart inside this cohort. Of the 36 pathogenic variants in the 47 that carry both a clinical label and an AlphaMissense score,traced to record,20,COMAVI_audit_tier_gradient_loso.csv::n
manuscript,Structural prioritization and pathogenicity prediction ans,para,14,value,"n the 47 that carry both a clinical label and an AlphaMissense score, 14 are curated to carry no lesion on any modeled axis and 19 c",traced to record,119,COMAVI_audit_gate_sweep.csv::firing_strong_structural
manuscript,Structural prioritization and pathogenicity prediction ans,para,19,value,"ense score, 14 are curated to carry no lesion on any modeled axis and 19 carry a structural mechanism; the remaining 3 are ungraded.",traced to record,44,COMAVI_audit_gate_sweep.csv::firing_strong_n
manuscript,Structural prioritization and pathogenicity prediction ans,para,3,value,n any modeled axis and 19 carry a structural mechanism; the remaining 3 are ungraded. Two fifths of the pathogenic class is therefo,traced to record,586,COMAVI_alphamissense_thresholded_accuracy.json/thresholded_all/ambiguous_resolved[0]/gene
manuscript,Structural prioritization and pathogenicity prediction ans,para,11,value,arison with a pathogenicity predictor is correspondingly limited. All 11 benign variants in this set entered the benchmark as curate,traced to record,105,COMAVI_alphamissense_thresholded_accuracy.json/population/am_class_counts/likely_benign
manuscript,Structural prioritization and pathogenicity prediction ans,para,0.903,value,"With that caveat, AlphaMissense ranked pathogenicity better (ROC AUC 0.903) than the priority score (0.851) or its energy (0.836) and",traced to record,16,COMAVI_numbers_ledger.json/AM_auc
manuscript,Structural prioritization and pathogenicity prediction ans,para,0.851,value,ranked pathogenicity better (ROC AUC 0.903) than the priority score (0.851) or its energy (0.836) and context (0.769) components (Fig,traced to record,9,chd_concordance_results_FIXED.csv::ddg_fold_tcf7l1
manuscript,Structural prioritization and pathogenicity prediction ans,para,0.836,value,better (ROC AUC 0.903) than the priority score (0.851) or its energy (0.836) and context (0.769) components (Fig 5). The populations al,traced to record,4,isds_v1/ISDS_v1_alphamissense_pathogenicity_comparison.csv::pathogenicity_auc
manuscript,Structural prioritization and pathogenicity prediction ans,para,0.769,value,3) than the priority score (0.851) or its energy (0.836) and context (0.769) components (Fig 5). The populations also differ: this set,traced to record,16,COMAVI_audit_lability.csv::max_abs_ddg
manuscript,Structural prioritization and pathogenicity prediction ans,para,0.834,value,"ved, so none of these values is comparable with the structural AUC of 0.834.",traced to record,7,COMAVI_tier_construction.json/detection_auc/combined_zsum
manuscript,Structural prioritization and pathogenicity prediction ans,para,47,value,y against (A) the priority score and (B) its energy component for the 47 complex variants with a clinical label and an AlphaMissense,traced to record,20,COMAVI_audit_tier_gradient_loso.csv::n
manuscript,Structural prioritization and pathogenicity prediction ans,para,0.34,value,"; open circles, benign; gray band, the AlphaMissense ambiguous range (0.34–0.564). Labelled variants are discussed in the text.",traced to record,37,COMAVI_measured_effect_tables.json/measured_effects_recovered/sensitivity_excluding_glu73/by_threshold[3]/fraction
manuscript,Structural prioritization and pathogenicity prediction ans,para,0.564,value,"n circles, benign; gray band, the AlphaMissense ambiguous range (0.34–0.564). Labelled variants are discussed in the text.",traced to record,1,isds_v1/ISDS_v1_per_variant.csv::sens_energy_weight_0_6
manuscript,Structural prioritization and pathogenicity prediction ans,para,0.223,value,"iew adds. HBB E6V is pathogenic but scores low on both AlphaMissense (0.223) and the priority score (0.275), because its mechanism is a",traced to record,11,COMAVI_alphamissense_thresholded_accuracy.json/confident_calls/errors[2]/am_pathogenicity
manuscript,Structural prioritization and pathogenicity prediction ans,para,0.275,value,"but scores low on both AlphaMissense (0.223) and the priority score (0.275), because its mechanism is absent from the supplied model.",traced to record,8,chd_concordance_results_FIXED.csv::ddg_fold_rock2_sd
manuscript,Structural prioritization and pathogenicity prediction ans,para,0.818,value,s absent from the supplied model. CFH R78G has a high priority score (0.818) and a named binding lesion. PIK3CA H1047R and TNNI3 R162W,traced to record,9,COMAVI_numbers_ledger.json/maxddg_auc_on_AM_set
manuscript,Structural prioritization and pathogenicity prediction ans,para,0.398,value,"s, R78G, H1047R and R162W, fall in the AlphaMissense ambiguous range (0.398, 0.538 and 0.411), as does one benign variant, MSH2 N127S.",traced to record,7,COMAVI_alphamissense_thresholded_accuracy.json/thresholded_all/ambiguous_resolved[3]/am_pathogenicity
manuscript,Structural prioritization and pathogenicity prediction ans,para,0.538,value,", H1047R and R162W, fall in the AlphaMissense ambiguous range (0.398, 0.538 and 0.411), as does one benign variant, MSH2 N127S. Where t",traced to record,8,COMAVI_alphamissense_thresholded_accuracy.json/thresholded_all/ambiguous_resolved[0]/am_pathogenicity
manuscript,Structural prioritization and pathogenicity prediction ans,para,0.411,value,"nd R162W, fall in the AlphaMissense ambiguous range (0.398, 0.538 and 0.411), as does one benign variant, MSH2 N127S. Where the pathoge",traced to record,9,COMAVI_alphamissense_thresholded_accuracy.json/thresholded_all/ambiguous_resolved[2]/am_pathogenicity
manuscript,Using the two outputs,para,1.0,value,"The threshold should follow the cost of error. The 1.0 kcal/mol default suits screening, where a missed mechanism",traced to record,1486,COMAVI_alphamissense_thresholded_accuracy.json/confident_calls/errors[0]/am_pathogenicity
manuscript,Using the two outputs,para,2.5,value,"screening, where a missed mechanism costs more than extra follow-up; 2.5 kcal/mol is the benchmark reference; and the prediction-int",traced to record,109,COMAVI_audit_calibration_inversion.csv::direct_regression_estimate
manuscript,Using the two outputs,para,3,value,"ted mechanisms from no-lesion variants, a different question from the 3 kcal/mol cut-off that MAVISp and related MLH1 studies use t",traced to record,586,COMAVI_alphamissense_thresholded_accuracy.json/thresholded_all/ambiguous_resolved[0]/gene
manuscript,Using the two outputs,para,17,value,"th its continuous energy, a user can re-read it at another threshold; 17 of the 56 graded variants change grade within the prespecif",traced to record,60,COMAVI_audit_gate_sweep.csv::firing_strong_n
manuscript,Using the two outputs,para,56,value,"tinuous energy, a user can re-read it at another threshold; 17 of the 56 graded variants change grade within the prespecified range",traced to record,39,COMAVI_audit_calibration_inversion.csv::n
manuscript,Limitations and next tests,para,0.19,value,"re. Published correlations with measured stability changes range from 0.19 to 0.81, and the uncertainty of a single prediction is larg",traced to record,53,COMAVI_tier_energy_gating.json/bh/firing_t10/p_adj
manuscript,Limitations and next tests,para,0.81,value,"ished correlations with measured stability changes range from 0.19 to 0.81, and the uncertainty of a single prediction is large ; eva",traced to record,70,COMAVI_audit_operating_points.csv::rejection_silent
manuscript,Limitations and next tests,para,56,value,"The benchmark is small and clustered: 56 graded variants in 14 systems, with the variants of a syste",traced to record,39,COMAVI_audit_calibration_inversion.csv::n
manuscript,Limitations and next tests,para,14,value,"The benchmark is small and clustered: 56 graded variants in 14 systems, with the variants of a system sharing structures a",traced to record,119,COMAVI_audit_gate_sweep.csv::firing_strong_structural
manuscript,Limitations and next tests,para,0.834,value,"t of the priority score, so its ranking figures, including the AUC of 0.834, are in-sample estimates; the formula is frozen, which is w",traced to record,7,COMAVI_tier_construction.json/detection_auc/combined_zsum
manuscript,Structures and energy calculations,para,3,value,erimental complex structures and seven used models from the AlphaFold 3 server (Table 1) . The isolated subunit is a separate sing,traced to record,586,COMAVI_alphamissense_thresholded_accuracy.json/thresholded_all/ambiguous_resolved[0]/gene
manuscript,Structures and energy calculations,para,14,value,"le-chain model, not a chain extracted from the complex. Eleven of the 14 systems use a single-chain AlphaFold 3 model of the relevan",traced to record,119,COMAVI_audit_gate_sweep.csv::firing_strong_structural
manuscript,Structures and energy calculations,para,3,value,"om the complex. Eleven of the 14 systems use a single-chain AlphaFold 3 model of the relevant gene, including systems whose complex",traced to record,586,COMAVI_alphamissense_thresholded_accuracy.json/thresholded_all/ambiguous_resolved[0]/gene
manuscript,Structures and energy calculations,para,5.1,value,and it is also a source of error. Energies were calculated with FoldX 5.1 using default energy-function parameters. Energies are re,traced to record,13,COMAVI_delta_calibration_points.csv::foldx_ddg
manuscript,Structures and energy calculations,para,1,value,"are reported in kcal/mol, the convention of the stability literature; 1 kcal/mol is 4.184 kJ/mol. Each structure was repaired once",traced to record,2314,COMAVI_alphamissense_thresholded_accuracy.json/confident_calls/accuracy
manuscript,Structures and energy calculations,para,4.184,value,"n kcal/mol, the convention of the stability literature; 1 kcal/mol is 4.184 kJ/mol. Each structure was repaired once with RepairPDB. Bu",physical constant,0,
manuscript,Structural confidence,para,50,value,tings. An axis is admitted when the pLDDT at the variant site reaches 50. The isolated-subunit axis follows the site pLDDT in the si,traced to record,13,COMAVI_measured_effect_tables.json/measured_effects_recovered/population/measured_stabilizing_not_in_population[1]
manuscript,Structural confidence,para,50,value,ch partner's axes follow the site pLDDT in the complex. An axis below 50 contributes neither a mechanism call nor a term to the prio,traced to record,13,COMAVI_measured_effect_tables.json/measured_effects_recovered/population/measured_stabilizing_not_in_population[1]
manuscript,Structural confidence,para,70,value,"rtner adds no contacts, interface occupancy or burial to the tier. At 70 the derived confidence of a variant's energies is upgraded",traced to record,14,COMAVI_plddt_gating_comparison.json/plddt_gate/note
manuscript,Structural confidence,para,0.7,value,"e. Independently of either, the tier's context score is multiplied by 0.7 when the best site pLDDT lies between 50 and 70 and by 0.4",traced to record,415,COMAVI_audit_calibration_inversion.csv::inverse_estimate
manuscript,Structural confidence,para,50,value,text score is multiplied by 0.7 when the best site pLDDT lies between 50 and 70 and by 0.4 below 50; experimental structures are not,traced to record,13,COMAVI_measured_effect_tables.json/measured_effects_recovered/population/measured_stabilizing_not_in_population[1]
manuscript,Structural confidence,para,70,value,ore is multiplied by 0.7 when the best site pLDDT lies between 50 and 70 and by 0.4 below 50; experimental structures are not attenu,traced to record,14,COMAVI_plddt_gating_comparison.json/plddt_gate/note
manuscript,Structural confidence,para,0.4,value,tiplied by 0.7 when the best site pLDDT lies between 50 and 70 and by 0.4 below 50; experimental structures are not attenuated.,traced to record,219,COMAVI_alphamissense_thresholded_accuracy.json/thresholded_all/ambiguous_resolved[2]/am_pathogenicity
manuscript,Structural confidence,para,50,value,0.7 when the best site pLDDT lies between 50 and 70 and by 0.4 below 50; experimental structures are not attenuated.,traced to record,13,COMAVI_measured_effect_tables.json/measured_effects_recovered/population/measured_stabilizing_not_in_population[1]
manuscript,Structural-context tier and priority score,para,2.9,value,"idence-passing energy j, |ΔΔGj| is divided by a reference value τj of 2.9 kcal/mol for the two stability axes and 3.5 kcal/mol for bi",traced to record,81,COMAVI_audit_calibration_inversion.csv::foldx_t
manuscript,Structural-context tier and priority score,para,3.5,value,y a reference value τj of 2.9 kcal/mol for the two stability axes and 3.5 kcal/mol for binding. These are the upper bounds of the pub,traced to record,71,COMAVI_audit_calibration_inversion.csv::fieller_hi
manuscript,Structural-context tier and priority score,para,95,value,al/mol for binding. These are the upper bounds of the published FoldX 95% prediction intervals . Here they serve as divisors that p,traced to record,8,chd_concordance_collapsed.csv::best_plddt
manuscript,E = R1 + R,para,4,value,"e tier T is converted to a context component C, which maps Tiers 1 to 4 to 1, 2/3, 1/3 and 0:",traced to record,468,COMAVI_alphamissense_thresholded_accuracy.json/population/am_class_counts/ambiguous
manuscript,E = R1 + R,para,1,value,"r T is converted to a context component C, which maps Tiers 1 to 4 to 1, 2/3, 1/3 and 0:",traced to record,2314,COMAVI_alphamissense_thresholded_accuracy.json/confident_calls/accuracy
manuscript,E = R1 + R,para,2,value,"is converted to a context component C, which maps Tiers 1 to 4 to 1, 2/3, 1/3 and 0:",traced to record,676,COMAVI_alphamissense_thresholded_accuracy.json/population/am_class_counts/unavailable
manuscript,E = R1 + R,para,3,value,"s converted to a context component C, which maps Tiers 1 to 4 to 1, 2/3, 1/3 and 0:",traced to record,586,COMAVI_alphamissense_thresholded_accuracy.json/thresholded_all/ambiguous_resolved[0]/gene
manuscript,E = R1 + R,para,1,value,"onverted to a context component C, which maps Tiers 1 to 4 to 1, 2/3, 1/3 and 0:",traced to record,2314,COMAVI_alphamissense_thresholded_accuracy.json/confident_calls/accuracy
manuscript,E = R1 + R,para,3,value,"verted to a context component C, which maps Tiers 1 to 4 to 1, 2/3, 1/3 and 0:",traced to record,586,COMAVI_alphamissense_thresholded_accuracy.json/thresholded_all/ambiguous_resolved[0]/gene
manuscript,E = R1 + R,para,0,value,"to a context component C, which maps Tiers 1 to 4 to 1, 2/3, 1/3 and 0:",traced to record,2747,COMAVI_alphamissense_thresholded_accuracy.json/confident_calls/errors[2]/am_pathogenicity
manuscript,C = 4 − T3,para,4,value,C = 4 − T3,traced to record,468,COMAVI_alphamissense_thresholded_accuracy.json/population/am_class_counts/ambiguous
manuscript,S = E + C2,para,2,value,"d process, and no binary cut-off on it has been validated. The Tier 1–2 cut-off is used only in the descriptive comparator analyses",traced to record,676,COMAVI_alphamissense_thresholded_accuracy.json/population/am_class_counts/unavailable
manuscript,Energy thresholds and evidence states,para,1.0,value,"ive operating points were fixed before scoring: uniform thresholds of 1.0, 1.5, 2.0 and 2.5 kcal/mol, and the prediction-interval bou",traced to record,1486,COMAVI_alphamissense_thresholded_accuracy.json/confident_calls/errors[0]/am_pathogenicity
manuscript,Energy thresholds and evidence states,para,1.5,value,"perating points were fixed before scoring: uniform thresholds of 1.0, 1.5, 2.0 and 2.5 kcal/mol, and the prediction-interval bound. T",traced to record,105,COMAVI_audit_calibration_inversion.csv::fieller_hi
manuscript,Energy thresholds and evidence states,para,2.0,value,"ing points were fixed before scoring: uniform thresholds of 1.0, 1.5, 2.0 and 2.5 kcal/mol, and the prediction-interval bound. The bo",traced to record,501,COMAVI_alphamissense_thresholded_accuracy.json/population/am_class_counts/unavailable
manuscript,Energy thresholds and evidence states,para,2.5,value,"ts were fixed before scoring: uniform thresholds of 1.0, 1.5, 2.0 and 2.5 kcal/mol, and the prediction-interval bound. The bound take",traced to record,109,COMAVI_audit_calibration_inversion.csv::direct_regression_estimate
manuscript,Energy thresholds and evidence states,para,95,value,"nd. The bound takes, separately for each axis, the upper limit of the 95% prediction interval fitted to FoldX folding and binding pr",traced to record,8,chd_concordance_collapsed.csv::best_plddt
manuscript,Energy thresholds and evidence states,para,2.9,value,"rediction interval fitted to FoldX folding and binding predictions : 2.9 kcal/mol for isolated-subunit stability, 2.9 for assembled-",traced to record,81,COMAVI_audit_calibration_inversion.csv::foldx_t
manuscript,Energy thresholds and evidence states,para,2.9,value,"d binding predictions : 2.9 kcal/mol for isolated-subunit stability, 2.9 for assembled-complex stability and 3.5 for binding. A call",traced to record,81,COMAVI_audit_calibration_inversion.csv::foldx_t
manuscript,Energy thresholds and evidence states,para,3.5,value,"r isolated-subunit stability, 2.9 for assembled-complex stability and 3.5 for binding. A call that survives the bound is unlikely to",traced to record,71,COMAVI_audit_calibration_inversion.csv::fieller_hi
manuscript,Energy thresholds and evidence states,para,1.0,value,"kely to arise from prediction error alone. The released software uses 1.0 kcal/mol as a screening default, and 2.5 kcal/mol is the be",traced to record,1486,COMAVI_alphamissense_thresholded_accuracy.json/confident_calls/errors[0]/am_pathogenicity
manuscript,Energy thresholds and evidence states,para,2.5,value,". The released software uses 1.0 kcal/mol as a screening default, and 2.5 kcal/mol is the benchmark reference. S3 Table (threshold_sw",traced to record,109,COMAVI_audit_calibration_inversion.csv::direct_regression_estimate
manuscript,Energy thresholds and evidence states,para,2,value,ints above the bound. Crossing the energy calls with the tier (Tier 1–2 against Tier 3–4) defines four descriptive evidence states:,traced to record,676,COMAVI_alphamissense_thresholded_accuracy.json/population/am_class_counts/unavailable
manuscript,Energy thresholds and evidence states,para,4,value,"und. Crossing the energy calls with the tier (Tier 1–2 against Tier 3–4) defines four descriptive evidence states: convergent, ener",traced to record,468,COMAVI_alphamissense_thresholded_accuracy.json/population/am_class_counts/ambiguous
manuscript,Benchmark curation,para,99,value,"left uncommitted. S1 Table gives the class, basis and citation of all 99 committed expectations, and an automated check enforces agr",traced to record,28,COMAVI_evidence_ledger_summary.json/n_committed_axes
manuscript,Outcomes and statistics,para,1,value,"mechanism-pattern score is the mean of a three-level grade (Table 3): 1 for a fully consistent whole-variant pattern, 0.5 for a par",traced to record,2314,COMAVI_alphamissense_thresholded_accuracy.json/confident_calls/accuracy
manuscript,Outcomes and statistics,para,0.5,value,"evel grade (Table 3): 1 for a fully consistent whole-variant pattern, 0.5 for a partly correct multi-axis pattern and 0 for an incons",traced to record,322,COMAVI_alphamissense_thresholded_accuracy.json/thresholded_all/ambiguous_resolved[0]/am_pathogenicity
manuscript,Outcomes and statistics,para,0,value,"hole-variant pattern, 0.5 for a partly correct multi-axis pattern and 0 for an inconsistent pattern. It is a weighted mechanism con",traced to record,2747,COMAVI_alphamissense_thresholded_accuracy.json/confident_calls/errors[2]/am_pathogenicity
manuscript,Outcomes and statistics,table,1.0,value,"ant, and no modeled energy effect at the threshold | Consistent | 1.0",traced to record,1486,COMAVI_alphamissense_thresholded_accuracy.json/confident_calls/errors[0]/am_pathogenicity
manuscript,Outcomes and statistics,table,1.0,value,"the correct direction, with no unsupported effect | Consistent | 1.0",traced to record,1486,COMAVI_alphamissense_thresholded_accuracy.json/confident_calls/errors[0]/am_pathogenicity
manuscript,Outcomes and statistics,table,0.5,value,xis expected to be neutral also reaches the threshold | Partial | 0.5,traced to record,322,COMAVI_alphamissense_thresholded_accuracy.json/thresholded_all/ambiguous_resolved[0]/am_pathogenicity
manuscript,Outcomes and statistics,table,0.5,value,"xpected effects missed, without an unsupported effect | Partial | 0.5",traced to record,322,COMAVI_alphamissense_thresholded_accuracy.json/thresholded_all/ambiguous_resolved[0]/am_pathogenicity
manuscript,Outcomes and statistics,table,0.0,value,nge opposite in direction to the expected effect | Inconsistent | 0.0,traced to record,2388,COMAVI_audit_gate_sweep.csv::firing_fisher_p
manuscript,Outcomes and statistics,table,0.0,value,d entirely; or a missed effect with a wrong call | Inconsistent | 0.0,traced to record,2388,COMAVI_audit_gate_sweep.csv::firing_fisher_p
manuscript,Outcomes and statistics,para,53,value,Variants are named as their primary literature names them. For 53 of the 61 that is the numbering of the UniProt reference se,traced to record,24,COMAVI_alphamissense_thresholded_accuracy.json/confident_calls/errors[4]/variant
manuscript,Outcomes and statistics,para,61,value,iants are named as their primary literature names them. For 53 of the 61 that is the numbering of the UniProt reference sequence; th,traced to record,33,COMAVI_audit_summary.json/denominators/n_rows
manuscript,Outcomes and statistics,para,0.72,value,"no-lesion controls, and on each of the three axes both predict below 0.72 kcal/mol, under the lowest threshold considered, so the dir",traced to record,80,COMAVI_audit_operating_points.csv::pooled_MC
manuscript,Outcomes and statistics,para,1.0,value,ation is every comparison with a measured destabilization of at least 1.0 kcal/mol. Calibration used Spearman correlation and least-s,traced to record,1486,COMAVI_alphamissense_thresholded_accuracy.json/confident_calls/errors[0]/am_pathogenicity
manuscript,Outcomes and statistics,para,21,value,"For prioritization, the positive class is the 21 structural-mechanism variants and the negative class the 25",traced to record,70,COMAVI_audit_summary.json/R2_lability/n_labile
manuscript,Outcomes and statistics,para,25,value,ss is the 21 structural-mechanism variants and the negative class the 25 no-lesion variants in the 46-variant population. Average pr,traced to record,57,COMAVI_audit_model_free_recall.csv::missed
manuscript,Outcomes and statistics,para,46,value,nism variants and the negative class the 25 no-lesion variants in the 46-variant population. Average precision summarizes precision,traced to record,47,COMAVI_audit_tier_gradient_loso.csv::n
manuscript,Outcomes and statistics,para,2,value,"d curation, so the main uncertainty analysis resampled whole systems (2,000 draws). We also report leave-one-system-out values, var",traced to record,676,COMAVI_alphamissense_thresholded_accuracy.json/population/am_class_counts/unavailable
manuscript,Outcomes and statistics,para,000,value,"curation, so the main uncertainty analysis resampled whole systems (2,000 draws). We also report leave-one-system-out values, variant","extraction artifact (comma thousands separator, e.g. 2,000)",0,
manuscript,Software and code,para,3.11,value,"Scoring and statistics used Python 3.11 with pandas 2.3.3, NumPy 2.4.6, SciPy 1.17.1 and scikit-lea",traced to record,6,comavi_v7_concordance_annotated.csv::ddg_binding_pik3r1_ci95_sapozhnikov_high
manuscript,Software and code,para,2.3,value,"Scoring and statistics used Python 3.11 with pandas 2.3.3, NumPy 2.4.6, SciPy 1.17.1 and scikit-learn 1.9.0. Code,",traced to record,79,COMAVI_audit_calibration_inversion.csv::fieller_lo
manuscript,Software and code,para,2.4,value,"Scoring and statistics used Python 3.11 with pandas 2.3.3, NumPy 2.4.6, SciPy 1.17.1 and scikit-learn 1.9.0. Code, reference out",traced to record,33,COMAVI_audit_calibration_inversion.csv::fieller_lo
manuscript,Software and code,para,1.17,value,"and statistics used Python 3.11 with pandas 2.3.3, NumPy 2.4.6, SciPy 1.17.1 and scikit-learn 1.9.0. Code, reference outputs, figure s",traced to record,20,COMAVI_audit_lability.csv::max_abs_ddg
manuscript,Software and code,para,1.9,value,"on 3.11 with pandas 2.3.3, NumPy 2.4.6, SciPy 1.17.1 and scikit-learn 1.9.0. Code, reference outputs, figure sources and regression t",traced to record,52,COMAVI_audit_calibration_inversion.csv::inverse_estimate
manuscript,Supporting information,para,99,value,"d structural expectations with their evidence basis and citation. All 99 committed axis expectations, and the four no-lesion variant",traced to record,28,COMAVI_evidence_ledger_summary.json/n_committed_axes
manuscript,Supporting information,para,2.0,value,"ates, detection metrics, pathogenicity ranking, robustness and SKEMPI 2.0 validation.",traced to record,501,COMAVI_alphamissense_thresholded_accuracy.json/population/am_class_counts/unavailable
manuscript,Supporting information,para,2.0,value,"alidation. Silent results by clinical label, stress tests, the SKEMPI 2.0 binding check and the crossing of rank with grade.",traced to record,501,COMAVI_alphamissense_thresholded_accuracy.json/population/am_class_counts/unavailable
manuscript,Supporting information,para,2,value,"S1 Fig. Stress tests of the mechanism-pattern score. (A) Score under 2,000 permutations of the ground-truth labels, permuted as a",traced to record,676,COMAVI_alphamissense_thresholded_accuracy.json/population/am_class_counts/unavailable
manuscript,Supporting information,para,000,value,"1 Fig. Stress tests of the mechanism-pattern score. (A) Score under 2,000 permutations of the ground-truth labels, permuted as a bloc","extraction artifact (comma thousands separator, e.g. 2,000)",0,
manuscript,Supporting information,para,0.661,value,"uth labels, permuted as a block; the vertical line marks the observed 0.661. (B) Score over 2,000 resamples of the 14 systems; dashed l",traced to record,15,COMAVI_detection_vs_attribution.json/headline_score/mean
manuscript,Supporting information,para,2,value,"s a block; the vertical line marks the observed 0.661. (B) Score over 2,000 resamples of the 14 systems; dashed lines mark the 95%",traced to record,676,COMAVI_alphamissense_thresholded_accuracy.json/population/am_class_counts/unavailable
manuscript,Supporting information,para,000,value,"a block; the vertical line marks the observed 0.661. (B) Score over 2,000 resamples of the 14 systems; dashed lines mark the 95% inte","extraction artifact (comma thousands separator, e.g. 2,000)",0,
manuscript,Supporting information,para,14,value,"line marks the observed 0.661. (B) Score over 2,000 resamples of the 14 systems; dashed lines mark the 95% interval (0.573–0.755).",traced to record,119,COMAVI_audit_gate_sweep.csv::firing_strong_structural
manuscript,Supporting information,para,95,value,") Score over 2,000 resamples of the 14 systems; dashed lines mark the 95% interval (0.573–0.755). (C) Score with each system left ou",traced to record,8,chd_concordance_collapsed.csv::best_plddt
manuscript,Supporting information,para,0.573,value,",000 resamples of the 14 systems; dashed lines mark the 95% interval (0.573–0.755). (C) Score with each system left out in turn; the da",traced to record,4,COMAVI_numbers_ledger.json/MC_cluster_ci95[0]
manuscript,Supporting information,para,0.755,value,esamples of the 14 systems; dashed lines mark the 95% interval (0.573–0.755). (C) Score with each system left out in turn; the dashed l,traced to record,4,COMAVI_numbers_ledger.json/MC_cluster_ci95[1]
manuscript,Supporting information,para,500,value,in turn; the dashed line marks the full-cohort value. (D) Score over 500 draws that add Gaussian noise at the standard error of each,traced to record,21,COMAVI_directional_enrichment.json/pathogenic_but_silent/variants[12]
manuscript,Supporting information,para,2.0,value,S2 Fig. Binding-axis validation on SKEMPI 2.0. Predicted against measured binding ΔΔG for (A) 24 barnase–,traced to record,501,COMAVI_alphamissense_thresholded_accuracy.json/population/am_class_counts/unavailable
manuscript,Supporting information,para,24,value,"idation on SKEMPI 2.0. Predicted against measured binding ΔΔG for (A) 24 barnase–barstar substitutions, with the seven at barnase Gl",traced to record,57,COMAVI_evidence_stratified_agreement.json/stratified/per_token/destab/quant_n
manuscript,Supporting information,para,24,value,"bstitutions, with the seven at barnase Glu73 as open circles, and (B) 24 TEM1–BLIP substitutions. Over all 48, ρ = 0.34; without Glu",traced to record,57,COMAVI_evidence_stratified_agreement.json/stratified/per_token/destab/quant_n
manuscript,Supporting information,para,48,value,"e Glu73 as open circles, and (B) 24 TEM1–BLIP substitutions. Over all 48, ρ = 0.34; without Glu73, ρ = 0.55 (n = 41).",traced to record,10,COMAVI_audit_tier_gradient_loso.csv::n
manuscript,Supporting information,para,0.34,value,"as open circles, and (B) 24 TEM1–BLIP substitutions. Over all 48, ρ = 0.34; without Glu73, ρ = 0.55 (n = 41).",traced to record,37,COMAVI_measured_effect_tables.json/measured_effects_recovered/sensitivity_excluding_glu73/by_threshold[3]/fraction
manuscript,Supporting information,para,0.55,value,"24 TEM1–BLIP substitutions. Over all 48, ρ = 0.34; without Glu73, ρ = 0.55 (n = 41).",traced to record,38,COMAVI_foldx_scale_calibration.json/counterfactual/fold_class_base[0]
manuscript,Supporting information,para,41,value,"IP substitutions. Over all 48, ρ = 0.34; without Glu73, ρ = 0.55 (n = 41).",traced to record,29,COMAVI_numbers_ledger.json/skempi/combined_ex_Glu73/n
manuscript,Supporting information,para,2.5,value,"S3 Fig. Call relationships between predicted and measured energies at 2.5 kcal/mol. Absolute prediction error for the 63 comparisons,",traced to record,109,COMAVI_audit_calibration_inversion.csv::direct_regression_estimate
manuscript,Supporting information,para,63,value,"measured energies at 2.5 kcal/mol. Absolute prediction error for the 63 comparisons, grouped by whether the measured and predicted",traced to record,10,COMAVI_audit_summary.json/R3_model_free/n_calibration_points
manuscript,Supporting information,para,43,value,"isons, grouped by whether the measured and predicted calls agree (n = 43), disagree with both values within 1.0 kcal/mol of the thre",traced to record,30,COMAVI_alphamissense_thresholded_accuracy.json/confident_calls/cell
manuscript,Supporting information,para,1.0,value,"and predicted calls agree (n = 43), disagree with both values within 1.0 kcal/mol of the threshold (borderline, n = 7) or disagree b",traced to record,1486,COMAVI_alphamissense_thresholded_accuracy.json/confident_calls/errors[0]/am_pathogenicity
manuscript,Supporting information,para,7,value,"ith both values within 1.0 kcal/mol of the threshold (borderline, n = 7) or disagree by more (substantive, n = 13). Gray bars mark",traced to record,191,COMAVI_audit_calibration_inversion.csv::fieller_hi
manuscript,Supporting information,para,13,value,"e threshold (borderline, n = 7) or disagree by more (substantive, n = 13). Gray bars mark medians; open circles, barnase Glu73.",traced to record,68,COMAVI_audit_gate_sweep.csv::firing_strong_structural
manuscript,Supporting information,para,46,value,S4 Fig. Structural-context comparators on the 46-variant prioritization population. Sensitivity on the 21 st,traced to record,47,COMAVI_audit_tier_gradient_loso.csv::n
manuscript,Supporting information,para,21,value,ators on the 46-variant prioritization population. Sensitivity on the 21 structural-mechanism variants and specificity on the 25 no-,traced to record,70,COMAVI_audit_summary.json/R2_lability/n_labile
manuscript,Supporting information,para,25,value,"tivity on the 21 structural-mechanism variants and specificity on the 25 no-lesion variants for interface status alone, the tier wit",traced to record,57,COMAVI_audit_model_free_recall.csv::missed
manuscript,Supporting information,para,2,value,"alone, the tier without its interface bonus and the full tier (Tier 1–2).",traced to record,676,COMAVI_alphamissense_thresholded_accuracy.json/population/am_class_counts/unavailable
manuscript,Supporting information,para,1,value,transformation and component ranking. (A) The energy component E = R/(1 + R) as a function of the largest energy ratio R. (B) ROC c,traced to record,2314,COMAVI_alphamissense_thresholded_accuracy.json/confident_calls/accuracy
manuscript,Supporting information,para,46,value,s for the priority score and its energy and context components on the 46-variant prioritization population.,traced to record,47,COMAVI_audit_tier_gradient_loso.csv::n
S1_Text,S1_Text,table,1,value,Section 1 | Implementation details and statistical conventions,traced to record,2314,COMAVI_alphamissense_thresholded_accuracy.json/confident_calls/accuracy
S1_Text,S1_Text,table,2,value,Section 2 | Evidence provenance and denominator sensitivity,traced to record,676,COMAVI_alphamissense_thresholded_accuracy.json/population/am_class_counts/unavailable
S1_Text,Section 1. Implementation details and statistical conventi,para,1,value,Section 1. Implementation details and statistical conventions,traced to record,2314,COMAVI_alphamissense_thresholded_accuracy.json/confident_calls/accuracy
S1_Text,foldx --command=RepairPDB --pdb=<structure> --output-dir=<,para,5,value,del --pdb=<repaired> --mutant-file=individual_list.txt --numberOfRuns=5 --output-dir=<workdir>,traced to record,264,COMAVI_audit_calibration_inversion.csv::fieller_hi
S1_Text,foldx --command=RepairPDB --pdb=<structure> --output-dir=<,para,1.5,value,"onfidence-passing inter-chain contact count, plus an interface bonus (1.5 for one partner; 2.0 for at least two) and a burial bonus (",traced to record,105,COMAVI_audit_calibration_inversion.csv::fieller_hi
S1_Text,foldx --command=RepairPDB --pdb=<structure> --output-dir=<,para,2.0,value,"er-chain contact count, plus an interface bonus (1.5 for one partner; 2.0 for at least two) and a burial bonus (1.0 for partial buria",traced to record,501,COMAVI_alphamissense_thresholded_accuracy.json/population/am_class_counts/unavailable
S1_Text,foldx --command=RepairPDB --pdb=<structure> --output-dir=<,para,1.0,value,bonus (1.5 for one partner; 2.0 for at least two) and a burial bonus (1.0 for partial burial; 2.0 for a buried core position). The re,traced to record,1486,COMAVI_alphamissense_thresholded_accuracy.json/confident_calls/errors[0]/am_pathogenicity
S1_Text,foldx --command=RepairPDB --pdb=<structure> --output-dir=<,para,2.0,value,er; 2.0 for at least two) and a burial bonus (1.0 for partial burial; 2.0 for a buried core position). The result is multiplied by 1.,traced to record,501,COMAVI_alphamissense_thresholded_accuracy.json/population/am_class_counts/unavailable
S1_Text,foldx --command=RepairPDB --pdb=<structure> --output-dir=<,para,1.0,value,"burial; 2.0 for a buried core position). The result is multiplied by 1.0 for pLDDT at least 70, 0.7 for pLDDT 50-70, and 0.4 below 5",traced to record,1486,COMAVI_alphamissense_thresholded_accuracy.json/confident_calls/errors[0]/am_pathogenicity
S1_Text,foldx --command=RepairPDB --pdb=<structure> --output-dir=<,para,70,value,"ed core position). The result is multiplied by 1.0 for pLDDT at least 70, 0.7 for pLDDT 50-70, and 0.4 below 50; experimental struct",traced to record,14,COMAVI_plddt_gating_comparison.json/plddt_gate/note
S1_Text,foldx --command=RepairPDB --pdb=<structure> --output-dir=<,para,0.7,value,"ore position). The result is multiplied by 1.0 for pLDDT at least 70, 0.7 for pLDDT 50-70, and 0.4 below 50; experimental structures",traced to record,415,COMAVI_audit_calibration_inversion.csv::inverse_estimate
S1_Text,foldx --command=RepairPDB --pdb=<structure> --output-dir=<,para,50,value,"The result is multiplied by 1.0 for pLDDT at least 70, 0.7 for pLDDT 50-70, and 0.4 below 50; experimental structures bypass this a",traced to record,13,COMAVI_measured_effect_tables.json/measured_effects_recovered/population/measured_stabilizing_not_in_population[1]
S1_Text,foldx --command=RepairPDB --pdb=<structure> --output-dir=<,para,70,value,"e result is multiplied by 1.0 for pLDDT at least 70, 0.7 for pLDDT 50-70, and 0.4 below 50; experimental structures bypass this atte",traced to record,14,COMAVI_plddt_gating_comparison.json/plddt_gate/note
S1_Text,foldx --command=RepairPDB --pdb=<structure> --output-dir=<,para,0.4,value,"is multiplied by 1.0 for pLDDT at least 70, 0.7 for pLDDT 50-70, and 0.4 below 50; experimental structures bypass this attenuation.",traced to record,219,COMAVI_alphamissense_thresholded_accuracy.json/thresholded_all/ambiguous_resolved[2]/am_pathogenicity
S1_Text,foldx --command=RepairPDB --pdb=<structure> --output-dir=<,para,50,value,"lied by 1.0 for pLDDT at least 70, 0.7 for pLDDT 50-70, and 0.4 below 50; experimental structures bypass this attenuation. Fixed cut",traced to record,13,COMAVI_measured_effect_tables.json/measured_effects_recovered/population/measured_stabilizing_not_in_population[1]
S1_Text,foldx --command=RepairPDB --pdb=<structure> --output-dir=<,para,5.0,value,"es bypass this attenuation. Fixed cutoffs assign Tier 1 at s at least 5.0, Tier 2 at 3.0 to less than 5.0, Tier 3 at 1.5 to less than",traced to record,136,COMAVI_audit_gate_sweep.csv::silent_strong_structural
S1_Text,foldx --command=RepairPDB --pdb=<structure> --output-dir=<,para,3.0,value,"attenuation. Fixed cutoffs assign Tier 1 at s at least 5.0, Tier 2 at 3.0 to less than 5.0, Tier 3 at 1.5 to less than 3.0, and Tier",traced to record,372,COMAVI_alphamissense_thresholded_accuracy.json/thresholded_all/ambiguous_resolved[0]/gene
S1_Text,foldx --command=RepairPDB --pdb=<structure> --output-dir=<,para,5.0,value,"d cutoffs assign Tier 1 at s at least 5.0, Tier 2 at 3.0 to less than 5.0, Tier 3 at 1.5 to less than 3.0, and Tier 4 below 1.5.",traced to record,136,COMAVI_audit_gate_sweep.csv::silent_strong_structural
S1_Text,foldx --command=RepairPDB --pdb=<structure> --output-dir=<,para,1.5,value,"n Tier 1 at s at least 5.0, Tier 2 at 3.0 to less than 5.0, Tier 3 at 1.5 to less than 3.0, and Tier 4 below 1.5.",traced to record,105,COMAVI_audit_calibration_inversion.csv::fieller_hi
S1_Text,foldx --command=RepairPDB --pdb=<structure> --output-dir=<,para,3.0,value,"least 5.0, Tier 2 at 3.0 to less than 5.0, Tier 3 at 1.5 to less than 3.0, and Tier 4 below 1.5.",traced to record,372,COMAVI_alphamissense_thresholded_accuracy.json/thresholded_all/ambiguous_resolved[0]/gene
S1_Text,foldx --command=RepairPDB --pdb=<structure> --output-dir=<,para,1.5,value,".0 to less than 5.0, Tier 3 at 1.5 to less than 3.0, and Tier 4 below 1.5.",traced to record,105,COMAVI_audit_calibration_inversion.csv::fieller_hi
S1_Text,Section 2. Evidence provenance and denominator sensitivity,para,2,value,Section 2. Evidence provenance and denominator sensitivity,traced to record,676,COMAVI_alphamissense_thresholded_accuracy.json/population/am_class_counts/unavailable
S1_Text,Section 2. Evidence provenance and denominator sensitivity,para,99,value,The evidence ledger contains 99 committed energetic-axis expectations. E1-E3 expectations a,traced to record,28,COMAVI_evidence_ledger_summary.json/n_committed_axes
S1_Text,Section 2. Evidence provenance and denominator sensitivity,para,9,value,and E5 commitments are heavily enriched for neutral expectations: all 9 E4 axes and all 18 E5 axes are neutral. Complex-context sta,traced to record,110,COMAVI_audit_model_free_recall.csv::missed
S1_Text,Section 2. Evidence provenance and denominator sensitivity,para,18,value,are heavily enriched for neutral expectations: all 9 E4 axes and all 18 E5 axes are neutral. Complex-context stability is the least,traced to record,63,COMAVI_audit_model_free_recall.csv::missed
S1_Text,Section 2. Evidence provenance and denominator sensitivity,para,14,value,. Complex-context stability is the least independently grounded axis: 14 of its 25 committed axes rest on inferred rather than direc,traced to record,119,COMAVI_audit_gate_sweep.csv::firing_strong_structural
S1_Text,Section 2. Evidence provenance and denominator sensitivity,para,25,value,context stability is the least independently grounded axis: 14 of its 25 committed axes rest on inferred rather than direct or coupl,traced to record,57,COMAVI_audit_model_free_recall.csv::missed
S1_Text,Section 2. Evidence provenance and denominator sensitivity,para,11,value,"ted axes rest on inferred rather than direct or coupled evidence, and 11 are E5 inferred axis states.",traced to record,105,COMAVI_alphamissense_thresholded_accuracy.json/population/am_class_counts/likely_benign
S1_Text,Section 2. Evidence provenance and denominator sensitivity,para,78,value,"Using the all-row 78-axis convention, energetic-output agreement was 20/32 = 0.6",traced to record,39,COMAVI_alphamissense_thresholded_accuracy.json/thresholded_all/ambiguous_resolved[3]/variant
S1_Text,Section 2. Evidence provenance and denominator sensitivity,para,20,value,"Using the all-row 78-axis convention, energetic-output agreement was 20/32 = 0.625 for E1-E2 evidence and 38/46 = 0.826 for E3-E5 e",traced to record,70,COMAVI_audit_summary.json/asymmetry_bound/n_pathogenic
S1_Text,Section 2. Evidence provenance and denominator sensitivity,para,32,value,"ing the all-row 78-axis convention, energetic-output agreement was 20/32 = 0.625 for E1-E2 evidence and 38/46 = 0.826 for E3-E5 evid",traced to record,36,COMAVI_alphamissense_thresholded_accuracy.json/population/am_class_counts/likely_pathogenic
S1_Text,Section 2. Evidence provenance and denominator sensitivity,para,0.625,value,"he all-row 78-axis convention, energetic-output agreement was 20/32 = 0.625 for E1-E2 evidence and 38/46 = 0.826 for E3-E5 evidence (Fi",traced to record,17,COMAVI_audit_summary.json/tradeoff_bootstrap/variant_boot_reject_ci[0][1]
S1_Text,Section 2. Evidence provenance and denominator sensitivity,para,38,value,", energetic-output agreement was 20/32 = 0.625 for E1-E2 evidence and 38/46 = 0.826 for E3-E5 evidence (Fisher p = 0.065). Evidence",traced to record,33,COMAVI_alphamissense_thresholded_accuracy.json/confident_calls/cell
S1_Text,Section 2. Evidence provenance and denominator sensitivity,para,46,value,nergetic-output agreement was 20/32 = 0.625 for E1-E2 evidence and 38/46 = 0.826 for E3-E5 evidence (Fisher p = 0.065). Evidence cla,traced to record,47,COMAVI_audit_tier_gradient_loso.csv::n
S1_Text,Section 2. Evidence provenance and denominator sensitivity,para,0.826,value,tic-output agreement was 20/32 = 0.625 for E1-E2 evidence and 38/46 = 0.826 for E3-E5 evidence (Fisher p = 0.065). Evidence class was s,traced to record,2,COMAVI_evidence_stratified_agreement.json/crude/soft_rate
S1_Text,Section 2. Evidence provenance and denominator sensitivity,para,0.065,value,5 for E1-E2 evidence and 38/46 = 0.826 for E3-E5 evidence (Fisher p = 0.065). Evidence class was strongly associated with expected axis,traced to record,27,COMAVI_evidence_stratified_agreement.json/crude/p
S1_Text,Section 2. Evidence provenance and denominator sensitivity,para,14,value,"dominantly neutral. Within expected-destabilizing axes, agreement was 14/24 for E1-E2 and 4/6 for E3-E5; within expected-neutral axe",traced to record,119,COMAVI_audit_gate_sweep.csv::firing_strong_structural
S1_Text,Section 2. Evidence provenance and denominator sensitivity,para,24,value,"inantly neutral. Within expected-destabilizing axes, agreement was 14/24 for E1-E2 and 4/6 for E3-E5; within expected-neutral axes,",traced to record,57,COMAVI_evidence_stratified_agreement.json/stratified/per_token/destab/quant_n
S1_Text,Section 2. Evidence provenance and denominator sensitivity,para,4,value,"Within expected-destabilizing axes, agreement was 14/24 for E1-E2 and 4/6 for E3-E5; within expected-neutral axes, the correspondin",traced to record,468,COMAVI_alphamissense_thresholded_accuracy.json/population/am_class_counts/ambiguous
S1_Text,Section 2. Evidence provenance and denominator sensitivity,para,6,value,"thin expected-destabilizing axes, agreement was 14/24 for E1-E2 and 4/6 for E3-E5; within expected-neutral axes, the corresponding",traced to record,251,COMAVI_alphamissense_thresholded_accuracy.json/confident_calls/errors[2]/variant
S1_Text,Section 2. Evidence provenance and denominator sensitivity,para,6,value,"for E3-E5; within expected-neutral axes, the corresponding rates were 6/7 and 34/40. The continuity-corrected Mantel-Haenszel estim",traced to record,251,COMAVI_alphamissense_thresholded_accuracy.json/confident_calls/errors[2]/variant
S1_Text,Section 2. Evidence provenance and denominator sensitivity,para,7,value,"r E3-E5; within expected-neutral axes, the corresponding rates were 6/7 and 34/40. The continuity-corrected Mantel-Haenszel estimat",traced to record,191,COMAVI_audit_calibration_inversion.csv::fieller_hi
S1_Text,Section 2. Evidence provenance and denominator sensitivity,para,34,value,"5; within expected-neutral axes, the corresponding rates were 6/7 and 34/40. The continuity-corrected Mantel-Haenszel estimate acros",traced to record,46,COMAVI_directional_enrichment.json/cohort/silent
S1_Text,Section 2. Evidence provenance and denominator sensitivity,para,40,value,"within expected-neutral axes, the corresponding rates were 6/7 and 34/40. The continuity-corrected Mantel-Haenszel estimate across e",traced to record,39,COMAVI_alphamissense_thresholded_accuracy.json/thresholded_all/cell
S1_Text,Section 2. Evidence provenance and denominator sensitivity,para,0.83,value,Mantel-Haenszel estimate across expected-state strata was odds ratio 0.83 (p = 0.92). Thus the current benchmark does not show that e,traced to record,55,COMAVI_delta_calibration_points.csv::d_pred
S1_Text,Section 2. Evidence provenance and denominator sensitivity,para,0.92,value,enszel estimate across expected-state strata was odds ratio 0.83 (p = 0.92). Thus the current benchmark does not show that evidence ca,traced to record,39,COMAVI_evidence_stratified_agreement.json/stratified/p
S1_Text,Section 2. Evidence provenance and denominator sensitivity,para,25,value,"getic-output agreement after expected axis state is considered. Among 25 gradeable E1 energetic axes, 18 agreed (0.720).",traced to record,57,COMAVI_audit_model_free_recall.csv::missed
S1_Text,Section 2. Evidence provenance and denominator sensitivity,para,18,value,"ected axis state is considered. Among 25 gradeable E1 energetic axes, 18 agreed (0.720).",traced to record,63,COMAVI_audit_model_free_recall.csv::missed
S1_Text,Section 2. Evidence provenance and denominator sensitivity,para,0.720,value,"state is considered. Among 25 gradeable E1 energetic axes, 18 agreed (0.720).",traced to record,11,COMAVI_audit_operating_points.csv::recall_structural
S1_Text,Section 2. Evidence provenance and denominator sensitivity,para,26,value,"itions. Requiring every committed axis to have E1-E3 support left n = 26, 16 structural and 10 no-lesion (tier sensitivity 0.812, 95",traced to record,69,COMAVI_audit_model_free_recall.csv::caught
S1_Text,Section 2. Evidence provenance and denominator sensitivity,para,16,value,"ns. Requiring every committed axis to have E1-E3 support left n = 26, 16 structural and 10 no-lesion (tier sensitivity 0.812, 95% CI",traced to record,76,COMAVI_audit_gate_sweep.csv::firing_strong_n
S1_Text,Section 2. Evidence provenance and denominator sensitivity,para,10,value,"y committed axis to have E1-E3 support left n = 26, 16 structural and 10 no-lesion (tier sensitivity 0.812, 95% CI 0.544-0.960; spec",traced to record,112,COMAVI_audit_lability.csv::max_abs_ddg
S1_Text,Section 2. Evidence provenance and denominator sensitivity,para,0.812,value,"support left n = 26, 16 structural and 10 no-lesion (tier sensitivity 0.812, 95% CI 0.544-0.960; specificity 0.600, 0.262-0.878). Requi",traced to record,4,COMAVI_audit_operating_points.csv::rejection_silent
S1_Text,Section 2. Evidence provenance and denominator sensitivity,para,95,value,"left n = 26, 16 structural and 10 no-lesion (tier sensitivity 0.812, 95% CI 0.544-0.960; specificity 0.600, 0.262-0.878). Requiring",traced to record,8,chd_concordance_collapsed.csv::best_plddt
S1_Text,Section 2. Evidence provenance and denominator sensitivity,para,0.544,value,"= 26, 16 structural and 10 no-lesion (tier sensitivity 0.812, 95% CI 0.544-0.960; specificity 0.600, 0.262-0.878). Requiring every com",traced to record,8,COMAVI_tier_construction.json/evidence_restricted_views/all_axes_E1_E3/sensitivity_ci[0]
S1_Text,Section 2. Evidence provenance and denominator sensitivity,para,0.960,value,"16 structural and 10 no-lesion (tier sensitivity 0.812, 95% CI 0.544-0.960; specificity 0.600, 0.262-0.878). Requiring every committed",traced to record,9,COMAVI_tier_construction.json/evidence_restricted_views/all_axes_E1_E3/sensitivity_ci[1]
S1_Text,Section 2. Evidence provenance and denominator sensitivity,para,0.600,value,"10 no-lesion (tier sensitivity 0.812, 95% CI 0.544-0.960; specificity 0.600, 0.262-0.878). Requiring every committed axis to be direct",traced to record,13,COMAVI_audit_operating_points.csv::recall_structural
S1_Text,Section 2. Evidence provenance and denominator sensitivity,para,0.262,value,"esion (tier sensitivity 0.812, 95% CI 0.544-0.960; specificity 0.600, 0.262-0.878). Requiring every committed axis to be direct or coup",traced to record,3,COMAVI_measured_effect_tables.json/measured_effects_recovered/by_threshold[4]/fraction
S1_Text,Section 2. Evidence provenance and denominator sensitivity,para,0.878,value,"(tier sensitivity 0.812, 95% CI 0.544-0.960; specificity 0.600, 0.262-0.878). Requiring every committed axis to be direct or coupled le",traced to record,6,COMAVI_tier_construction.json/evidence_restricted_views/all_axes_E1_E3/specificity_ci[1]
S1_Text,Section 2. Evidence provenance and denominator sensitivity,para,26,value,Requiring every committed axis to be direct or coupled left the same 26 variants and returned the same values. Complete recovery he,traced to record,69,COMAVI_audit_model_free_recall.csv::caught
S1_Text,Section 2. Evidence provenance and denominator sensitivity,para,13,value,"ariants and returned the same values. Complete recovery here rests on 13 positives, so the interval is wide; it is reported because",traced to record,68,COMAVI_audit_gate_sweep.csv::firing_strong_structural
S1_Text,Section 2. Evidence provenance and denominator sensitivity,para,17,value,"ion is a sensitivity view of the full-tier screen, which recovers all 17 positives on the whole subset.",traced to record,60,COMAVI_audit_gate_sweep.csv::firing_strong_n
S2_Text,S2_Text,table,1,value,"Section 1 | Mechanism-class decomposition, fold-arm errors, and gro",traced to record,2314,COMAVI_alphamissense_thresholded_accuracy.json/confident_calls/accuracy
S2_Text,S2_Text,table,2,value,Section 2 | Operating-point and calibration diagnostics,traced to record,676,COMAVI_alphamissense_thresholded_accuracy.json/population/am_class_counts/unavailable
S2_Text,S2_Text,table,3,value,"Section 3 | Structural-context comparators, evidence states, and pr",traced to record,586,COMAVI_alphamissense_thresholded_accuracy.json/thresholded_all/ambiguous_resolved[0]/gene
S2_Text,"Section 1. Mechanism-class decomposition, fold-arm errors,",para,1,value,"Section 1. Mechanism-class decomposition, fold-arm errors, and ground",traced to record,2314,COMAVI_alphamissense_thresholded_accuracy.json/confident_calls/accuracy
S2_Text,"Section 1. Mechanism-class decomposition, fold-arm errors,",para,0.833,value,"Weighted mechanism consistency differed by expected mechanism class: 0.833 for mixed structural expectations (n = 6), 0.812 for curate",traced to record,18,COMAVI_detection_vs_attribution.json/per_class/mixed_structural/mean_grade
S2_Text,"Section 1. Mechanism-class decomposition, fold-arm errors,",para,6,value,"xpected mechanism class: 0.833 for mixed structural expectations (n = 6), 0.812 for curated structurally silent variants (n = 32),",traced to record,251,COMAVI_alphamissense_thresholded_accuracy.json/confident_calls/errors[2]/variant
S2_Text,"Section 1. Mechanism-class decomposition, fold-arm errors,",para,0.812,value,"ted mechanism class: 0.833 for mixed structural expectations (n = 6), 0.812 for curated structurally silent variants (n = 32), 0.550 fo",traced to record,4,COMAVI_audit_operating_points.csv::rejection_silent
S2_Text,"Section 1. Mechanism-class decomposition, fold-arm errors,",para,32,value,"ctations (n = 6), 0.812 for curated structurally silent variants (n = 32), 0.550 for the fold-mechanism class (n = 10), and 0.500 fo",traced to record,36,COMAVI_alphamissense_thresholded_accuracy.json/population/am_class_counts/likely_pathogenic
S2_Text,"Section 1. Mechanism-class decomposition, fold-arm errors,",para,0.550,value,"ons (n = 6), 0.812 for curated structurally silent variants (n = 32), 0.550 for the fold-mechanism class (n = 10), and 0.500 for pure i",traced to record,5,COMAVI_foldx_scale_calibration.json/counterfactual/fold_class_base[0]
S2_Text,"Section 1. Mechanism-class decomposition, fold-arm errors,",para,10,value,"lly silent variants (n = 32), 0.550 for the fold-mechanism class (n = 10), and 0.500 for pure interface destabilization (n = 9). The",traced to record,112,COMAVI_audit_lability.csv::max_abs_ddg
S2_Text,"Section 1. Mechanism-class decomposition, fold-arm errors,",para,0.500,value,"t variants (n = 32), 0.550 for the fold-mechanism class (n = 10), and 0.500 for pure interface destabilization (n = 9). The interface c",traced to record,66,COMAVI_alphamissense_thresholded_accuracy.json/thresholded_all/threshold
S2_Text,"Section 1. Mechanism-class decomposition, fold-arm errors,",para,9,value,"ism class (n = 10), and 0.500 for pure interface destabilization (n = 9). The interface class is therefore the weakest arm. Fold-ar",traced to record,110,COMAVI_audit_model_free_recall.csv::missed
S2_Text,Section 2. Operating-point and calibration diagnostics,para,2,value,Section 2. Operating-point and calibration diagnostics,traced to record,676,COMAVI_alphamissense_thresholded_accuracy.json/population/am_class_counts/unavailable
S2_Text,Section 2. Operating-point and calibration diagnostics,para,29,value,arent pooled optimum depends on class mixture. The benchmark contains 29 variants with committed structural mechanisms and 27 benchm,traced to record,96,COMAVI_detection_vs_attribution.json/attribution/n
S2_Text,Section 2. Operating-point and calibration diagnostics,para,27,value,"nchmark contains 29 variants with committed structural mechanisms and 27 benchmark negatives, a structural fraction of 0.518. Reweig",traced to record,63,COMAVI_detection_vs_attribution.json/correct_rejection/n
S2_Text,Section 2. Operating-point and calibration diagnostics,para,0.518,value,"tural mechanisms and 27 benchmark negatives, a structural fraction of 0.518. Reweighting the classes moved the pooled optimum: 2.5 kcal",traced to record,3,COMAVI_operating_point_diagnostics.json/class_reweighting/benchmark_structural_fraction
S2_Text,Section 2. Operating-point and calibration diagnostics,para,2.5,value,fraction of 0.518. Reweighting the classes moved the pooled optimum: 2.5 kcal/mol remained the pooled argmax for weights on the stru,traced to record,109,COMAVI_audit_calibration_inversion.csv::direct_regression_estimate
S2_Text,Section 2. Operating-point and calibration diagnostics,para,0.417,value,"remained the pooled argmax for weights on the structural arm between 0.417 and 0.589, an interval that contains the benchmark's own st","NO GENERATOR — class-mixture reweighting interval, recomputed by hand",0,
S2_Text,Section 2. Operating-point and calibration diagnostics,para,0.589,value,"the pooled argmax for weights on the structural arm between 0.417 and 0.589, an interval that contains the benchmark's own structural f",traced to record,2,COMAVI_delta_calibration_points.csv::d_meas
S2_Text,Section 2. Operating-point and calibration diagnostics,para,10,value,"In 10,000 paired whole-system resamples, in which the same resamp",traced to record,112,COMAVI_audit_lability.csv::max_abs_ddg
S2_Text,Section 2. Operating-point and calibration diagnostics,para,000,value,"In 10,000 paired whole-system resamples, in which the same resample o","extraction artifact (comma thousands separator, e.g. 2,000)",0,
S2_Text,Section 2. Operating-point and calibration diagnostics,para,14,value,",000 paired whole-system resamples, in which the same resample of the 14 systems is scored at every threshold, graded recovery decre",traced to record,119,COMAVI_audit_gate_sweep.csv::firing_strong_structural
S2_Text,Section 2. Operating-point and calibration diagnostics,para,0.757,value,"systems is scored at every threshold, graded recovery decreased from 0.757 (95% CI 0.639-0.861) at 1.0 kcal/mol to 0.536 (0.405-0.679)",traced to record,5,COMAVI_numbers_ledger.json/auc_tier
S2_Text,Section 2. Operating-point and calibration diagnostics,para,95,value,"s is scored at every threshold, graded recovery decreased from 0.757 (95% CI 0.639-0.861) at 1.0 kcal/mol to 0.536 (0.405-0.679) at",traced to record,8,chd_concordance_collapsed.csv::best_plddt
S2_Text,Section 2. Operating-point and calibration diagnostics,para,0.639,value,"ored at every threshold, graded recovery decreased from 0.757 (95% CI 0.639-0.861) at 1.0 kcal/mol to 0.536 (0.405-0.679) at the predic",traced to record,9,COMAVI_audit_summary.json/cluster_bootstrap/recall_t10_ci[0]
S2_Text,Section 2. Operating-point and calibration diagnostics,para,0.861,value,"t every threshold, graded recovery decreased from 0.757 (95% CI 0.639-0.861) at 1.0 kcal/mol to 0.536 (0.405-0.679) at the prediction-i",traced to record,3,chd_concordance_results_FIXED.csv::ddg_monomer
S2_Text,Section 2. Operating-point and calibration diagnostics,para,1.0,value,"reshold, graded recovery decreased from 0.757 (95% CI 0.639-0.861) at 1.0 kcal/mol to 0.536 (0.405-0.679) at the prediction-interval",traced to record,1486,COMAVI_alphamissense_thresholded_accuracy.json/confident_calls/errors[0]/am_pathogenicity
S2_Text,Section 2. Operating-point and calibration diagnostics,para,0.536,value,"recovery decreased from 0.757 (95% CI 0.639-0.861) at 1.0 kcal/mol to 0.536 (0.405-0.679) at the prediction-interval bound, whereas cor",traced to record,3,COMAVI_operating_point_diagnostics.json/paired_bootstrap/correct_rejection/t20/ci95[0]
S2_Text,Section 2. Operating-point and calibration diagnostics,para,0.405,value,"y decreased from 0.757 (95% CI 0.639-0.861) at 1.0 kcal/mol to 0.536 (0.405-0.679) at the prediction-interval bound, whereas correct re",traced to record,7,chd_isds_v1/chd_concordance_prioritized.csv::isds_v1
S2_Text,Section 2. Operating-point and calibration diagnostics,para,0.679,value,"eased from 0.757 (95% CI 0.639-0.861) at 1.0 kcal/mol to 0.536 (0.405-0.679) at the prediction-interval bound, whereas correct rejectio",traced to record,9,COMAVI_audit_operating_points.csv::balanced_MC
S2_Text,Section 2. Operating-point and calibration diagnostics,para,0.445,value,"e prediction-interval bound, whereas correct rejection increased from 0.445 (0.270-0.625) to 0.849 (0.688-1.000). The probability that",traced to record,5,isds_v1/ISDS_v1_alphamissense_common_set.csv::isds_energy_component
S2_Text,Section 2. Operating-point and calibration diagnostics,para,0.270,value,"ction-interval bound, whereas correct rejection increased from 0.445 (0.270-0.625) to 0.849 (0.688-1.000). The probability that recover",traced to record,6,"cohort_tables/COMAVI_TableS1_variants.csv::Predicted DDG, in complex (kcal/mol)"
S2_Text,Section 2. Operating-point and calibration diagnostics,para,0.625,value,"interval bound, whereas correct rejection increased from 0.445 (0.270-0.625) to 0.849 (0.688-1.000). The probability that recovery fell",traced to record,17,COMAVI_audit_summary.json/tradeoff_bootstrap/variant_boot_reject_ci[0][1]
S2_Text,Section 2. Operating-point and calibration diagnostics,para,0.849,value,"ound, whereas correct rejection increased from 0.445 (0.270-0.625) to 0.849 (0.688-1.000). The probability that recovery fell was 0.999",traced to record,4,COMAVI_tier_auc_decomposition.json/auc_combined
S2_Text,Section 2. Operating-point and calibration diagnostics,para,0.688,value,"hereas correct rejection increased from 0.445 (0.270-0.625) to 0.849 (0.688-1.000). The probability that recovery fell was 0.999, and t",traced to record,14,COMAVI_audit_summary.json/tradeoff_bootstrap/cluster_reject_ci_tSAP[0]
S2_Text,Section 2. Operating-point and calibration diagnostics,para,1.000,value,"correct rejection increased from 0.445 (0.270-0.625) to 0.849 (0.688-1.000). The probability that recovery fell was 0.999, and the pro",traced to record,1392,COMAVI_alphamissense_thresholded_accuracy.json/confident_calls/errors[0]/gene
S2_Text,Section 2. Operating-point and calibration diagnostics,para,0.999,value,"0.625) to 0.849 (0.688-1.000). The probability that recovery fell was 0.999, and the probability that rejection rose was 1.000. The dir",traced to record,11,COMAVI_audit_summary.json/tier_gradient/cluster_boot_p_rho_negative
S2_Text,Section 2. Operating-point and calibration diagnostics,para,1.000,value,"recovery fell was 0.999, and the probability that rejection rose was 1.000. The direction of the curves is forced by thresholding, how",traced to record,1392,COMAVI_alphamissense_thresholded_accuracy.json/confident_calls/errors[0]/gene
S2_Text,Section 2. Operating-point and calibration diagnostics,para,3,value,mechanism-attribution menu also answers a different question from the 3 kcal/mol fold cutoff used for cellular-stability or degrada,traced to record,586,COMAVI_alphamissense_thresholded_accuracy.json/thresholded_all/ambiguous_resolved[0]/gene
S2_Text,Section 2. Operating-point and calibration diagnostics,para,3,value,"fy the correct structural axis for follow-up. We therefore retain the 3 kcal/mol comparison as endpoint context, not as a basis for",traced to record,586,COMAVI_alphamissense_thresholded_accuracy.json/thresholded_all/ambiguous_resolved[0]/gene
S2_Text,"Section 3. Structural-context comparators, evidence states",para,3,value,"Section 3. Structural-context comparators, evidence states, and prior",traced to record,586,COMAVI_alphamissense_thresholded_accuracy.json/thresholded_all/ambiguous_resolved[0]/gene
S2_Text,"Section 3. Structural-context comparators, evidence states",para,46,value,"n, and the tier without its interface bonus were compared on the same 46-variant prioritization subset (S2 Table, context_comparator",traced to record,47,COMAVI_audit_tier_gradient_loso.csv::n
S2_Text,"Section 3. Structural-context comparators, evidence states",para,17,value,"S2 Table, context_comparators sheet; S4 Fig). The full tier recovered 17 of 21 structural mechanisms (sensitivity 0.81, exact 95% CI",traced to record,60,COMAVI_audit_gate_sweep.csv::firing_strong_n
S2_Text,"Section 3. Structural-context comparators, evidence states",para,21,value,"le, context_comparators sheet; S4 Fig). The full tier recovered 17 of 21 structural mechanisms (sensitivity 0.81, exact 95% CI 0.581",traced to record,70,COMAVI_audit_summary.json/R2_lability/n_labile
S2_Text,"Section 3. Structural-context comparators, evidence states",para,0.81,value,". The full tier recovered 17 of 21 structural mechanisms (sensitivity 0.81, exact 95% CI 0.581 to 0.946) but also flagged 12 of 25 no-",traced to record,70,COMAVI_audit_operating_points.csv::rejection_silent
S2_Text,"Section 3. Structural-context comparators, evidence states",para,95,value,"ier recovered 17 of 21 structural mechanisms (sensitivity 0.81, exact 95% CI 0.581 to 0.946) but also flagged 12 of 25 no-lesion var",traced to record,8,chd_concordance_collapsed.csv::best_plddt
S2_Text,"Section 3. Structural-context comparators, evidence states",para,0.581,value,"overed 17 of 21 structural mechanisms (sensitivity 0.81, exact 95% CI 0.581 to 0.946) but also flagged 12 of 25 no-lesion variants, giv",traced to record,15,COMAVI_delta_calibration_points.csv::d_pred
S2_Text,"Section 3. Structural-context comparators, evidence states",para,0.946,value,"of 21 structural mechanisms (sensitivity 0.81, exact 95% CI 0.581 to 0.946) but also flagged 12 of 25 no-lesion variants, giving speci",traced to record,7,COMAVI_tier_construction.json/evidence_restricted_views/E1_E3_only/sensitivity_ci[1]
S2_Text,"Section 3. Structural-context comparators, evidence states",para,12,value,"isms (sensitivity 0.81, exact 95% CI 0.581 to 0.946) but also flagged 12 of 25 no-lesion variants, giving specificity 0.52 (95% CI 0",traced to record,132,COMAVI_alphamissense_thresholded_accuracy.json/population/clinically_benign
S2_Text,"Section 3. Structural-context comparators, evidence states",para,25,value,"sensitivity 0.81, exact 95% CI 0.581 to 0.946) but also flagged 12 of 25 no-lesion variants, giving specificity 0.52 (95% CI 0.313 t",traced to record,57,COMAVI_audit_model_free_recall.csv::missed
S2_Text,"Section 3. Structural-context comparators, evidence states",para,0.52,value,"946) but also flagged 12 of 25 no-lesion variants, giving specificity 0.52 (95% CI 0.313 to 0.722; Fisher p = 0.032). Interface status",traced to record,58,COMAVI_delta_calibration_points.csv::d_pred
S2_Text,"Section 3. Structural-context comparators, evidence states",para,95,value,"ut also flagged 12 of 25 no-lesion variants, giving specificity 0.52 (95% CI 0.313 to 0.722; Fisher p = 0.032). Interface status alo",traced to record,8,chd_concordance_collapsed.csv::best_plddt
S2_Text,"Section 3. Structural-context comparators, evidence states",para,0.313,value,"flagged 12 of 25 no-lesion variants, giving specificity 0.52 (95% CI 0.313 to 0.722; Fisher p = 0.032). Interface status alone recover",traced to record,14,COMAVI_evidence_ledger_summary.json/frac_energetic
S2_Text,"Section 3. Structural-context comparators, evidence states",para,0.722,value,"12 of 25 no-lesion variants, giving specificity 0.52 (95% CI 0.313 to 0.722; Fisher p = 0.032). Interface status alone recovered 15 of",traced to record,7,COMAVI_audit_summary.json/tier_gradient/gradient[1]/frac
S2_Text,"Section 3. Structural-context comparators, evidence states",para,0.032,value,"variants, giving specificity 0.52 (95% CI 0.313 to 0.722; Fisher p = 0.032). Interface status alone recovered 15 of 21 and rejected 18",traced to record,12,COMAVI_tier_construction.json/evidence_restricted_views/all/fisher_p
S2_Text,"Section 3. Structural-context comparators, evidence states",para,15,value,I 0.313 to 0.722; Fisher p = 0.032). Interface status alone recovered 15 of 21 and rejected 18 of 25; the tier without its interface,traced to record,98,COMAVI_audit_calibration_inversion.csv::n
S2_Text,"Section 3. Structural-context comparators, evidence states",para,21,value,3 to 0.722; Fisher p = 0.032). Interface status alone recovered 15 of 21 and rejected 18 of 25; the tier without its interface bonus,traced to record,70,COMAVI_audit_summary.json/R2_lability/n_labile
S2_Text,"Section 3. Structural-context comparators, evidence states",para,18,value,er p = 0.032). Interface status alone recovered 15 of 21 and rejected 18 of 25; the tier without its interface bonus recovered 14 of,traced to record,63,COMAVI_audit_model_free_recall.csv::missed
S2_Text,"Section 3. Structural-context comparators, evidence states",para,25,value,0.032). Interface status alone recovered 15 of 21 and rejected 18 of 25; the tier without its interface bonus recovered 14 of 21 an,traced to record,57,COMAVI_audit_model_free_recall.csv::missed
S2_Text,"Section 3. Structural-context comparators, evidence states",para,14,value,"and rejected 18 of 25; the tier without its interface bonus recovered 14 of 21 and rejected 14 of 25 (sensitivity 0.667, specificity",traced to record,119,COMAVI_audit_gate_sweep.csv::firing_strong_structural
S2_Text,"Section 3. Structural-context comparators, evidence states",para,21,value,"jected 18 of 25; the tier without its interface bonus recovered 14 of 21 and rejected 14 of 25 (sensitivity 0.667, specificity 0.56,",traced to record,70,COMAVI_audit_summary.json/R2_lability/n_labile
S2_Text,"Section 3. Structural-context comparators, evidence states",para,14,value,"the tier without its interface bonus recovered 14 of 21 and rejected 14 of 25 (sensitivity 0.667, specificity 0.56, Fisher p = 0.14",traced to record,119,COMAVI_audit_gate_sweep.csv::firing_strong_structural
S2_Text,"Section 3. Structural-context comparators, evidence states",para,25,value,"ier without its interface bonus recovered 14 of 21 and rejected 14 of 25 (sensitivity 0.667, specificity 0.56, Fisher p = 0.149). Ex",traced to record,57,COMAVI_audit_model_free_recall.csv::missed
S2_Text,"Section 3. Structural-context comparators, evidence states",para,0.667,value,"interface bonus recovered 14 of 21 and rejected 14 of 25 (sensitivity 0.667, specificity 0.56, Fisher p = 0.149). Exact within-system p",traced to record,57,COMAVI_audit_summary.json/threshold_averaged_MC_balanced
S2_Text,"Section 3. Structural-context comparators, evidence states",para,0.56,value,"overed 14 of 21 and rejected 14 of 25 (sensitivity 0.667, specificity 0.56, Fisher p = 0.149). Exact within-system permutation p was 0",traced to record,60,COMAVI_audit_summary.json/tradeoff_bootstrap/variant_boot_recall_ci[1][0]
S2_Text,"Section 3. Structural-context comparators, evidence states",para,0.149,value,"nd rejected 14 of 25 (sensitivity 0.667, specificity 0.56, Fisher p = 0.149). Exact within-system permutation p was 0.1651 for the full",traced to record,12,COMAVI_tier_construction.json/screen_interface_bonus_zeroed/fisher_p
S2_Text,"Section 3. Structural-context comparators, evidence states",para,0.1651,value,"ficity 0.56, Fisher p = 0.149). Exact within-system permutation p was 0.1651 for the full tier and 0.5222 for the tier without its inter",traced to record,4,COMAVI_tier_construction.json/screen_full_tier/within_system_permutation_p
S2_Text,"Section 3. Structural-context comparators, evidence states",para,0.5222,value,"). Exact within-system permutation p was 0.1651 for the full tier and 0.5222 for the tier without its interface bonus, so neither screen",traced to record,3,COMAVI_tier_construction.json/screen_interface_bonus_zeroed/within_system_permutation_p
S2_Text,"Section 3. Structural-context comparators, evidence states",para,11,value,"e system membership is held fixed. Per-tier structural fractions were 11/13 in Tier 1, 6/16 in Tier 2, and 4/17 across Tiers 3-4, so",traced to record,105,COMAVI_alphamissense_thresholded_accuracy.json/population/am_class_counts/likely_benign
S2_Text,"Section 3. Structural-context comparators, evidence states",para,13,value,"ystem membership is held fixed. Per-tier structural fractions were 11/13 in Tier 1, 6/16 in Tier 2, and 4/17 across Tiers 3-4, so th",traced to record,68,COMAVI_audit_gate_sweep.csv::firing_strong_structural
S2_Text,"Section 3. Structural-context comparators, evidence states",para,6,value,"ip is held fixed. Per-tier structural fractions were 11/13 in Tier 1, 6/16 in Tier 2, and 4/17 across Tiers 3-4, so the gradient re",traced to record,251,COMAVI_alphamissense_thresholded_accuracy.json/confident_calls/errors[2]/variant
S2_Text,"Section 3. Structural-context comparators, evidence states",para,16,value,"is held fixed. Per-tier structural fractions were 11/13 in Tier 1, 6/16 in Tier 2, and 4/17 across Tiers 3-4, so the gradient remai",traced to record,76,COMAVI_audit_gate_sweep.csv::firing_strong_n
S2_Text,"Section 3. Structural-context comparators, evidence states",para,4,value,"r-tier structural fractions were 11/13 in Tier 1, 6/16 in Tier 2, and 4/17 across Tiers 3-4, so the gradient remains strictly decre",traced to record,468,COMAVI_alphamissense_thresholded_accuracy.json/population/am_class_counts/ambiguous
S2_Text,"Section 3. Structural-context comparators, evidence states",para,17,value,"tier structural fractions were 11/13 in Tier 1, 6/16 in Tier 2, and 4/17 across Tiers 3-4, so the gradient remains strictly decreasi",traced to record,60,COMAVI_audit_gate_sweep.csv::firing_strong_n
S2_Text,"Section 3. Structural-context comparators, evidence states",para,4,value,"actions were 11/13 in Tier 1, 6/16 in Tier 2, and 4/17 across Tiers 3-4, so the gradient remains strictly decreasing, but four vari",traced to record,468,COMAVI_alphamissense_thresholded_accuracy.json/population/am_class_counts/ambiguous
S2_Text,"Section 3. Structural-context comparators, evidence states",para,46,value,nothing about where on the scale the mechanisms sit. Partitioning the 46-variant subset into five equal score bands shows the concen,traced to record,47,COMAVI_audit_tier_gradient_loso.csv::n
S2_Text,"Section 3. Structural-context comparators, evidence states",para,8,value,subset into five equal score bands shows the concentration directly: 8 of the 9 variants in the highest band (0.80-1.00) carry a m,traced to record,140,COMAVI_alphamissense_thresholded_accuracy.json/note
S2_Text,"Section 3. Structural-context comparators, evidence states",para,9,value,nto five equal score bands shows the concentration directly: 8 of the 9 variants in the highest band (0.80-1.00) carry a modeled st,traced to record,110,COMAVI_audit_model_free_recall.csv::missed
S2_Text,"Section 3. Structural-context comparators, evidence states",para,0.80,value,"the concentration directly: 8 of the 9 variants in the highest band (0.80-1.00) carry a modeled structural mechanism, 6 of 7 in the n",traced to record,74,COMAVI_audit_lability.csv::max_abs_ddg
S2_Text,"Section 3. Structural-context comparators, evidence states",para,1.00,value,"concentration directly: 8 of the 9 variants in the highest band (0.80-1.00) carry a modeled structural mechanism, 6 of 7 in the next b",traced to record,1412,COMAVI_alphamissense_thresholded_accuracy.json/confident_calls/errors[0]/gene
S2_Text,"Section 3. Structural-context comparators, evidence states",para,6,value,"in the highest band (0.80-1.00) carry a modeled structural mechanism, 6 of 7 in the next band (0.60-<0.80), and 4 of 16 across the",traced to record,251,COMAVI_alphamissense_thresholded_accuracy.json/confident_calls/errors[2]/variant
S2_Text,"Section 3. Structural-context comparators, evidence states",para,7,value,"e highest band (0.80-1.00) carry a modeled structural mechanism, 6 of 7 in the next band (0.60-<0.80), and 4 of 16 across the two l",traced to record,191,COMAVI_audit_calibration_inversion.csv::fieller_hi
S2_Text,"Section 3. Structural-context comparators, evidence states",para,0.60,value,"-1.00) carry a modeled structural mechanism, 6 of 7 in the next band (0.60-<0.80), and 4 of 16 across the two lowest bands combined. T",traced to record,39,COMAVI_audit_calibration_inversion.csv::r2
S2_Text,"Section 3. Structural-context comparators, evidence states",para,0.80,value,"carry a modeled structural mechanism, 6 of 7 in the next band (0.60-<0.80), and 4 of 16 across the two lowest bands combined. The fou",traced to record,74,COMAVI_audit_lability.csv::max_abs_ddg
S2_Text,"Section 3. Structural-context comparators, evidence states",para,4,value,"deled structural mechanism, 6 of 7 in the next band (0.60-<0.80), and 4 of 16 across the two lowest bands combined. The four in the",traced to record,468,COMAVI_alphamissense_thresholded_accuracy.json/population/am_class_counts/ambiguous
S2_Text,"Section 3. Structural-context comparators, evidence states",para,16,value,"structural mechanism, 6 of 7 in the next band (0.60-<0.80), and 4 of 16 across the two lowest bands combined. The four in the lowes",traced to record,76,COMAVI_audit_gate_sweep.csv::firing_strong_n
S2_Text,"Section 3. Structural-context comparators, evidence states",para,13,value,a single system could carry the ranking result. Removing each of the 13 systems represented in this subset in turn and recomputing,traced to record,68,COMAVI_audit_gate_sweep.csv::firing_strong_structural
S2_Text,"Section 3. Structural-context comparators, evidence states",para,0.802,value,"s subset in turn and recomputing gives priority-score ROC AUC between 0.802 and 0.877, against 0.834 on the full subset. In all 13 fold",traced to record,5,isds_v1/ISDS_v1_leave_one_system_out.csv::roc_auc__isds_v1
S2_Text,"Section 3. Structural-context comparators, evidence states",para,0.877,value,"n turn and recomputing gives priority-score ROC AUC between 0.802 and 0.877, against 0.834 on the full subset. In all 13 folds the comb",traced to record,5,chd_concordance_collapsed.csv::AlphaMissense_score
S2_Text,"Section 3. Structural-context comparators, evidence states",para,0.834,value,"mputing gives priority-score ROC AUC between 0.802 and 0.877, against 0.834 on the full subset. In all 13 folds the combined score rank",traced to record,7,COMAVI_tier_construction.json/detection_auc/combined_zsum
S2_Text,"Section 3. Structural-context comparators, evidence states",para,13,value,"AUC between 0.802 and 0.877, against 0.834 on the full subset. In all 13 folds the combined score ranked above both of its own compo",traced to record,68,COMAVI_audit_gate_sweep.csv::firing_strong_structural
S2_Text,"Section 3. Structural-context comparators, evidence states",para,0.794,value,"t term, and a cohort-standardised combination - gives ROC AUC between 0.794 and 0.844. Eight of the nine keep a graded context term, an",traced to record,3,isds_v1/ISDS_v1_formula_sensitivities.csv::roc_auc
S2_Text,"Section 3. Structural-context comparators, evidence states",para,0.844,value,"d a cohort-standardised combination - gives ROC AUC between 0.794 and 0.844. Eight of the nine keep a graded context term, and all eigh",traced to record,6,COMAVI_audit_operating_points.csv::rejection_silent
S2_Text,"Section 3. Structural-context comparators, evidence states",para,0.938,value,"he cohort almost identically to the reported score (Spearman at least 0.938); their ROC AUC spans 0.794 to 0.844, with the low end belo",traced to record,2,COMAVI_audit_summary.json/tradeoff_bootstrap/variant_boot_reject_ci[3][1]
S2_Text,"Section 3. Structural-context comparators, evidence states",para,0.794,value,"to the reported score (Spearman at least 0.938); their ROC AUC spans 0.794 to 0.844, with the low end belonging to the tier stripped o",traced to record,3,isds_v1/ISDS_v1_formula_sensitivities.csv::roc_auc
S2_Text,"Section 3. Structural-context comparators, evidence states",para,0.844,value,"eported score (Spearman at least 0.938); their ROC AUC spans 0.794 to 0.844, with the low end belonging to the tier stripped of its int",traced to record,6,COMAVI_audit_operating_points.csv::rejection_silent
S2_Text,"Section 3. Structural-context comparators, evidence states",para,0.815,value,"rm, which replaces the graded tier with a binary flag: its ROC AUC is 0.815 but its rank correlation with the reported score falls to 0",traced to record,11,COMAVI_detection_vs_attribution.json/correct_rejection/rate
S2_Text,"Section 3. Structural-context comparators, evidence states",para,0.788,value,"UC is 0.815 but its rank correlation with the reported score falls to 0.788, so what matters is not that it scores slightly lower but t",traced to record,5,isds_v1/ISDS_v1_formula_sensitivities.csv::spearman_vs_isds_v1
S2_Text,"Section 3. Structural-context comparators, evidence states",para,0.834,value,"Five of the nine edge above the reported 0.834 and one equals it, the highest reaching 0.844. That excess",traced to record,7,COMAVI_tier_construction.json/detection_auc/combined_zsum
S2_Text,"Section 3. Structural-context comparators, evidence states",para,0.844,value,"edge above the reported 0.834 and one equals it, the highest reaching 0.844. That excess is 5 discordant pairs out of the 525 positive-",traced to record,6,COMAVI_audit_operating_points.csv::rejection_silent
S2_Text,"Section 3. Structural-context comparators, evidence states",para,5,value,"d 0.834 and one equals it, the highest reaching 0.844. That excess is 5 discordant pairs out of the 525 positive-negative pairs the",traced to record,264,COMAVI_audit_calibration_inversion.csv::fieller_hi
S2_Text,"Section 3. Structural-context comparators, evidence states",para,525,value,"highest reaching 0.844. That excess is 5 discordant pairs out of the 525 positive-negative pairs the statistic is computed over, whi",derived (21 positives x 25 negatives in ISDS_v1_per_variant.csv),0,
S3_Text,S3_Text,table,1,value,"Section 1 | Pathogenicity comparison, directional enrichment, and g",traced to record,2314,COMAVI_alphamissense_thresholded_accuracy.json/confident_calls/accuracy
S3_Text,S3_Text,table,2,value,"Section 2 | Robustness, uncertainty, and metric reconciliation",traced to record,676,COMAVI_alphamissense_thresholded_accuracy.json/population/am_class_counts/unavailable
S3_Text,S3_Text,table,3,value,Section 3 | Independent binding-axis validation on SKEMPI 2.0,traced to record,586,COMAVI_alphamissense_thresholded_accuracy.json/thresholded_all/ambiguous_resolved[0]/gene
S3_Text,S3_Text,table,2.0,value,Section 3 | Independent binding-axis validation on SKEMPI 2.0,traced to record,501,COMAVI_alphamissense_thresholded_accuracy.json/population/am_class_counts/unavailable
S3_Text,S3_Text,table,4,value,Section 4 | Do high-priority variants also have their mechanism gra,traced to record,468,COMAVI_alphamissense_thresholded_accuracy.json/population/am_class_counts/ambiguous
S3_Text,S3_Text,table,5,value,Section 5 | A correction the benchmark caught in itself,traced to record,264,COMAVI_audit_calibration_inversion.csv::fieller_hi
S3_Text,"Section 1. Pathogenicity comparison, directional enrichmen",para,1,value,"Section 1. Pathogenicity comparison, directional enrichment, and gain",traced to record,2314,COMAVI_alphamissense_thresholded_accuracy.json/confident_calls/accuracy
S3_Text,"Section 1. Pathogenicity comparison, directional enrichmen",para,2.5,value,"At the 2.5 reference, 27 of 61 benchmark variants had at least one fir",traced to record,109,COMAVI_audit_calibration_inversion.csv::direct_regression_estimate
S3_Text,"Section 1. Pathogenicity comparison, directional enrichmen",para,27,value,"At the 2.5 reference, 27 of 61 benchmark variants had at least one firing energetic",traced to record,63,COMAVI_detection_vs_attribution.json/correct_rejection/n
S3_Text,"Section 1. Pathogenicity comparison, directional enrichmen",para,61,value,"At the 2.5 reference, 27 of 61 benchmark variants had at least one firing energetic output",traced to record,33,COMAVI_audit_summary.json/denominators/n_rows
S3_Text,"Section 1. Pathogenicity comparison, directional enrichmen",para,34,value,"of 61 benchmark variants had at least one firing energetic output and 34 were silent, where firing uses the shipped reduction over c",traced to record,46,COMAVI_directional_enrichment.json/cohort/silent
S3_Text,"Section 1. Pathogenicity comparison, directional enrichmen",para,49,value,"g axes rather than a raw threshold on every partner column. Among the 49 variants carrying a curated clinical annotation, 37 were pa",traced to record,20,COMAVI_alphamissense_thresholded_accuracy.json/population/with_am_class
S3_Text,"Section 1. Pathogenicity comparison, directional enrichmen",para,37,value,"column. Among the 49 variants carrying a curated clinical annotation, 37 were pathogenic. All 22 annotated variants with a firing ou",traced to record,46,COMAVI_alphamissense_thresholded_accuracy.json/population/clinically_pathogenic
S3_Text,"Section 1. Pathogenicity comparison, directional enrichmen",para,22,value,"iants carrying a curated clinical annotation, 37 were pathogenic. All 22 annotated variants with a firing output were pathogenic, so",traced to record,76,COMAVI_audit_summary.json/predictive_value/firing_pathogenic
S3_Text,"Section 1. Pathogenicity comparison, directional enrichmen",para,15,value,"riant in this cohort produced one, whereas the silent group contained 15 pathogenic and 12 benign variants (Fisher exact p = 2.0 × 1",traced to record,98,COMAVI_audit_calibration_inversion.csv::n
S3_Text,"Section 1. Pathogenicity comparison, directional enrichmen",para,12,value,"rt produced one, whereas the silent group contained 15 pathogenic and 12 benign variants (Fisher exact p = 2.0 × 10^-4). The 15 path",traced to record,132,COMAVI_alphamissense_thresholded_accuracy.json/population/clinically_benign
S3_Text,"Section 1. Pathogenicity comparison, directional enrichmen",para,2.0,value,roup contained 15 pathogenic and 12 benign variants (Fisher exact p = 2.0 × 10^-4). The 15 pathogenic-but-silent variants spanned 10,traced to record,501,COMAVI_alphamissense_thresholded_accuracy.json/population/am_class_counts/unavailable
S3_Text,"Section 1. Pathogenicity comparison, directional enrichmen",para,10,value,ontained 15 pathogenic and 12 benign variants (Fisher exact p = 2.0 × 10^-4). The 15 pathogenic-but-silent variants spanned 10 of th,traced to record,112,COMAVI_audit_lability.csv::max_abs_ddg
S3_Text,"Section 1. Pathogenicity comparison, directional enrichmen",para,-4,value,ained 15 pathogenic and 12 benign variants (Fisher exact p = 2.0 × 10^-4). The 15 pathogenic-but-silent variants spanned 10 of the 1,traced to record,77,COMAVI_delta_calibration_points.csv::delta
S3_Text,"Section 1. Pathogenicity comparison, directional enrichmen",para,15,value,pathogenic and 12 benign variants (Fisher exact p = 2.0 × 10^-4). The 15 pathogenic-but-silent variants spanned 10 of the 14 systems,traced to record,98,COMAVI_audit_calibration_inversion.csv::n
S3_Text,"Section 1. Pathogenicity comparison, directional enrichmen",para,10,value,exact p = 2.0 × 10^-4). The 15 pathogenic-but-silent variants spanned 10 of the 14 systems. Because the benchmark was selected for m,traced to record,112,COMAVI_audit_lability.csv::max_abs_ddg
S3_Text,"Section 1. Pathogenicity comparison, directional enrichmen",para,14,value,2.0 × 10^-4). The 15 pathogenic-but-silent variants spanned 10 of the 14 systems. Because the benchmark was selected for mechanism e,traced to record,119,COMAVI_audit_gate_sweep.csv::firing_strong_structural
S3_Text,"Section 2. Robustness, uncertainty, and metric reconciliat",para,2,value,"Section 2. Robustness, uncertainty, and metric reconciliation",traced to record,676,COMAVI_alphamissense_thresholded_accuracy.json/population/am_class_counts/unavailable
S3_Text,"Section 2. Robustness, uncertainty, and metric reconciliat",para,86,value,"hole-variant mechanism scoring and the continuity denominator, giving 86/123 = 0.699 at 2.5 and 84/123 = 0.683 at the prediction-int",traced to record,26,COMAVI_numbers_ledger.json/SA_total[0]
S3_Text,"Section 2. Robustness, uncertainty, and metric reconciliat",para,123,value,"e-variant mechanism scoring and the continuity denominator, giving 86/123 = 0.699 at 2.5 and 84/123 = 0.683 at the prediction-interva",traced to record,17,COMAVI_threshold_sweep.csv::structural_agreement_n
S3_Text,"Section 2. Robustness, uncertainty, and metric reconciliat",para,0.699,value,"ant mechanism scoring and the continuity denominator, giving 86/123 = 0.699 at 2.5 and 84/123 = 0.683 at the prediction-interval bound.",traced to record,14,COMAVI_foldx_scale_calibration.json/binding/ols_slope
S3_Text,"Section 2. Robustness, uncertainty, and metric reconciliat",para,2.5,value,"nism scoring and the continuity denominator, giving 86/123 = 0.699 at 2.5 and 84/123 = 0.683 at the prediction-interval bound. The al",traced to record,109,COMAVI_audit_calibration_inversion.csv::direct_regression_estimate
S3_Text,"Section 2. Robustness, uncertainty, and metric reconciliat",para,84,value,"ring and the continuity denominator, giving 86/123 = 0.699 at 2.5 and 84/123 = 0.683 at the prediction-interval bound. The all-row d",traced to record,19,COMAVI_threshold_sweep.csv::structural_agreement_k
S3_Text,"Section 2. Robustness, uncertainty, and metric reconciliat",para,123,value,"g and the continuity denominator, giving 86/123 = 0.699 at 2.5 and 84/123 = 0.683 at the prediction-interval bound. The all-row denom",traced to record,17,COMAVI_threshold_sweep.csv::structural_agreement_n
S3_Text,"Section 2. Robustness, uncertainty, and metric reconciliat",para,0.683,value,"the continuity denominator, giving 86/123 = 0.699 at 2.5 and 84/123 = 0.683 at the prediction-interval bound. The all-row denominator a",traced to record,7,COMAVI_threshold_sweep.csv::structural_agreement
S3_Text,"Section 2. Robustness, uncertainty, and metric reconciliat",para,86,value,83 at the prediction-interval bound. The all-row denominator audit is 86/124 = 0.694 at 2.5. Naive recounts based only on raw ΔΔG si,traced to record,26,COMAVI_numbers_ledger.json/SA_total[0]
S3_Text,"Section 2. Robustness, uncertainty, and metric reconciliat",para,124,value,at the prediction-interval bound. The all-row denominator audit is 86/124 = 0.694 at 2.5. Naive recounts based only on raw ΔΔG sign o,traced to record,13,COMAVI_audit_summary.json/structural_agreement/primary_tested
S3_Text,"Section 2. Robustness, uncertainty, and metric reconciliat",para,0.694,value,prediction-interval bound. The all-row denominator audit is 86/124 = 0.694 at 2.5. Naive recounts based only on raw ΔΔG sign or per-pa,traced to record,4,COMAVI_numbers_ledger.json/SA
S3_Text,"Section 2. Robustness, uncertainty, and metric reconciliat",para,2.5,value,on-interval bound. The all-row denominator audit is 86/124 = 0.694 at 2.5. Naive recounts based only on raw ΔΔG sign or per-partner v,traced to record,109,COMAVI_audit_calibration_inversion.csv::direct_regression_estimate
S3_Text,"Section 2. Robustness, uncertainty, and metric reconciliat",para,33.5,value,"still count as prediction disagreements. The restricted cohort scored 33.5/49 = 0.684 against 37.0/56 = 0.661 on the full graded set,",traced to record,19,chd_concordance_collapsed.csv::best_plddt
S3_Text,"Section 2. Robustness, uncertainty, and metric reconciliat",para,49,value,"count as prediction disagreements. The restricted cohort scored 33.5/49 = 0.684 against 37.0/56 = 0.661 on the full graded set, a d",traced to record,20,COMAVI_alphamissense_thresholded_accuracy.json/population/with_am_class
S3_Text,"Section 2. Robustness, uncertainty, and metric reconciliat",para,0.684,value,"t as prediction disagreements. The restricted cohort scored 33.5/49 = 0.684 against 37.0/56 = 0.661 on the full graded set, a differenc",traced to record,10,COMAVI_audit_operating_points.csv::pooled_MC
S3_Text,"Section 2. Robustness, uncertainty, and metric reconciliat",para,37.0,value,"n disagreements. The restricted cohort scored 33.5/49 = 0.684 against 37.0/56 = 0.661 on the full graded set, a difference of 0.023. T",traced to record,29,COMAVI_alphamissense_thresholded_accuracy.json/population/clinically_pathogenic
S3_Text,"Section 2. Robustness, uncertainty, and metric reconciliat",para,56,value,"agreements. The restricted cohort scored 33.5/49 = 0.684 against 37.0/56 = 0.661 on the full graded set, a difference of 0.023. The",traced to record,39,COMAVI_audit_calibration_inversion.csv::n
S3_Text,"Section 2. Robustness, uncertainty, and metric reconciliat",para,0.661,value,"ments. The restricted cohort scored 33.5/49 = 0.684 against 37.0/56 = 0.661 on the full graded set, a difference of 0.023. The confiden",traced to record,15,COMAVI_detection_vs_attribution.json/headline_score/mean
S3_Text,"Section 2. Robustness, uncertainty, and metric reconciliat",para,0.023,value,"0.684 against 37.0/56 = 0.661 on the full graded set, a difference of 0.023. The confidence restriction therefore removes lower-confide",traced to record,10,chd_concordance_results_FIXED.csv::ddg_fold_zic3_sd
S3_Text,"Section 2. Robustness, uncertainty, and metric reconciliat",para,50,value,"ternative configurations: a partner interface enters the gated set at 50, confidence is upgraded to high at 70, and the seven interf",traced to record,13,COMAVI_measured_effect_tables.json/measured_effects_recovered/population/measured_stabilizing_not_in_population[1]
S3_Text,"Section 2. Robustness, uncertainty, and metric reconciliat",para,70,value,"terface enters the gated set at 50, confidence is upgraded to high at 70, and the seven interfaces lying between those values are ex",traced to record,14,COMAVI_plddt_gating_comparison.json/plddt_gate/note
S3_Text,Section 3. Independent binding-axis validation on SKEMPI 2,para,3,value,Section 3. Independent binding-axis validation on SKEMPI 2.0,traced to record,586,COMAVI_alphamissense_thresholded_accuracy.json/thresholded_all/ambiguous_resolved[0]/gene
S3_Text,Section 3. Independent binding-axis validation on SKEMPI 2,para,2.0,value,Section 3. Independent binding-axis validation on SKEMPI 2.0,traced to record,501,COMAVI_alphamissense_thresholded_accuracy.json/population/am_class_counts/unavailable
S3_Text,Section 3. Independent binding-axis validation on SKEMPI 2,para,2.0,value,ross unrelated interfaces. We therefore scored two independent SKEMPI 2.0 complexes with the frozen COMAVI workflow: barnase-barsta,traced to record,501,COMAVI_alphamissense_thresholded_accuracy.json/population/am_class_counts/unavailable
S3_Text,Section 3. Independent binding-axis validation on SKEMPI 2,para,24,value,MPI 2.0 complexes with the frozen COMAVI workflow: barnase-barstar (24 substitutions) and TEM1-BLIP (24 substitutions on the unamb,traced to record,57,COMAVI_evidence_stratified_agreement.json/stratified/per_token/destab/quant_n
S3_Text,Section 3. Independent binding-axis validation on SKEMPI 2,para,24,value,en COMAVI workflow: barnase-barstar (24 substitutions) and TEM1-BLIP (24 substitutions on the unambiguously mapped BLIP side). Measu,traced to record,57,COMAVI_evidence_stratified_agreement.json/stratified/per_token/destab/quant_n
S3_Text,Section 4. Do high-priority variants also have their mecha,para,4,value,Section 4. Do high-priority variants also have their mechanism graded,traced to record,468,COMAVI_alphamissense_thresholded_accuracy.json/population/am_class_counts/ambiguous
S3_Text,Section 4. Do high-priority variants also have their mecha,para,46,value,iant with the wrong mechanistic hypothesis. Crossing the two over the 46-variant prioritization population answers the question only,traced to record,47,COMAVI_audit_tier_gradient_loso.csv::n
S3_Text,Section 4. Do high-priority variants also have their mecha,para,21,value,"nt prioritization population answers the question only partly. Of the 21 variants with a modeled structural mechanism, 17 fall insid",traced to record,70,COMAVI_audit_summary.json/R2_lability/n_labile
S3_Text,Section 4. Do high-priority variants also have their mecha,para,17,value,"only partly. Of the 21 variants with a modeled structural mechanism, 17 fall inside the top 20 and the four outside, KRAS G12D and",traced to record,60,COMAVI_audit_gate_sweep.csv::firing_strong_n
S3_Text,Section 4. Do high-priority variants also have their mecha,para,20,value,"variants with a modeled structural mechanism, 17 fall inside the top 20 and the four outside, KRAS G12D and G12V, MLH1 H718Y and SM",traced to record,70,COMAVI_audit_summary.json/asymmetry_bound/n_pathogenic
S3_Text,Section 4. Do high-priority variants also have their mecha,para,32,value,"he four outside, KRAS G12D and G12V, MLH1 H718Y and SMAD4 I500V, rank 32 to 38, and all four are graded inconsistent. The contrast i",traced to record,36,COMAVI_alphamissense_thresholded_accuracy.json/population/am_class_counts/likely_pathogenic
S3_Text,Section 4. Do high-priority variants also have their mecha,para,38,value,"r outside, KRAS G12D and G12V, MLH1 H718Y and SMAD4 I500V, rank 32 to 38, and all four are graded inconsistent. The contrast is now",traced to record,33,COMAVI_alphamissense_thresholded_accuracy.json/confident_calls/cell
S3_Text,Section 4. Do high-priority variants also have their mecha,para,0.588,value,ntrast is now informative rather than underpowered: the mean grade is 0.588 for the 17 inside the cut against 0.000 for the four outsid,traced to record,11,COMAVI_audit_summary.json/predictive_value/ppv_silent
S3_Text,Section 4. Do high-priority variants also have their mecha,para,17,value,"informative rather than underpowered: the mean grade is 0.588 for the 17 inside the cut against 0.000 for the four outside it, and t",traced to record,60,COMAVI_audit_gate_sweep.csv::firing_strong_n
S3_Text,Section 4. Do high-priority variants also have their mecha,para,0.000,value,"derpowered: the mean grade is 0.588 for the 17 inside the cut against 0.000 for the four outside it, and the rank-grade association acr",traced to record,2189,COMAVI_audit_gate_sweep.csv::firing_weak_structural
S3_Text,Section 4. Do high-priority variants also have their mecha,para,21,value,"00 for the four outside it, and the rank-grade association across all 21 is significant (Spearman rho = -0.635, p = 0.002; negative",traced to record,70,COMAVI_audit_summary.json/R2_lability/n_labile
S3_Text,Section 4. Do high-priority variants also have their mecha,para,-0.635,value,"e rank-grade association across all 21 is significant (Spearman rho = -0.635, p = 0.002; negative because a smaller rank number is a hig",reported by the cited source,0,
S3_Text,Section 4. Do high-priority variants also have their mecha,para,0.002,value,"association across all 21 is significant (Spearman rho = -0.635, p = 0.002; negative because a smaller rank number is a higher priorit",traced to record,34,COMAVI_audit_summary.json/R2_lability/mannwhitney_p
S3_Text,Section 4. Do high-priority variants also have their mecha,para,2.5,value,"xpectations are the smallest in measured magnitude, none reaching the 2.5 kcal/mol reference, and the priority score ranks all four l",traced to record,109,COMAVI_audit_calibration_inversion.csv::direct_regression_estimate
S3_Text,Section 4. Do high-priority variants also have their mecha,para,0.661,value,re and the grade fail on the same variants. Both grades sit below the 0.661 whole-cohort score because they are computed within the str,traced to record,15,COMAVI_detection_vs_attribution.json/headline_score/mean
S3_Text,Section 4. Do high-priority variants also have their mecha,para,0.476,value,"e computed within the structural class alone, where the mean grade is 0.476 on this population; the whole-cohort figure also contains t",traced to record,4,COMAVI_delta_calibration_points.csv::absdelta
S3_Text,Section 4. Do high-priority variants also have their mecha,para,0.815,value,"rt figure also contains the curated negatives, on which COMAVI scores 0.815. What can be stated without a significance test is the prop",traced to record,11,COMAVI_detection_vs_attribution.json/correct_rejection/rate
S3_Text,Section 4. Do high-priority variants also have their mecha,para,20,value,"erationally: no variant graded fully consistent falls outside the top 20, so the ranking does not bury a variant whose mechanism COM",traced to record,70,COMAVI_audit_summary.json/asymmetry_bound/n_pathogenic
S3_Text,Section 4. Do high-priority variants also have their mecha,para,20,value,"es not bury a variant whose mechanism COMAVI resolves. Within the top 20 the grades are 5 consistent, 9 partial and 2 inconsistent;",traced to record,70,COMAVI_audit_summary.json/asymmetry_bound/n_pathogenic
S3_Text,Section 4. Do high-priority variants also have their mecha,para,5,value,"ant whose mechanism COMAVI resolves. Within the top 20 the grades are 5 consistent, 9 partial and 2 inconsistent; the two inconsist",traced to record,264,COMAVI_audit_calibration_inversion.csv::fieller_hi
S3_Text,Section 4. Do high-priority variants also have their mecha,para,9,value,"anism COMAVI resolves. Within the top 20 the grades are 5 consistent, 9 partial and 2 inconsistent; the two inconsistent cases are",traced to record,110,COMAVI_audit_model_free_recall.csv::missed
S3_Text,Section 4. Do high-priority variants also have their mecha,para,2,value,"esolves. Within the top 20 the grades are 5 consistent, 9 partial and 2 inconsistent; the two inconsistent cases are MLH1 R755W at",traced to record,676,COMAVI_alphamissense_thresholded_accuracy.json/population/am_class_counts/unavailable
S3_Text,Section 4. Do high-priority variants also have their mecha,para,11,value,"and 2 inconsistent; the two inconsistent cases are MLH1 R755W at rank 11 and PIK3CA E545K at rank 15, and they are the failure mode",traced to record,105,COMAVI_alphamissense_thresholded_accuracy.json/population/am_class_counts/likely_benign
S3_Text,Section 4. Do high-priority variants also have their mecha,para,15,value,"inconsistent cases are MLH1 R755W at rank 11 and PIK3CA E545K at rank 15, and they are the failure mode this analysis is designed to",traced to record,98,COMAVI_audit_calibration_inversion.csv::n
S3_Text,Section 4. Do high-priority variants also have their mecha,para,20,value,"rectly explained. Only one structural mechanism falls outside the top 20: HBB W37Y at rank 21, immediately below the cut, graded par",traced to record,70,COMAVI_audit_summary.json/asymmetry_bound/n_pathogenic
S3_Text,Section 4. Do high-priority variants also have their mecha,para,21,value,"y one structural mechanism falls outside the top 20: HBB W37Y at rank 21, immediately below the cut, graded partial. Because a singl",traced to record,70,COMAVI_audit_summary.json/R2_lability/n_labile
S3_Text,Section 5. A correction the benchmark caught in itself,para,5,value,Section 5. A correction the benchmark caught in itself,traced to record,264,COMAVI_audit_calibration_inversion.csv::fieller_hi
S3_Text,Section 5. A correction the benchmark caught in itself,para,98,value,"Three of the then 98 committed expectations failed that check, and all three wer",traced to record,58,COMAVI_alphamissense_thresholded_accuracy.json/confident_calls/errors[3]/variant
S3_Text,Section 5. A correction the benchmark caught in itself,para,4.8,value,"g WT-like RAF1 binding misstated Hunter 2015, whose Table 2 reports a 4.8-fold and a 7.3-fold decrease in affinity. The check behaved",traced to record,13,chd_concordance_results_FIXED.csv::contact_disruption
S3_Text,Section 5. A correction the benchmark caught in itself,para,7.3,value,"binding misstated Hunter 2015, whose Table 2 reports a 4.8-fold and a 7.3-fold decrease in affinity. The check behaved correctly in b",traced to record,5,chd_concordance_results_FIXED.csv::contact_disruption
S3_Text,Section 5. A correction the benchmark caught in itself,para,12,value,"ke RAF1 binding with impaired GTP hydrolysis, and noting that residue 12 lies 13.6 A from the RAF1 interface. In each case the lesio",traced to record,132,COMAVI_alphamissense_thresholded_accuracy.json/population/clinically_benign
S3_Text,Section 5. A correction the benchmark caught in itself,para,13.6,value,"binding with impaired GTP hydrolysis, and noting that residue 12 lies 13.6 A from the RAF1 interface. In each case the lesion is catal",traced to record,3,comavi_v7_concordance_annotated.csv::ddg_fold_smad3_ci95_sapozhnikov_high
S3_Text,Section 5. A correction the benchmark caught in itself,para,13.3,value,the other way: it is now a curated negative on which COMAVI predicts 13.3 kcal/mol of isolated-subunit destabilization at a buried-co,traced to record,12,chd_concordance_results_FIXED.csv::multi_rock2_plddt
S1_Table,evidence_ledger,cell,273,value,ct | BARD1 binding preserved despite fold loss | Brzovic 1998 JBC 273:7795 (PMID 9520298); Roehm & Berg 1997 Biochemistry 36:1024,bibliographic (volume/page),0,
S1_Table,evidence_ledger,cell,7795,value,| BARD1 binding preserved despite fold loss | Brzovic 1998 JBC 273:7795 (PMID 9520298); Roehm & Berg 1997 Biochemistry 36:10240 |,bibliographic (volume/page),0,
S1_Table,evidence_ledger,cell,36,value,ovic 1998 JBC 273:7795 (PMID 9520298); Roehm & Berg 1997 Biochemistry 36:10240 |,traced to record,45,COMAVI_audit_summary.json/R2_lability/n_stable
S1_Table,evidence_ledger,cell,10240,value,c 1998 JBC 273:7795 (PMID 9520298); Roehm & Berg 1997 Biochemistry 36:10240 |,bibliographic (volume/page),0,
S1_Table,evidence_ledger,cell,273,value,terodimer fold disrupted by Zn-coordination loss | Brzovic 1998 JBC 273:7795 (PMID 9520298); Roehm & Berg 1997 Biochemistry 36:1024,bibliographic (volume/page),0,
S1_Table,evidence_ledger,cell,7795,value,dimer fold disrupted by Zn-coordination loss | Brzovic 1998 JBC 273:7795 (PMID 9520298); Roehm & Berg 1997 Biochemistry 36:10240 |,bibliographic (volume/page),0,
S1_Table,evidence_ledger,cell,36,value,ovic 1998 JBC 273:7795 (PMID 9520298); Roehm & Berg 1997 Biochemistry 36:10240 |,traced to record,45,COMAVI_audit_summary.json/R2_lability/n_stable
S1_Table,evidence_ledger,cell,10240,value,c 1998 JBC 273:7795 (PMID 9520298); Roehm & Berg 1997 Biochemistry 36:10240 |,bibliographic (volume/page),0,
S1_Table,evidence_ledger,cell,273,value,oordinating ligand; RING fold lost on Zn release | Brzovic 1998 JBC 273:7795 (PMID 9520298); Roehm & Berg 1997 Biochemistry 36:1024,bibliographic (volume/page),0,
S1_Table,evidence_ledger,cell,7795,value,inating ligand; RING fold lost on Zn release | Brzovic 1998 JBC 273:7795 (PMID 9520298); Roehm & Berg 1997 Biochemistry 36:10240 |,bibliographic (volume/page),0,
S1_Table,evidence_ledger,cell,36,value,ovic 1998 JBC 273:7795 (PMID 9520298); Roehm & Berg 1997 Biochemistry 36:10240 |,traced to record,45,COMAVI_audit_summary.json/R2_lability/n_stable
S1_Table,evidence_ledger,cell,10240,value,c 1998 JBC 273:7795 (PMID 9520298); Roehm & Berg 1997 Biochemistry 36:10240 |,bibliographic (volume/page),0,
S1_Table,evidence_ledger,cell,4.89,value,"getic | direct | GdmCl equilibrium unfolding: measured ddG_U-F = +4.89 kcal/mol | Rowling, Cook & Itzhaki 2010 JBC 285:20080 (PM",traced to record,12,COMAVI_delta_calibration_points.csv::measured_kcal
S1_Table,evidence_ledger,cell,285,value,"easured ddG_U-F = +4.89 kcal/mol | Rowling, Cook & Itzhaki 2010 JBC 285:20080 (PMID 20452977; PMC2888420), Table S1 |",bibliographic (volume/page),0,
S1_Table,evidence_ledger,cell,20080,value,"red ddG_U-F = +4.89 kcal/mol | Rowling, Cook & Itzhaki 2010 JBC 285:20080 (PMID 20452977; PMC2888420), Table S1 |",bibliographic (volume/page),0,
S1_Table,evidence_ledger,cell,1.18,value,"getic | direct | GdmCl equilibrium unfolding: measured ddG_U-F = +1.18 kcal/mol | Rowling, Cook & Itzhaki 2010 JBC 285:20080 (PM",traced to record,7,COMAVI_delta_calibration_points.csv::measured_kcal
S1_Table,evidence_ledger,cell,285,value,"easured ddG_U-F = +1.18 kcal/mol | Rowling, Cook & Itzhaki 2010 JBC 285:20080 (PMID 20452977; PMC2888420), Table S1 |",bibliographic (volume/page),0,
S1_Table,evidence_ledger,cell,20080,value,"red ddG_U-F = +1.18 kcal/mol | Rowling, Cook & Itzhaki 2010 JBC 285:20080 (PMID 20452977; PMC2888420), Table S1 |",bibliographic (volume/page),0,
S1_Table,evidence_ledger,cell,-0.03,value,"rgetic | direct | GdmCl equilibrium unfolding: measured ddG_U-F = -0.03 kcal/mol | Rowling, Cook & Itzhaki 2010 JBC 285:20080 (PM",traced to record,51,COMAVI_delta_calibration_points.csv::foldx_ddg
S1_Table,evidence_ledger,cell,285,value,"easured ddG_U-F = -0.03 kcal/mol | Rowling, Cook & Itzhaki 2010 JBC 285:20080 (PMID 20452977; PMC2888420), Table S1 |",bibliographic (volume/page),0,
S1_Table,evidence_ledger,cell,20080,value,"red ddG_U-F = -0.03 kcal/mol | Rowling, Cook & Itzhaki 2010 JBC 285:20080 (PMID 20452977; PMC2888420), Table S1 |",bibliographic (volume/page),0,
S1_Table,evidence_ledger,cell,3.73,value,"getic | direct | GdmCl equilibrium unfolding: measured ddG_U-F = +3.73 kcal/mol | Rowling, Cook & Itzhaki 2010 JBC 285:20080 (PM",traced to record,22,COMAVI_audit_lability.csv::max_abs_ddg
S1_Table,evidence_ledger,cell,285,value,"easured ddG_U-F = +3.73 kcal/mol | Rowling, Cook & Itzhaki 2010 JBC 285:20080 (PMID 20452977; PMC2888420), Table S1 |",bibliographic (volume/page),0,
S1_Table,evidence_ledger,cell,20080,value,"red ddG_U-F = +3.73 kcal/mol | Rowling, Cook & Itzhaki 2010 JBC 285:20080 (PMID 20452977; PMC2888420), Table S1 |",bibliographic (volume/page),0,
S1_Table,evidence_ledger,cell,0.06,value,"getic | direct | GdmCl equilibrium unfolding: measured ddG_U-F = +0.06 kcal/mol | Rowling, Cook & Itzhaki 2010 JBC 285:20080 (PM",traced to record,94,COMAVI_delta_calibration_points.csv::absdelta
S1_Table,evidence_ledger,cell,285,value,"easured ddG_U-F = +0.06 kcal/mol | Rowling, Cook & Itzhaki 2010 JBC 285:20080 (PMID 20452977; PMC2888420), Table S1 |",bibliographic (volume/page),0,
S1_Table,evidence_ledger,cell,20080,value,"red ddG_U-F = +0.06 kcal/mol | Rowling, Cook & Itzhaki 2010 JBC 285:20080 (PMID 20452977; PMC2888420), Table S1 |",bibliographic (volume/page),0,
S1_Table,evidence_ledger,cell,-0.99,value,"rgetic | direct | GdmCl equilibrium unfolding: measured ddG_U-F = -0.99 kcal/mol | Rowling, Cook & Itzhaki 2010 JBC 285:20080 (PM",traced to record,4,chd_concordance_results_FIXED.csv::ddg_fold_shroom3
S1_Table,evidence_ledger,cell,285,value,"easured ddG_U-F = -0.99 kcal/mol | Rowling, Cook & Itzhaki 2010 JBC 285:20080 (PMID 20452977; PMC2888420), Table S1 |",bibliographic (volume/page),0,
S1_Table,evidence_ledger,cell,20080,value,"red ddG_U-F = -0.99 kcal/mol | Rowling, Cook & Itzhaki 2010 JBC 285:20080 (PMID 20452977; PMC2888420), Table S1 |",bibliographic (volume/page),0,
S1_Table,evidence_ledger,cell,-1.83,value,"rgetic | direct | GdmCl equilibrium unfolding: measured ddG_U-F = -1.83 kcal/mol | Rowling, Cook & Itzhaki 2010 JBC 285:20080 (PM",traced to record,7,chd_concordance_results_FIXED.csv::ddg_fold_ctnnb1
S1_Table,evidence_ledger,cell,285,value,"easured ddG_U-F = -1.83 kcal/mol | Rowling, Cook & Itzhaki 2010 JBC 285:20080 (PMID 20452977; PMC2888420), Table S1 |",bibliographic (volume/page),0,
S1_Table,evidence_ledger,cell,20080,value,"red ddG_U-F = -1.83 kcal/mol | Rowling, Cook & Itzhaki 2010 JBC 285:20080 (PMID 20452977; PMC2888420), Table S1 |",bibliographic (volume/page),0,
S1_Table,evidence_ledger,cell,1.57,value,"getic | direct | GdmCl equilibrium unfolding: measured ddG_U-F = +1.57 kcal/mol | Rowling, Cook & Itzhaki 2010 JBC 285:20080 (PM",traced to record,9,COMAVI_audit_calibration_inversion.csv::direct_regression_estimate
S1_Table,evidence_ledger,cell,285,value,"easured ddG_U-F = +1.57 kcal/mol | Rowling, Cook & Itzhaki 2010 JBC 285:20080 (PMID 20452977; PMC2888420), Table S1 |",bibliographic (volume/page),0,
S1_Table,evidence_ledger,cell,20080,value,"red ddG_U-F = +1.57 kcal/mol | Rowling, Cook & Itzhaki 2010 JBC 285:20080 (PMID 20452977; PMC2888420), Table S1 |",bibliographic (volume/page),0,
S1_Table,evidence_ledger,cell,2.22,value,"getic | direct | GdmCl equilibrium unfolding: measured ddG_U-F = +2.22 kcal/mol | Rowling, Cook & Itzhaki 2010 JBC 285:20080 (PM",traced to record,6,COMAVI_delta_calibration_points.csv::measured_kcal
S1_Table,evidence_ledger,cell,285,value,"easured ddG_U-F = +2.22 kcal/mol | Rowling, Cook & Itzhaki 2010 JBC 285:20080 (PMID 20452977; PMC2888420), Table S1 |",bibliographic (volume/page),0,
S1_Table,evidence_ledger,cell,20080,value,"red ddG_U-F = +2.22 kcal/mol | Rowling, Cook & Itzhaki 2010 JBC 285:20080 (PMID 20452977; PMC2888420), Table S1 |",bibliographic (volume/page),0,
S1_Table,evidence_ledger,cell,4.20,value,"getic | direct | GdmCl equilibrium unfolding: measured ddG_U-F = +4.20 kcal/mol | Rowling, Cook & Itzhaki 2010 JBC 285:20080 (PM",traced to record,3,COMAVI_delta_calibration_points.csv::measured_kcal
S1_Table,evidence_ledger,cell,285,value,"easured ddG_U-F = +4.20 kcal/mol | Rowling, Cook & Itzhaki 2010 JBC 285:20080 (PMID 20452977; PMC2888420), Table S1 |",bibliographic (volume/page),0,
S1_Table,evidence_ledger,cell,20080,value,"red ddG_U-F = +4.20 kcal/mol | Rowling, Cook & Itzhaki 2010 JBC 285:20080 (PMID 20452977; PMC2888420), Table S1 |",bibliographic (volume/page),0,
S1_Table,evidence_ledger,cell,2.40,value,"getic | direct | GdmCl equilibrium unfolding: measured ddG_U-F = +2.40 kcal/mol | Rowling, Cook & Itzhaki 2010 JBC 285:20080 (PM",traced to record,9,COMAVI_delta_calibration_points.csv::absdelta
S1_Table,evidence_ledger,cell,285,value,"easured ddG_U-F = +2.40 kcal/mol | Rowling, Cook & Itzhaki 2010 JBC 285:20080 (PMID 20452977; PMC2888420), Table S1 |",bibliographic (volume/page),0,
S1_Table,evidence_ledger,cell,20080,value,"red ddG_U-F = +2.40 kcal/mol | Rowling, Cook & Itzhaki 2010 JBC 285:20080 (PMID 20452977; PMC2888420), Table S1 |",bibliographic (volume/page),0,
S1_Table,evidence_ledger,cell,6.04,value,"getic | direct | GdmCl equilibrium unfolding: measured ddG_U-F = +6.04 kcal/mol | Rowling, Cook & Itzhaki 2010 JBC 285:20080 (PM",traced to record,3,COMAVI_delta_calibration_points.csv::measured_kcal
S1_Table,evidence_ledger,cell,285,value,"easured ddG_U-F = +6.04 kcal/mol | Rowling, Cook & Itzhaki 2010 JBC 285:20080 (PMID 20452977; PMC2888420), Table S1 |",bibliographic (volume/page),0,
S1_Table,evidence_ledger,cell,20080,value,"red ddG_U-F = +6.04 kcal/mol | Rowling, Cook & Itzhaki 2010 JBC 285:20080 (PMID 20452977; PMC2888420), Table S1 |",bibliographic (volume/page),0,
S1_Table,evidence_ledger,cell,10,value,"ding | neutral | E1_quantitative_energetic | direct | SPR K_D 10-14 uM, WT-like | Pechtl 2011 JBC 286:11082 (PMID 21270465",traced to record,112,COMAVI_audit_lability.csv::max_abs_ddg
S1_Table,evidence_ledger,cell,14,value,"g | neutral | E1_quantitative_energetic | direct | SPR K_D 10-14 uM, WT-like | Pechtl 2011 JBC 286:11082 (PMID 21270465),",traced to record,119,COMAVI_audit_gate_sweep.csv::firing_strong_structural
S1_Table,evidence_ledger,cell,286,value,"nergetic | direct | SPR K_D 10-14 uM, WT-like | Pechtl 2011 JBC 286:11082 (PMID 21270465), SPR |",traced to record,8,chd_concordance_collapsed.csv::position
S1_Table,evidence_ledger,cell,11082,value,"etic | direct | SPR K_D 10-14 uM, WT-like | Pechtl 2011 JBC 286:11082 (PMID 21270465), SPR |",bibliographic (volume/page),0,
S1_Table,evidence_ledger,cell,286,value,"ment; token inferred from the intact monomer fold | Pechtl 2011 JBC 286:11082 (PMID 21270465), SPR |",traced to record,8,chd_concordance_collapsed.csv::position
S1_Table,evidence_ledger,cell,11082,value,"; token inferred from the intact monomer fold | Pechtl 2011 JBC 286:11082 (PMID 21270465), SPR |",bibliographic (volume/page),0,
S1_Table,evidence_ledger,cell,286,value,"| Natively folded by CD / thermal denaturation | Pechtl 2011 JBC 286:11082 (PMID 21270465), SPR |",traced to record,8,chd_concordance_collapsed.csv::position
S1_Table,evidence_ledger,cell,11082,value,"Natively folded by CD / thermal denaturation | Pechtl 2011 JBC 286:11082 (PMID 21270465), SPR |",bibliographic (volume/page),0,
S1_Table,evidence_ledger,cell,12,value,"ing | neutral | E1_quantitative_energetic | direct | SPR K_D ~12 uM, comparable to WT | Pechtl 2011 JBC 286:11082 (PMID 21",traced to record,132,COMAVI_alphamissense_thresholded_accuracy.json/population/clinically_benign
S1_Table,evidence_ledger,cell,286,value,"c | direct | SPR K_D ~12 uM, comparable to WT | Pechtl 2011 JBC 286:11082 (PMID 21270465), SPR |",traced to record,8,chd_concordance_collapsed.csv::position
S1_Table,evidence_ledger,cell,11082,value,"direct | SPR K_D ~12 uM, comparable to WT | Pechtl 2011 JBC 286:11082 (PMID 21270465), SPR |",bibliographic (volume/page),0,
S1_Table,evidence_ledger,cell,286,value,"ment; token inferred from the intact monomer fold | Pechtl 2011 JBC 286:11082 (PMID 21270465), SPR |",traced to record,8,chd_concordance_collapsed.csv::position
S1_Table,evidence_ledger,cell,11082,value,"; token inferred from the intact monomer fold | Pechtl 2011 JBC 286:11082 (PMID 21270465), SPR |",bibliographic (volume/page),0,
S1_Table,evidence_ledger,cell,286,value,"| Natively folded by CD / thermal denaturation | Pechtl 2011 JBC 286:11082 (PMID 21270465), SPR |",traced to record,8,chd_concordance_collapsed.csv::position
S1_Table,evidence_ledger,cell,11082,value,"Natively folded by CD / thermal denaturation | Pechtl 2011 JBC 286:11082 (PMID 21270465), SPR |",bibliographic (volume/page),0,
S1_Table,evidence_ledger,cell,35,value,ing | destab | E1_quantitative_energetic | direct | SPR K_D > 35 uM (binding effectively abolished) | Pechtl 2011 JBC 286:,traced to record,58,COMAVI_audit_model_free_recall.csv::caught
S1_Table,evidence_ledger,cell,286,value,"SPR K_D > 35 uM (binding effectively abolished) | Pechtl 2011 JBC 286:11082 (PMID 21270465), SPR |",traced to record,8,chd_concordance_collapsed.csv::position
S1_Table,evidence_ledger,cell,11082,value,"R K_D > 35 uM (binding effectively abolished) | Pechtl 2011 JBC 286:11082 (PMID 21270465), SPR |",bibliographic (volume/page),0,
S1_Table,evidence_ledger,cell,286,value,"ment; token inferred from the intact monomer fold | Pechtl 2011 JBC 286:11082 (PMID 21270465), SPR |",traced to record,8,chd_concordance_collapsed.csv::position
S1_Table,evidence_ledger,cell,11082,value,"; token inferred from the intact monomer fold | Pechtl 2011 JBC 286:11082 (PMID 21270465), SPR |",bibliographic (volume/page),0,
S1_Table,evidence_ledger,cell,286,value,"| Natively folded by CD / thermal denaturation | Pechtl 2011 JBC 286:11082 (PMID 21270465), SPR |",traced to record,8,chd_concordance_collapsed.csv::position
S1_Table,evidence_ledger,cell,11082,value,"Natively folded by CD / thermal denaturation | Pechtl 2011 JBC 286:11082 (PMID 21270465), SPR |",bibliographic (volume/page),0,
S1_Table,evidence_ledger,cell,1.5,value,"Kansas: alpha1-beta2 H-bond loss, reduced tetramer assembly energy (~1.5 kcal/mol) | Bonaventura & Riggs 1968 JBC (Hb Kansas) |",traced to record,105,COMAVI_audit_calibration_inversion.csv::fieller_hi
S1_Table,evidence_ledger,cell,5.0,value,_energetic | direct | Equilibrium dimer->tetramer assembly ddG = +5.0 kcal/mol | Kiger / Kwiatkowski Biochemistry 1998 (PMID 95,traced to record,136,COMAVI_audit_gate_sweep.csv::silent_strong_structural
S1_Table,evidence_ledger,cell,9.0,value,_energetic | direct | Equilibrium dimer->tetramer assembly ddG = +9.0 kcal/mol | Kiger / Kwiatkowski Biochemistry 1998 (PMID 95,traced to record,74,COMAVI_audit_model_free_recall.csv::missed
S1_Table,evidence_ledger,cell,7.0,value,_energetic | direct | Equilibrium dimer->tetramer assembly ddG = +7.0 kcal/mol | Kiger / Kwiatkowski Biochemistry 1998 (PMID 95,traced to record,129,COMAVI_audit_gate_sweep.csv::silent_strong_n
S1_Table,evidence_ledger,cell,2.0,value,_energetic | direct | Equilibrium dimer->tetramer assembly ddG = +2.0 kcal/mol | Kiger / Kwiatkowski Biochemistry 1998 (PMID 95,traced to record,501,COMAVI_alphamissense_thresholded_accuracy.json/population/am_class_counts/unavailable
S1_Table,evidence_ledger,cell,13.6,value,| direct | WT-like RAF1 binding; impaired GTP hydrolysis. G12 is 13.6 A from RAF1 | Hunter 2015 |,traced to record,3,comavi_v7_concordance_annotated.csv::ddg_fold_smad3_ci95_sapozhnikov_high
S1_Table,evidence_ledger,cell,11.1,value,direct | Preserved RAF binding; switch-II hydrolysis defect. Q61 is 11.1 A from RAF1 | Hunter 2015 |,reported by the cited source,0,
S1_Table,evidence_ledger,cell,28,value,ng | neutral | E4_population_frequency | inferred | gnomAD AF 28%; ClinVar BA1 stand-alone benign | gnomAD; ClinVar BA1 |,traced to record,33,COMAVI_cohort_composition_checks.json/structure_source/mechanism_pattern_score_at_2.5/AlphaFold 3/variants
S1_Table,evidence_ledger,cell,28,value,ex | neutral | E4_population_frequency | inferred | gnomAD AF 28%; ClinVar BA1 stand-alone benign | gnomAD; ClinVar BA1 |,traced to record,33,COMAVI_cohort_composition_checks.json/structure_source/mechanism_pattern_score_at_2.5/AlphaFold 3/variants
S1_Table,evidence_ledger,cell,28,value,er | neutral | E4_population_frequency | inferred | gnomAD AF 28%; ClinVar BA1 stand-alone benign | gnomAD; ClinVar BA1 |,traced to record,33,COMAVI_cohort_composition_checks.json/structure_source/mechanism_pattern_score_at_2.5/AlphaFold 3/variants
S1_Table,evidence_ledger,cell,30,value,"g | destab | E2_quantitative_functional | direct | PMS2 co-IP 30% of WT | Kosinski 2010 (PMS2 co-IP, MMR activity) |",traced to record,62,COMAVI_evidence_ledger_summary.json/by_evidence_type/E3_qualitative_experimental
S1_Table,evidence_ledger,cell,54,value,"g | destab | E2_quantitative_functional | direct | PMS2 co-IP 54% of WT | Kosinski 2010 (PMS2 co-IP, MMR activity) |",traced to record,8,COMAVI_evidence_ledger_summary.json/n_variants
S1_Table,evidence_ledger,cell,0.617,value,| E2_quantitative_functional | direct | MAVE interaction score +0.617; PMS2 co-IP 82% -- binding preserved | MAVE abundance/int,traced to record,1,isds_v1/ISDS_v1_primary_metrics.csv::average_precision
S1_Table,evidence_ledger,cell,82,value,e_functional | direct | MAVE interaction score +0.617; PMS2 co-IP 82% -- binding preserved | MAVE abundance/interaction scores,traced to record,38,COMAVI_threshold_sweep.csv::structural_agreement_k
S1_Table,evidence_ledger,cell,-0.334,value,ab | E2_quantitative_functional | direct | MAVE abundance score -0.334: reduced cellular abundance | MAVE abundance/interaction,reported by the cited source,0,
S1_Table,evidence_ledger,cell,-0.334,value,ab | E2_quantitative_functional | direct | MAVE abundance score -0.334: reduced cellular abundance | MAVE abundance/interaction,reported by the cited source,0,
S1_Table,evidence_ledger,cell,8.9,value,-proficient | InSiGHT expert-panel reclassification; rs63750447 AF ~8.9% EAS |,traced to record,3,comavi_v7_concordance_annotated.csv::ddg_binding_hba1_2_ci95_sapozhnikov_high
S1_Table,evidence_ledger,cell,8.9,value,onomer fold | InSiGHT expert-panel reclassification; rs63750447 AF ~8.9% EAS |,traced to record,3,comavi_v7_concordance_annotated.csv::ddg_binding_hba1_2_ci95_sapozhnikov_high
S1_Table,evidence_ledger,cell,8.9,value,en inferred | InSiGHT expert-panel reclassification; rs63750447 AF ~8.9% EAS |,traced to record,3,comavi_v7_concordance_annotated.csv::ddg_binding_hba1_2_ci95_sapozhnikov_high
S1_Table,evidence_ledger,cell,29,value,act; ATPase mismatch binding/release defect | Ollila 2008 Hum Mutat 29:1355 (PMID 18951462); Ollila 2006 Gastroenterology (PMID 17,traced to record,96,COMAVI_detection_vs_attribution.json/attribution/n
S1_Table,evidence_ledger,cell,1355,value,; ATPase mismatch binding/release defect | Ollila 2008 Hum Mutat 29:1355 (PMID 18951462); Ollila 2006 Gastroenterology (PMID 1710131,bibliographic (volume/page),0,
S1_Table,evidence_ledger,cell,29,value,act; ATPase mismatch binding/release defect | Ollila 2008 Hum Mutat 29:1355 (PMID 18951462); Ollila 2006 Gastroenterology (PMID 17,traced to record,96,COMAVI_detection_vs_attribution.json/attribution/n
S1_Table,evidence_ledger,cell,1355,value,; ATPase mismatch binding/release defect | Ollila 2008 Hum Mutat 29:1355 (PMID 18951462); Ollila 2006 Gastroenterology (PMID 1710131,bibliographic (volume/page),0,
S1_Table,evidence_ledger,cell,29,value,ved; ATPase mismatch binding/release defect | Ollila 2008 Hum Mutat 29:1355 (PMID 18951462); Ollila 2006 Gastroenterology (PMID 17,traced to record,96,COMAVI_detection_vs_attribution.json/attribution/n
S1_Table,evidence_ledger,cell,1355,value,; ATPase mismatch binding/release defect | Ollila 2008 Hum Mutat 29:1355 (PMID 18951462); Ollila 2006 Gastroenterology (PMID 1710131,bibliographic (volume/page),0,
S1_Table,evidence_ledger,cell,29,value,"defect, protein stable, interaction intact | Ollila 2008 Hum Mutat 29:1355 (PMID 18951462); Ollila 2006 Gastroenterology (PMID 17",traced to record,96,COMAVI_detection_vs_attribution.json/attribution/n
S1_Table,evidence_ledger,cell,1355,value,"fect, protein stable, interaction intact | Ollila 2008 Hum Mutat 29:1355 (PMID 18951462); Ollila 2006 Gastroenterology (PMID 1710131",bibliographic (volume/page),0,
S1_Table,evidence_ledger,cell,1.9,value,mental | direct | MMR-proficient with interaction intact; gnomAD ~1.9% | Ollila 2008 Hum Mutat 29:1355 (PMID 18951462); Ollila,traced to record,52,COMAVI_audit_calibration_inversion.csv::inverse_estimate
S1_Table,evidence_ledger,cell,29,value,cient with interaction intact; gnomAD ~1.9% | Ollila 2008 Hum Mutat 29:1355 (PMID 18951462); Ollila 2006 Gastroenterology (PMID 17,traced to record,96,COMAVI_detection_vs_attribution.json/attribution/n
S1_Table,evidence_ledger,cell,1355,value,nt with interaction intact; gnomAD ~1.9% | Ollila 2008 Hum Mutat 29:1355 (PMID 18951462); Ollila 2006 Gastroenterology (PMID 1710131,bibliographic (volume/page),0,
S1_Table,evidence_ledger,cell,29,value,"| MSH6 IP, bandshift and MMR all WT-like | Ollila 2008 Hum Mutat 29:1355 (PMID 18951462); Ollila 2006 Gastroenterology (PMID 17",traced to record,96,COMAVI_detection_vs_attribution.json/attribution/n
S1_Table,evidence_ledger,cell,1355,value,"MSH6 IP, bandshift and MMR all WT-like | Ollila 2008 Hum Mutat 29:1355 (PMID 18951462); Ollila 2006 Gastroenterology (PMID 1710131",bibliographic (volume/page),0,
S1_Table,evidence_ledger,cell,10,value,"| E4_population_frequency | inferred | rs3730089, gnomAD MAF > 10%: benign by frequency alone | gnomAD (rs3730089) |",traced to record,112,COMAVI_audit_lability.csv::max_abs_ddg
S1_Table,evidence_ledger,cell,10,value,"| E4_population_frequency | inferred | rs3730089, gnomAD MAF > 10%: benign by frequency alone | gnomAD (rs3730089) |",traced to record,112,COMAVI_audit_lability.csv::max_abs_ddg
S1_Table,evidence_ledger,cell,10,value,"| E4_population_frequency | inferred | rs3730089, gnomAD MAF > 10%: benign by frequency alone | gnomAD (rs3730089) |",traced to record,112,COMAVI_audit_lability.csv::max_abs_ddg
S1_Table,evidence_ledger,cell,3,value,| E3_qualitative_experimental | direct | Abolished phospho-Smad2/3 interaction by co-IP | De Bosscher 2004 (co-IP) |,traced to record,586,COMAVI_alphamissense_thresholded_accuracy.json/thresholded_all/ambiguous_resolved[0]/gene
S1_Table,evidence_ledger,cell,3,value,binding | neutral | E4_population_frequency | inferred | AF ~3% African-American: benign by frequency | Frazier 2008; gn,traced to record,586,COMAVI_alphamissense_thresholded_accuracy.json/thresholded_all/ambiguous_resolved[0]/gene
S1_Table,evidence_ledger,cell,3,value,_complex | neutral | E4_population_frequency | inferred | AF ~3% African-American: benign by frequency | Frazier 2008; gn,traced to record,586,COMAVI_alphamissense_thresholded_accuracy.json/thresholded_all/ambiguous_resolved[0]/gene
S1_Table,evidence_ledger,cell,3,value,monomer | neutral | E4_population_frequency | inferred | AF ~3% African-American: benign by frequency | Frazier 2008; gn,traced to record,586,COMAVI_alphamissense_thresholded_accuracy.json/thresholded_all/ambiguous_resolved[0]/gene
S1_Table,evidence_ledger,cell,1.4,value,"inding | neutral | E2_quantitative_functional | direct | EC50 1.4 uM vs 0.8 uM WT: reduced inhibitory potency, actin affinity",traced to record,57,COMAVI_audit_calibration_inversion.csv::inverse_estimate
S1_Table,evidence_ledger,cell,0.8,value,"neutral | E2_quantitative_functional | direct | EC50 1.4 uM vs 0.8 uM WT: reduced inhibitory potency, actin affinity unchanged",traced to record,353,COMAVI_alphamissense_thresholded_accuracy.json/thresholded_all/accuracy
S1_Table,evidence_ledger,cell,275,value,", actin affinity unchanged -- interface retained | Elliott 2000 JBC 275:22069; Takahashi / Kimura 2001 (PMID 11735257) |",bibliographic (volume/page),0,
S1_Table,evidence_ledger,cell,22069,value,tin affinity unchanged -- interface retained | Elliott 2000 JBC 275:22069; Takahashi / Kimura 2001 (PMID 11735257) |,bibliographic (volume/page),0,
S1_Table,evidence_ledger,cell,23,value,petent by SPR | Tischer / Moon-Tasson / Auton 2025 J Thromb Haemost 23(4):1215-1228 (PMID 39756657); CD/DSC + SPR + shear-flow |,traced to record,48,COMAVI_audit_gate_sweep.csv::firing_strong_n
S1_Table,evidence_ledger,cell,4,value,ent by SPR | Tischer / Moon-Tasson / Auton 2025 J Thromb Haemost 23(4):1215-1228 (PMID 39756657); CD/DSC + SPR + shear-flow |,traced to record,468,COMAVI_alphamissense_thresholded_accuracy.json/population/am_class_counts/ambiguous
S1_Table,evidence_ledger,cell,1215,value,by SPR | Tischer / Moon-Tasson / Auton 2025 J Thromb Haemost 23(4):1215-1228 (PMID 39756657); CD/DSC + SPR + shear-flow |,bibliographic (volume/page),0,
S1_Table,evidence_ledger,cell,1228,value,PR | Tischer / Moon-Tasson / Auton 2025 J Thromb Haemost 23(4):1215-1228 (PMID 39756657); CD/DSC + SPR + shear-flow |,bibliographic (volume/page),0,
S1_Table,evidence_ledger,cell,23,value,monomer fold | Tischer / Moon-Tasson / Auton 2025 J Thromb Haemost 23(4):1215-1228 (PMID 39756657); CD/DSC + SPR + shear-flow |,traced to record,48,COMAVI_audit_gate_sweep.csv::firing_strong_n
S1_Table,evidence_ledger,cell,4,value,nomer fold | Tischer / Moon-Tasson / Auton 2025 J Thromb Haemost 23(4):1215-1228 (PMID 39756657); CD/DSC + SPR + shear-flow |,traced to record,468,COMAVI_alphamissense_thresholded_accuracy.json/population/am_class_counts/ambiguous
S1_Table,evidence_ledger,cell,1215,value,er fold | Tischer / Moon-Tasson / Auton 2025 J Thromb Haemost 23(4):1215-1228 (PMID 39756657); CD/DSC + SPR + shear-flow |,bibliographic (volume/page),0,
S1_Table,evidence_ledger,cell,1228,value,ld | Tischer / Moon-Tasson / Auton 2025 J Thromb Haemost 23(4):1215-1228 (PMID 39756657); CD/DSC + SPR + shear-flow |,bibliographic (volume/page),0,
S1_Table,evidence_ledger,cell,23,value,"d, WT-like Tm | Tischer / Moon-Tasson / Auton 2025 J Thromb Haemost 23(4):1215-1228 (PMID 39756657); CD/DSC + SPR + shear-flow |",traced to record,48,COMAVI_audit_gate_sweep.csv::firing_strong_n
S1_Table,evidence_ledger,cell,4,value,WT-like Tm | Tischer / Moon-Tasson / Auton 2025 J Thromb Haemost 23(4):1215-1228 (PMID 39756657); CD/DSC + SPR + shear-flow |,traced to record,468,COMAVI_alphamissense_thresholded_accuracy.json/population/am_class_counts/ambiguous
S1_Table,evidence_ledger,cell,1215,value,like Tm | Tischer / Moon-Tasson / Auton 2025 J Thromb Haemost 23(4):1215-1228 (PMID 39756657); CD/DSC + SPR + shear-flow |,bibliographic (volume/page),0,
S1_Table,evidence_ledger,cell,1228,value,Tm | Tischer / Moon-Tasson / Auton 2025 J Thromb Haemost 23(4):1215-1228 (PMID 39756657); CD/DSC + SPR + shear-flow |,bibliographic (volume/page),0,
S1_Table,evidence_ledger,cell,23,value,flow adhesion | Tischer / Moon-Tasson / Auton 2025 J Thromb Haemost 23(4):1215-1228 (PMID 39756657); CD/DSC + SPR + shear-flow |,traced to record,48,COMAVI_audit_gate_sweep.csv::firing_strong_n
S1_Table,evidence_ledger,cell,4,value,w adhesion | Tischer / Moon-Tasson / Auton 2025 J Thromb Haemost 23(4):1215-1228 (PMID 39756657); CD/DSC + SPR + shear-flow |,traced to record,468,COMAVI_alphamissense_thresholded_accuracy.json/population/am_class_counts/ambiguous
S1_Table,evidence_ledger,cell,1215,value,dhesion | Tischer / Moon-Tasson / Auton 2025 J Thromb Haemost 23(4):1215-1228 (PMID 39756657); CD/DSC + SPR + shear-flow |,bibliographic (volume/page),0,
S1_Table,evidence_ledger,cell,1228,value,on | Tischer / Moon-Tasson / Auton 2025 J Thromb Haemost 23(4):1215-1228 (PMID 39756657); CD/DSC + SPR + shear-flow |,bibliographic (volume/page),0,
S1_Table,evidence_ledger,cell,23,value,monomer fold | Tischer / Moon-Tasson / Auton 2025 J Thromb Haemost 23(4):1215-1228 (PMID 39756657); CD/DSC + SPR + shear-flow |,traced to record,48,COMAVI_audit_gate_sweep.csv::firing_strong_n
S1_Table,evidence_ledger,cell,4,value,nomer fold | Tischer / Moon-Tasson / Auton 2025 J Thromb Haemost 23(4):1215-1228 (PMID 39756657); CD/DSC + SPR + shear-flow |,traced to record,468,COMAVI_alphamissense_thresholded_accuracy.json/population/am_class_counts/ambiguous
S1_Table,evidence_ledger,cell,1215,value,er fold | Tischer / Moon-Tasson / Auton 2025 J Thromb Haemost 23(4):1215-1228 (PMID 39756657); CD/DSC + SPR + shear-flow |,bibliographic (volume/page),0,
S1_Table,evidence_ledger,cell,1228,value,ld | Tischer / Moon-Tasson / Auton 2025 J Thromb Haemost 23(4):1215-1228 (PMID 39756657); CD/DSC + SPR + shear-flow |,bibliographic (volume/page),0,
S1_Table,evidence_ledger,cell,23,value,ion threshold | Tischer / Moon-Tasson / Auton 2025 J Thromb Haemost 23(4):1215-1228 (PMID 39756657); CD/DSC + SPR + shear-flow |,traced to record,48,COMAVI_audit_gate_sweep.csv::firing_strong_n
S1_Table,evidence_ledger,cell,4,value,threshold | Tischer / Moon-Tasson / Auton 2025 J Thromb Haemost 23(4):1215-1228 (PMID 39756657); CD/DSC + SPR + shear-flow |,traced to record,468,COMAVI_alphamissense_thresholded_accuracy.json/population/am_class_counts/ambiguous
S1_Table,evidence_ledger,cell,1215,value,reshold | Tischer / Moon-Tasson / Auton 2025 J Thromb Haemost 23(4):1215-1228 (PMID 39756657); CD/DSC + SPR + shear-flow |,bibliographic (volume/page),0,
S1_Table,evidence_ledger,cell,1228,value,ld | Tischer / Moon-Tasson / Auton 2025 J Thromb Haemost 23(4):1215-1228 (PMID 39756657); CD/DSC + SPR + shear-flow |,bibliographic (volume/page),0,
S1_Table,whole_variant_negatives,cell,69.5,value,ld and CaV1.2 IQ interface carry no committed expectation. Site pLDDT 69.5 in the model. | Crotti et al. 2013 |,traced to record,10,COMAVI_plddt_gating_comparison.json/plddt_gate/relaxed_band_members[6]/plddt
S1_Table,whole_variant_negatives,cell,2013,value,ommitted expectation. Site pLDDT 69.5 in the model. | Crotti et al. 2013 |,bibliographic (volume/page),0,
S1_Table,whole_variant_negatives,cell,2012,value,r); no committed expectation on the modeled axes. | Nyegaard et al. 2012 |,bibliographic (volume/page),0,
S1_Table,whole_variant_negatives,cell,2013,value,ange; no committed expectation on the modeled axes. | Crotti et al. 2013 |,bibliographic (volume/page),0,
S1_Table,whole_variant_negatives,cell,2012,value,xes; no committed expectation on the modeled axes. | Le Goff et al. 2012 |,bibliographic (volume/page),0,
S1_Table,whole_variant_negatives,cell,2012,value,iant level) | Same codon and mechanism as I500T. | Le Goff et al. 2012 |,bibliographic (volume/page),0,
S2_Table,index,cell,61,value,"le | benchmark_variants | S2 Table, benchmark_variants sheet. The 61 benchmark variants. Each row gives the clinical annotation,",traced to record,33,COMAVI_audit_summary.json/denominators/n_rows
S2_Table,index,cell,2.5,value,"terature, the structural-context tier, the whole-variant grade at the 2.5 kcal/mol reference and at every threshold, the committed ax",traced to record,109,COMAVI_audit_calibration_inversion.csv::direct_regression_estimate
S2_Table,index,cell,47,value,comparators sheet. Structural-context comparator analyses on the same 47-variant population.,traced to record,20,COMAVI_audit_tier_gradient_loso.csv::n
S2_Table,index,cell,2.5,value,t. Directly measured or curated fold and binding disagreements at the 2.5 kcal/mol reference.,traced to record,109,COMAVI_audit_calibration_inversion.csv::direct_regression_estimate
S2_Table,benchmark_variants,cell,61,value,"S2 Table, benchmark_variants sheet. The 61 benchmark variants. Each row gives the clinical annotation,",traced to record,33,COMAVI_audit_summary.json/denominators/n_rows
S2_Table,benchmark_variants,cell,2.5,value,"terature, the structural-context tier, the whole-variant grade at the 2.5 kcal/mol reference and at every threshold, the committed ax",traced to record,109,COMAVI_audit_calibration_inversion.csv::direct_regression_estimate
S2_Table,benchmark_variants,cell,2.5,value,nnotation | Expected mechanism | Structural tier | Agreement at 2.5 | Agreement 1.0/1.5/2.0/2.5/Bound | Committed axes |,traced to record,109,COMAVI_audit_calibration_inversion.csv::direct_regression_estimate
S2_Table,benchmark_variants,cell,1.0,value,cted mechanism | Structural tier | Agreement at 2.5 | Agreement 1.0/1.5/2.0/2.5/Bound | Committed axes | Evidence class |,traced to record,1486,COMAVI_alphamissense_thresholded_accuracy.json/confident_calls/errors[0]/am_pathogenicity
S2_Table,benchmark_variants,cell,1.5,value,mechanism | Structural tier | Agreement at 2.5 | Agreement 1.0/1.5/2.0/2.5/Bound | Committed axes | Evidence class | Evi,traced to record,105,COMAVI_audit_calibration_inversion.csv::fieller_hi
S2_Table,benchmark_variants,cell,2.0,value,hanism | Structural tier | Agreement at 2.5 | Agreement 1.0/1.5/2.0/2.5/Bound | Committed axes | Evidence class | Evidenc,traced to record,501,COMAVI_alphamissense_thresholded_accuracy.json/population/am_class_counts/unavailable
S2_Table,benchmark_variants,cell,2.5,value,sm | Structural tier | Agreement at 2.5 | Agreement 1.0/1.5/2.0/2.5/Bound | Committed axes | Evidence class | Evidence ba,traced to record,109,COMAVI_audit_calibration_inversion.csv::direct_regression_estimate
S2_Table,benchmark_variants,cell,4.89,value,"monomer | E1 | GdmCl equilibrium unfolding: measured ddG_U-F = +4.89 kcal/mol | Rowling, Cook & Itzhaki 2010 JBC 285:20080 (PM",traced to record,12,COMAVI_delta_calibration_points.csv::measured_kcal
S2_Table,benchmark_variants,cell,285,value,"easured ddG_U-F = +4.89 kcal/mol | Rowling, Cook & Itzhaki 2010 JBC 285:20080 (PMID 20452977; PMC2888420), Table S1 | 6.43 | -",bibliographic (volume/page),0,
S2_Table,benchmark_variants,cell,20080,value,"red ddG_U-F = +4.89 kcal/mol | Rowling, Cook & Itzhaki 2010 JBC 285:20080 (PMID 20452977; PMC2888420), Table S1 | 6.43 | - | -",bibliographic (volume/page),0,
S2_Table,benchmark_variants,cell,6.43,value,"Itzhaki 2010 JBC 285:20080 (PMID 20452977; PMC2888420), Table S1 | 6.43 | - | - | 4.89 | 1JNX.pdb | n/a",traced to record,7,COMAVI_audit_lability.csv::max_abs_ddg
S2_Table,benchmark_variants,cell,4.89,value,":20080 (PMID 20452977; PMC2888420), Table S1 | 6.43 | - | - | 4.89 | 1JNX.pdb | n/a",traced to record,12,COMAVI_delta_calibration_points.csv::measured_kcal
S2_Table,benchmark_variants,cell,1.18,value,"monomer | E1 | GdmCl equilibrium unfolding: measured ddG_U-F = +1.18 kcal/mol | Rowling, Cook & Itzhaki 2010 JBC 285:20080 (PM",traced to record,7,COMAVI_delta_calibration_points.csv::measured_kcal
S2_Table,benchmark_variants,cell,285,value,"easured ddG_U-F = +1.18 kcal/mol | Rowling, Cook & Itzhaki 2010 JBC 285:20080 (PMID 20452977; PMC2888420), Table S1 | 0.53 | -",bibliographic (volume/page),0,
S2_Table,benchmark_variants,cell,20080,value,"red ddG_U-F = +1.18 kcal/mol | Rowling, Cook & Itzhaki 2010 JBC 285:20080 (PMID 20452977; PMC2888420), Table S1 | 0.53 | - | -",bibliographic (volume/page),0,
S2_Table,benchmark_variants,cell,0.53,value,"Itzhaki 2010 JBC 285:20080 (PMID 20452977; PMC2888420), Table S1 | 0.53 | - | - | 1.18 | 1JNX.pdb | n/a",traced to record,37,COMAVI_audit_lability.csv::max_abs_ddg
S2_Table,benchmark_variants,cell,1.18,value,":20080 (PMID 20452977; PMC2888420), Table S1 | 0.53 | - | - | 1.18 | 1JNX.pdb | n/a",traced to record,7,COMAVI_delta_calibration_points.csv::measured_kcal
S2_Table,benchmark_variants,cell,-0.03,value,"| monomer | E1 | GdmCl equilibrium unfolding: measured ddG_U-F = -0.03 kcal/mol | Rowling, Cook & Itzhaki 2010 JBC 285:20080 (PM",traced to record,51,COMAVI_delta_calibration_points.csv::foldx_ddg
S2_Table,benchmark_variants,cell,285,value,"easured ddG_U-F = -0.03 kcal/mol | Rowling, Cook & Itzhaki 2010 JBC 285:20080 (PMID 20452977; PMC2888420), Table S1 | 0.45 | -",bibliographic (volume/page),0,
S2_Table,benchmark_variants,cell,20080,value,"red ddG_U-F = -0.03 kcal/mol | Rowling, Cook & Itzhaki 2010 JBC 285:20080 (PMID 20452977; PMC2888420), Table S1 | 0.45 | - | -",bibliographic (volume/page),0,
S2_Table,benchmark_variants,cell,0.45,value,"Itzhaki 2010 JBC 285:20080 (PMID 20452977; PMC2888420), Table S1 | 0.45 | - | - | -0.03 | 1JNX.pdb | n/a",traced to record,49,COMAVI_audit_lability.csv::max_abs_ddg
S2_Table,benchmark_variants,cell,-0.03,value,":20080 (PMID 20452977; PMC2888420), Table S1 | 0.45 | - | - | -0.03 | 1JNX.pdb | n/a",traced to record,51,COMAVI_delta_calibration_points.csv::foldx_ddg
S2_Table,benchmark_variants,cell,3.73,value,"monomer | E1 | GdmCl equilibrium unfolding: measured ddG_U-F = +3.73 kcal/mol | Rowling, Cook & Itzhaki 2010 JBC 285:20080 (PM",traced to record,22,COMAVI_audit_lability.csv::max_abs_ddg
S2_Table,benchmark_variants,cell,285,value,"easured ddG_U-F = +3.73 kcal/mol | Rowling, Cook & Itzhaki 2010 JBC 285:20080 (PMID 20452977; PMC2888420), Table S1 | 2.86 | -",bibliographic (volume/page),0,
S2_Table,benchmark_variants,cell,20080,value,"red ddG_U-F = +3.73 kcal/mol | Rowling, Cook & Itzhaki 2010 JBC 285:20080 (PMID 20452977; PMC2888420), Table S1 | 2.86 | - | -",bibliographic (volume/page),0,
S2_Table,benchmark_variants,cell,2.86,value,"Itzhaki 2010 JBC 285:20080 (PMID 20452977; PMC2888420), Table S1 | 2.86 | - | - | 3.73 | 1JNX.pdb | n/a",traced to record,8,COMAVI_audit_lability.csv::max_abs_ddg
S2_Table,benchmark_variants,cell,3.73,value,":20080 (PMID 20452977; PMC2888420), Table S1 | 2.86 | - | - | 3.73 | 1JNX.pdb | n/a",traced to record,22,COMAVI_audit_lability.csv::max_abs_ddg
S2_Table,benchmark_variants,cell,0.06,value,"monomer | E1 | GdmCl equilibrium unfolding: measured ddG_U-F = +0.06 kcal/mol | Rowling, Cook & Itzhaki 2010 JBC 285:20080 (PM",traced to record,94,COMAVI_delta_calibration_points.csv::absdelta
S2_Table,benchmark_variants,cell,285,value,"easured ddG_U-F = +0.06 kcal/mol | Rowling, Cook & Itzhaki 2010 JBC 285:20080 (PMID 20452977; PMC2888420), Table S1 | 1.67 | -",bibliographic (volume/page),0,
S2_Table,benchmark_variants,cell,20080,value,"red ddG_U-F = +0.06 kcal/mol | Rowling, Cook & Itzhaki 2010 JBC 285:20080 (PMID 20452977; PMC2888420), Table S1 | 1.67 | - | -",bibliographic (volume/page),0,
S2_Table,benchmark_variants,cell,1.67,value,"Itzhaki 2010 JBC 285:20080 (PMID 20452977; PMC2888420), Table S1 | 1.67 | - | - | 0.06 | 1JNX.pdb | n/a",traced to record,8,COMAVI_audit_lability.csv::max_abs_ddg
S2_Table,benchmark_variants,cell,0.06,value,":20080 (PMID 20452977; PMC2888420), Table S1 | 1.67 | - | - | 0.06 | 1JNX.pdb | n/a",traced to record,94,COMAVI_delta_calibration_points.csv::absdelta
S2_Table,benchmark_variants,cell,-0.99,value,"| monomer | E1 | GdmCl equilibrium unfolding: measured ddG_U-F = -0.99 kcal/mol | Rowling, Cook & Itzhaki 2010 JBC 285:20080 (PM",traced to record,4,chd_concordance_results_FIXED.csv::ddg_fold_shroom3
S2_Table,benchmark_variants,cell,285,value,"easured ddG_U-F = -0.99 kcal/mol | Rowling, Cook & Itzhaki 2010 JBC 285:20080 (PMID 20452977; PMC2888420), Table S1 | 0.39 | -",bibliographic (volume/page),0,
S2_Table,benchmark_variants,cell,20080,value,"red ddG_U-F = -0.99 kcal/mol | Rowling, Cook & Itzhaki 2010 JBC 285:20080 (PMID 20452977; PMC2888420), Table S1 | 0.39 | - | -",bibliographic (volume/page),0,
S2_Table,benchmark_variants,cell,0.39,value,"Itzhaki 2010 JBC 285:20080 (PMID 20452977; PMC2888420), Table S1 | 0.39 | - | - | -0.99 | 1JNX.pdb | n/a",traced to record,43,COMAVI_delta_calibration_points.csv::absdelta
S2_Table,benchmark_variants,cell,-0.99,value,":20080 (PMID 20452977; PMC2888420), Table S1 | 0.39 | - | - | -0.99 | 1JNX.pdb | n/a",traced to record,4,chd_concordance_results_FIXED.csv::ddg_fold_shroom3
S2_Table,benchmark_variants,cell,-1.83,value,"| monomer | E1 | GdmCl equilibrium unfolding: measured ddG_U-F = -1.83 kcal/mol | Rowling, Cook & Itzhaki 2010 JBC 285:20080 (PM",traced to record,7,chd_concordance_results_FIXED.csv::ddg_fold_ctnnb1
S2_Table,benchmark_variants,cell,285,value,"easured ddG_U-F = -1.83 kcal/mol | Rowling, Cook & Itzhaki 2010 JBC 285:20080 (PMID 20452977; PMC2888420), Table S1 | 1.77 | -",bibliographic (volume/page),0,
S2_Table,benchmark_variants,cell,20080,value,"red ddG_U-F = -1.83 kcal/mol | Rowling, Cook & Itzhaki 2010 JBC 285:20080 (PMID 20452977; PMC2888420), Table S1 | 1.77 | - | -",bibliographic (volume/page),0,
S2_Table,benchmark_variants,cell,1.77,value,"Itzhaki 2010 JBC 285:20080 (PMID 20452977; PMC2888420), Table S1 | 1.77 | - | - | -1.83 | 1JNX.pdb | n/a",traced to record,9,COMAVI_delta_calibration_points.csv::d_pred
S2_Table,benchmark_variants,cell,-1.83,value,":20080 (PMID 20452977; PMC2888420), Table S1 | 1.77 | - | - | -1.83 | 1JNX.pdb | n/a",traced to record,7,chd_concordance_results_FIXED.csv::ddg_fold_ctnnb1
S2_Table,benchmark_variants,cell,1.57,value,"monomer | E1 | GdmCl equilibrium unfolding: measured ddG_U-F = +1.57 kcal/mol | Rowling, Cook & Itzhaki 2010 JBC 285:20080 (PM",traced to record,9,COMAVI_audit_calibration_inversion.csv::direct_regression_estimate
S2_Table,benchmark_variants,cell,285,value,"easured ddG_U-F = +1.57 kcal/mol | Rowling, Cook & Itzhaki 2010 JBC 285:20080 (PMID 20452977; PMC2888420), Table S1 | 0.73 | -",bibliographic (volume/page),0,
S2_Table,benchmark_variants,cell,20080,value,"red ddG_U-F = +1.57 kcal/mol | Rowling, Cook & Itzhaki 2010 JBC 285:20080 (PMID 20452977; PMC2888420), Table S1 | 0.73 | - | -",bibliographic (volume/page),0,
S2_Table,benchmark_variants,cell,0.73,value,"Itzhaki 2010 JBC 285:20080 (PMID 20452977; PMC2888420), Table S1 | 0.73 | - | - | 1.57 | 1JNX.pdb | n/a",traced to record,56,COMAVI_audit_calibration_inversion.csv::inverse_estimate
S2_Table,benchmark_variants,cell,1.57,value,":20080 (PMID 20452977; PMC2888420), Table S1 | 0.73 | - | - | 1.57 | 1JNX.pdb | n/a",traced to record,9,COMAVI_audit_calibration_inversion.csv::direct_regression_estimate
S2_Table,benchmark_variants,cell,2.22,value,"monomer | E1 | GdmCl equilibrium unfolding: measured ddG_U-F = +2.22 kcal/mol | Rowling, Cook & Itzhaki 2010 JBC 285:20080 (PM",traced to record,6,COMAVI_delta_calibration_points.csv::measured_kcal
S2_Table,benchmark_variants,cell,285,value,"easured ddG_U-F = +2.22 kcal/mol | Rowling, Cook & Itzhaki 2010 JBC 285:20080 (PMID 20452977; PMC2888420), Table S1 | 2.98 | -",bibliographic (volume/page),0,
S2_Table,benchmark_variants,cell,20080,value,"red ddG_U-F = +2.22 kcal/mol | Rowling, Cook & Itzhaki 2010 JBC 285:20080 (PMID 20452977; PMC2888420), Table S1 | 2.98 | - | -",bibliographic (volume/page),0,
S2_Table,benchmark_variants,cell,2.98,value,"Itzhaki 2010 JBC 285:20080 (PMID 20452977; PMC2888420), Table S1 | 2.98 | - | - | 2.22 | 1JNX.pdb | n/a",traced to record,24,COMAVI_audit_lability.csv::max_abs_ddg
S2_Table,benchmark_variants,cell,2.22,value,":20080 (PMID 20452977; PMC2888420), Table S1 | 2.98 | - | - | 2.22 | 1JNX.pdb | n/a",traced to record,6,COMAVI_delta_calibration_points.csv::measured_kcal
S2_Table,benchmark_variants,cell,4.20,value,"monomer | E1 | GdmCl equilibrium unfolding: measured ddG_U-F = +4.20 kcal/mol | Rowling, Cook & Itzhaki 2010 JBC 285:20080 (PM",traced to record,3,COMAVI_delta_calibration_points.csv::measured_kcal
S2_Table,benchmark_variants,cell,285,value,"easured ddG_U-F = +4.20 kcal/mol | Rowling, Cook & Itzhaki 2010 JBC 285:20080 (PMID 20452977; PMC2888420), Table S1 | 1.24 | -",bibliographic (volume/page),0,
S2_Table,benchmark_variants,cell,20080,value,"red ddG_U-F = +4.20 kcal/mol | Rowling, Cook & Itzhaki 2010 JBC 285:20080 (PMID 20452977; PMC2888420), Table S1 | 1.24 | - | -",bibliographic (volume/page),0,
S2_Table,benchmark_variants,cell,1.24,value,"Itzhaki 2010 JBC 285:20080 (PMID 20452977; PMC2888420), Table S1 | 1.24 | - | - | 4.20 | 1JNX.pdb | n/a",traced to record,16,COMAVI_audit_lability.csv::max_abs_ddg
S2_Table,benchmark_variants,cell,4.20,value,":20080 (PMID 20452977; PMC2888420), Table S1 | 1.24 | - | - | 4.20 | 1JNX.pdb | n/a",traced to record,3,COMAVI_delta_calibration_points.csv::measured_kcal
S2_Table,benchmark_variants,cell,2.40,value,"monomer | E1 | GdmCl equilibrium unfolding: measured ddG_U-F = +2.40 kcal/mol | Rowling, Cook & Itzhaki 2010 JBC 285:20080 (PM",traced to record,9,COMAVI_delta_calibration_points.csv::absdelta
S2_Table,benchmark_variants,cell,285,value,"easured ddG_U-F = +2.40 kcal/mol | Rowling, Cook & Itzhaki 2010 JBC 285:20080 (PMID 20452977; PMC2888420), Table S1 | 3.57 | -",bibliographic (volume/page),0,
S2_Table,benchmark_variants,cell,20080,value,"red ddG_U-F = +2.40 kcal/mol | Rowling, Cook & Itzhaki 2010 JBC 285:20080 (PMID 20452977; PMC2888420), Table S1 | 3.57 | - | -",bibliographic (volume/page),0,
S2_Table,benchmark_variants,cell,3.57,value,"Itzhaki 2010 JBC 285:20080 (PMID 20452977; PMC2888420), Table S1 | 3.57 | - | - | 2.40 | 1JNX.pdb | n/a",traced to record,14,COMAVI_audit_lability.csv::max_abs_ddg
S2_Table,benchmark_variants,cell,2.40,value,":20080 (PMID 20452977; PMC2888420), Table S1 | 3.57 | - | - | 2.40 | 1JNX.pdb | n/a",traced to record,9,COMAVI_delta_calibration_points.csv::absdelta
S2_Table,benchmark_variants,cell,6.04,value,"monomer | E1 | GdmCl equilibrium unfolding: measured ddG_U-F = +6.04 kcal/mol | Rowling, Cook & Itzhaki 2010 JBC 285:20080 (PM",traced to record,3,COMAVI_delta_calibration_points.csv::measured_kcal
S2_Table,benchmark_variants,cell,285,value,"easured ddG_U-F = +6.04 kcal/mol | Rowling, Cook & Itzhaki 2010 JBC 285:20080 (PMID 20452977; PMC2888420), Table S1 | 3.39 | -",bibliographic (volume/page),0,
S2_Table,benchmark_variants,cell,20080,value,"red ddG_U-F = +6.04 kcal/mol | Rowling, Cook & Itzhaki 2010 JBC 285:20080 (PMID 20452977; PMC2888420), Table S1 | 3.39 | - | -",bibliographic (volume/page),0,
S2_Table,benchmark_variants,cell,3.39,value,"Itzhaki 2010 JBC 285:20080 (PMID 20452977; PMC2888420), Table S1 | 3.39 | - | - | 6.04 | 1JNX.pdb | n/a",traced to record,8,COMAVI_audit_calibration_inversion.csv::fieller_lo
S2_Table,benchmark_variants,cell,6.04,value,":20080 (PMID 20452977; PMC2888420), Table S1 | 3.39 | - | - | 6.04 | 1JNX.pdb | n/a",traced to record,3,COMAVI_delta_calibration_points.csv::measured_kcal
S2_Table,benchmark_variants,cell,273,value,oordinating ligand; RING fold lost on Zn release | Brzovic 1998 JBC 273:7795 (PMID 9520298); Roehm & Berg 1997 Biochemistry 36:1024,bibliographic (volume/page),0,
S2_Table,benchmark_variants,cell,7795,value,inating ligand; RING fold lost on Zn release | Brzovic 1998 JBC 273:7795 (PMID 9520298); Roehm & Berg 1997 Biochemistry 36:10240 |,bibliographic (volume/page),0,
S2_Table,benchmark_variants,cell,36,value,ovic 1998 JBC 273:7795 (PMID 9520298); Roehm & Berg 1997 Biochemistry 36:10240 | 2.33 | 6.78 | -0.03 | - | 1JM7.pdb | 0.,traced to record,45,COMAVI_audit_summary.json/R2_lability/n_stable
S2_Table,benchmark_variants,cell,10240,value,c 1998 JBC 273:7795 (PMID 9520298); Roehm & Berg 1997 Biochemistry 36:10240 | 2.33 | 6.78 | -0.03 | - | 1JM7.pdb | 0.99,bibliographic (volume/page),0,
S2_Table,benchmark_variants,cell,2.33,value,273:7795 (PMID 9520298); Roehm & Berg 1997 Biochemistry 36:10240 | 2.33 | 6.78 | -0.03 | - | 1JM7.pdb | 0.99,traced to record,15,COMAVI_delta_calibration_points.csv::d_pred
S2_Table,benchmark_variants,cell,6.78,value,(PMID 9520298); Roehm & Berg 1997 Biochemistry 36:10240 | 2.33 | 6.78 | -0.03 | - | 1JM7.pdb | 0.99,traced to record,17,COMAVI_audit_lability.csv::max_abs_ddg
S2_Table,benchmark_variants,cell,-0.03,value,20298); Roehm & Berg 1997 Biochemistry 36:10240 | 2.33 | 6.78 | -0.03 | - | 1JM7.pdb | 0.99,traced to record,51,COMAVI_delta_calibration_points.csv::foldx_ddg
S2_Table,benchmark_variants,cell,0.99,value,chemistry 36:10240 | 2.33 | 6.78 | -0.03 | - | 1JM7.pdb | 0.99,traced to record,34,COMAVI_alphamissense_thresholded_accuracy.json/confident_calls/errors[0]/am_pathogenicity
S2_Table,benchmark_variants,cell,-0.31,value,like two-hybrid function | Starita 2015 (Y2H interaction panel) | -0.31 | -0.16 | 0 | - | 1JM7.pdb | 0.07,traced to record,18,chd_concordance_results_FIXED.csv::ddg_fold_ctnnb1
S2_Table,benchmark_variants,cell,-0.16,value,ybrid function | Starita 2015 (Y2H interaction panel) | -0.31 | -0.16 | 0 | - | 1JM7.pdb | 0.07,traced to record,22,chd_concordance_results_FIXED.csv::ddg_binding_dvl2
S2_Table,benchmark_variants,cell,0,value,tion | Starita 2015 (Y2H interaction panel) | -0.31 | -0.16 | 0 | - | 1JM7.pdb | 0.07,traced to record,2747,COMAVI_alphamissense_thresholded_accuracy.json/confident_calls/errors[2]/am_pathogenicity
S2_Table,benchmark_variants,cell,0.07,value,H interaction panel) | -0.31 | -0.16 | 0 | - | 1JM7.pdb | 0.07,traced to record,88,COMAVI_audit_gate_sweep.csv::firing_fisher_p
S2_Table,benchmark_variants,cell,0.12,value,like two-hybrid function | Starita 2015 (Y2H interaction panel) | 0.12 | -0.26 | 0 | - | 1JM7.pdb | 0.081,traced to record,56,COMAVI_per_variant_audit.csv::maxabs
S2_Table,benchmark_variants,cell,-0.26,value,hybrid function | Starita 2015 (Y2H interaction panel) | 0.12 | -0.26 | 0 | - | 1JM7.pdb | 0.081,traced to record,22,chd_concordance_results_FIXED.csv::ddg_binding_ctnnb1
S2_Table,benchmark_variants,cell,0,value,ction | Starita 2015 (Y2H interaction panel) | 0.12 | -0.26 | 0 | - | 1JM7.pdb | 0.081,traced to record,2747,COMAVI_alphamissense_thresholded_accuracy.json/confident_calls/errors[2]/am_pathogenicity
S2_Table,benchmark_variants,cell,0.081,value,2H interaction panel) | 0.12 | -0.26 | 0 | - | 1JM7.pdb | 0.081,traced to record,14,COMAVI_per_variant_audit.csv::am
S2_Table,benchmark_variants,cell,1.45,value,binding loss by two-hybrid | Clark 2022 (mammalian two-hybrid) | 1.45 | 3.29 | 2.31 | - | 1JM7.pdb | 0.705,traced to record,22,COMAVI_delta_calibration_points.csv::measured_kcal
S2_Table,benchmark_variants,cell,3.29,value,loss by two-hybrid | Clark 2022 (mammalian two-hybrid) | 1.45 | 3.29 | 2.31 | - | 1JM7.pdb | 0.705,traced to record,22,COMAVI_audit_lability.csv::max_abs_ddg
S2_Table,benchmark_variants,cell,2.31,value,wo-hybrid | Clark 2022 (mammalian two-hybrid) | 1.45 | 3.29 | 2.31 | - | 1JM7.pdb | 0.705,traced to record,10,COMAVI_audit_calibration_inversion.csv::fieller_lo
S2_Table,benchmark_variants,cell,0.705,value,mmalian two-hybrid) | 1.45 | 3.29 | 2.31 | - | 1JM7.pdb | 0.705,traced to record,23,COMAVI_audit_lability.csv::max_abs_ddg
S2_Table,benchmark_variants,cell,1.2,value,Calmodulin-Ca(v)1.2 IQ domain | calm1 | D96V | Pathogenic | No modeled,traced to record,78,COMAVI_audit_lability.csv::max_abs_ddg
S2_Table,benchmark_variants,cell,69.5,value,ld and CaV1.2 IQ interface carry no committed expectation. Site pLDDT 69.5 in the model. | Crotti et al. 2013 | 0.41 | 0.94 |,traced to record,10,COMAVI_plddt_gating_comparison.json/plddt_gate/relaxed_band_members[6]/plddt
S2_Table,benchmark_variants,cell,2013,value,ommitted expectation. Site pLDDT 69.5 in the model. | Crotti et al. 2013 | 0.41 | 0.94 | -1.84 | - | fold_calm1_cacna1c_,bibliographic (volume/page),0,
S2_Table,benchmark_variants,cell,0.41,value,pectation. Site pLDDT 69.5 in the model. | Crotti et al. 2013 | 0.41 | 0.94 | -1.84 | - | fold_calm1_cacna1c_model_0.pdb,traced to record,57,COMAVI_alphamissense_thresholded_accuracy.json/thresholded_all/ambiguous_resolved[2]/am_pathogenicity
S2_Table,benchmark_variants,cell,0.94,value,. Site pLDDT 69.5 in the model. | Crotti et al. 2013 | 0.41 | 0.94 | -1.84 | - | fold_calm1_cacna1c_model_0.pdb | 0.98,traced to record,33,COMAVI_audit_summary.json/tradeoff_bootstrap/variant_boot_reject_ci[3][1]
S2_Table,benchmark_variants,cell,-1.84,value,DDT 69.5 in the model. | Crotti et al. 2013 | 0.41 | 0.94 | -1.84 | - | fold_calm1_cacna1c_model_0.pdb | 0.984,traced to record,9,"cohort_tables/COMAVI_TableS1_variants.csv::Predicted DDG, binding (kcal/mol)"
S2_Table,benchmark_variants,cell,0.984,value,0.41 | 0.94 | -1.84 | - | fold_calm1_cacna1c_model_0.pdb | 0.984,traced to record,6,COMAVI_per_variant_audit.csv::am
S2_Table,benchmark_variants,cell,1.2,value,Calmodulin-Ca(v)1.2 IQ domain | calm1 | F142L | Pathogenic | No modeled,traced to record,78,COMAVI_audit_lability.csv::max_abs_ddg
S2_Table,benchmark_variants,cell,2013,value,ange; no committed expectation on the modeled axes. | Crotti et al. 2013 | 0.71 | 0.58 | -0.51 | - | fold_calm1_cacna1c_,bibliographic (volume/page),0,
S2_Table,benchmark_variants,cell,0.71,value,mmitted expectation on the modeled axes. | Crotti et al. 2013 | 0.71 | 0.58 | -0.51 | - | fold_calm1_cacna1c_model_0.pdb,traced to record,50,COMAVI_audit_lability.csv::max_abs_ddg
S2_Table,benchmark_variants,cell,0.58,value,xpectation on the modeled axes. | Crotti et al. 2013 | 0.71 | 0.58 | -0.51 | - | fold_calm1_cacna1c_model_0.pdb | 0.99,traced to record,43,COMAVI_audit_calibration_inversion.csv::inverse_estimate
S2_Table,benchmark_variants,cell,-0.51,value,n on the modeled axes. | Crotti et al. 2013 | 0.71 | 0.58 | -0.51 | - | fold_calm1_cacna1c_model_0.pdb | 0.998,traced to record,15,chd_concordance_results_FIXED.csv::ddg_fold_actin
S2_Table,benchmark_variants,cell,0.998,value,0.71 | 0.58 | -0.51 | - | fold_calm1_cacna1c_model_0.pdb | 0.998,traced to record,9,COMAVI_per_variant_audit.csv::am
S2_Table,benchmark_variants,cell,1.2,value,Calmodulin-Ca(v)1.2 IQ domain | calm1 | N98S | Pathogenic | No modeled,traced to record,78,COMAVI_audit_lability.csv::max_abs_ddg
S2_Table,benchmark_variants,cell,2012,value,r); no committed expectation on the modeled axes. | Nyegaard et al. 2012 | 0.0 | 0.27 | -0.06 | - | fold_calm1_cacna1c_m,bibliographic (volume/page),0,
S2_Table,benchmark_variants,cell,0.0,value,itted expectation on the modeled axes. | Nyegaard et al. 2012 | 0.0 | 0.27 | -0.06 | - | fold_calm1_cacna1c_model_0.pdb,traced to record,2388,COMAVI_audit_gate_sweep.csv::firing_fisher_p
S2_Table,benchmark_variants,cell,0.27,value,pectation on the modeled axes. | Nyegaard et al. 2012 | 0.0 | 0.27 | -0.06 | - | fold_calm1_cacna1c_model_0.pdb | 0.20,traced to record,61,COMAVI_audit_lability.csv::max_abs_ddg
S2_Table,benchmark_variants,cell,-0.06,value,on the modeled axes. | Nyegaard et al. 2012 | 0.0 | 0.27 | -0.06 | - | fold_calm1_cacna1c_model_0.pdb | 0.209,traced to record,33,COMAVI_delta_calibration_points.csv::delta
S2_Table,benchmark_variants,cell,0.209,value,0.0 | 0.27 | -0.06 | - | fold_calm1_cacna1c_model_0.pdb | 0.209,traced to record,9,COMAVI_alphamissense_thresholded_accuracy.json/confident_calls/errors[3]/am_pathogenicity
S2_Table,benchmark_variants,cell,10,value,"C/C/C/C/C | binding, fold_complex, monomer | E1/E3/E5 | SPR K_D 10-14 uM, WT-like; No assembly-context stability measurement;",traced to record,112,COMAVI_audit_lability.csv::max_abs_ddg
S2_Table,benchmark_variants,cell,14,value,"/C/C/C | binding, fold_complex, monomer | E1/E3/E5 | SPR K_D 10-14 uM, WT-like; No assembly-context stability measurement; tok",traced to record,119,COMAVI_audit_gate_sweep.csv::firing_strong_structural
S2_Table,benchmark_variants,cell,286,value,"old; Natively folded by CD / thermal denaturation | Pechtl 2011 JBC 286:11082 (PMID 21270465), SPR | 0.71 | 0.38 | 0.01 | -",traced to record,8,chd_concordance_collapsed.csv::position
S2_Table,benchmark_variants,cell,11082,value,"Natively folded by CD / thermal denaturation | Pechtl 2011 JBC 286:11082 (PMID 21270465), SPR | 0.71 | 0.38 | 0.01 | - | 2",bibliographic (volume/page),0,
S2_Table,benchmark_variants,cell,0.71,value,"l denaturation | Pechtl 2011 JBC 286:11082 (PMID 21270465), SPR | 0.71 | 0.38 | 0.01 | - | 2WII_trim.pdb | 0.059",traced to record,50,COMAVI_audit_lability.csv::max_abs_ddg
S2_Table,benchmark_variants,cell,0.38,value,"ation | Pechtl 2011 JBC 286:11082 (PMID 21270465), SPR | 0.71 | 0.38 | 0.01 | - | 2WII_trim.pdb | 0.059",traced to record,41,COMAVI_delta_calibration_points.csv::d_meas
S2_Table,benchmark_variants,cell,0.01,value,"Pechtl 2011 JBC 286:11082 (PMID 21270465), SPR | 0.71 | 0.38 | 0.01 | - | 2WII_trim.pdb | 0.059",traced to record,136,COMAVI_audit_gate_sweep.csv::firing_fisher_p
S2_Table,benchmark_variants,cell,0.059,value,"21270465), SPR | 0.71 | 0.38 | 0.01 | - | 2WII_trim.pdb | 0.059",traced to record,20,COMAVI_delta_calibration_points.csv::absdelta
S2_Table,benchmark_variants,cell,12,value,"/C/C/C/C | binding, fold_complex, monomer | E1/E3/E5 | SPR K_D ~12 uM, comparable to WT; No assembly-context stability measure",traced to record,132,COMAVI_alphamissense_thresholded_accuracy.json/population/clinically_benign
S2_Table,benchmark_variants,cell,286,value,"old; Natively folded by CD / thermal denaturation | Pechtl 2011 JBC 286:11082 (PMID 21270465), SPR | 0.47 | 1.32 | 0.01 | -",traced to record,8,chd_concordance_collapsed.csv::position
S2_Table,benchmark_variants,cell,11082,value,"Natively folded by CD / thermal denaturation | Pechtl 2011 JBC 286:11082 (PMID 21270465), SPR | 0.47 | 1.32 | 0.01 | - | 2",bibliographic (volume/page),0,
S2_Table,benchmark_variants,cell,0.47,value,"l denaturation | Pechtl 2011 JBC 286:11082 (PMID 21270465), SPR | 0.47 | 1.32 | 0.01 | - | 2WII_trim.pdb | 0.243",traced to record,39,COMAVI_delta_calibration_points.csv::absdelta
S2_Table,benchmark_variants,cell,1.32,value,"ation | Pechtl 2011 JBC 286:11082 (PMID 21270465), SPR | 0.47 | 1.32 | 0.01 | - | 2WII_trim.pdb | 0.243",traced to record,27,COMAVI_audit_lability.csv::max_abs_ddg
S2_Table,benchmark_variants,cell,0.01,value,"Pechtl 2011 JBC 286:11082 (PMID 21270465), SPR | 0.47 | 1.32 | 0.01 | - | 2WII_trim.pdb | 0.243",traced to record,136,COMAVI_audit_gate_sweep.csv::firing_fisher_p
S2_Table,benchmark_variants,cell,0.243,value,"21270465), SPR | 0.47 | 1.32 | 0.01 | - | 2WII_trim.pdb | 0.243",traced to record,10,COMAVI_alphamissense_thresholded_accuracy.json/confident_calls/errors[4]/am_pathogenicity
S2_Table,benchmark_variants,cell,35,value,"P/P/P/P | binding, fold_complex, monomer | E1/E3/E5 | SPR K_D > 35 uM (binding effectively abolished); No assembly-context sta",traced to record,58,COMAVI_audit_model_free_recall.csv::caught
S2_Table,benchmark_variants,cell,286,value,"old; Natively folded by CD / thermal denaturation | Pechtl 2011 JBC 286:11082 (PMID 21270465), SPR | 0.93 | 4.88 | 6.12 | -",traced to record,8,chd_concordance_collapsed.csv::position
S2_Table,benchmark_variants,cell,11082,value,"Natively folded by CD / thermal denaturation | Pechtl 2011 JBC 286:11082 (PMID 21270465), SPR | 0.93 | 4.88 | 6.12 | - | 2",bibliographic (volume/page),0,
S2_Table,benchmark_variants,cell,0.93,value,"l denaturation | Pechtl 2011 JBC 286:11082 (PMID 21270465), SPR | 0.93 | 4.88 | 6.12 | - | 2WII_trim.pdb | 0.398",traced to record,34,COMAVI_delta_calibration_points.csv::d_meas
S2_Table,benchmark_variants,cell,4.88,value,"ation | Pechtl 2011 JBC 286:11082 (PMID 21270465), SPR | 0.93 | 4.88 | 6.12 | - | 2WII_trim.pdb | 0.398",traced to record,5,"cohort_tables/COMAVI_TableS1_variants.csv::Predicted DDG, in complex (kcal/mol)"
S2_Table,benchmark_variants,cell,6.12,value,"Pechtl 2011 JBC 286:11082 (PMID 21270465), SPR | 0.93 | 4.88 | 6.12 | - | 2WII_trim.pdb | 0.398",traced to record,17,COMAVI_audit_lability.csv::max_abs_ddg
S2_Table,benchmark_variants,cell,0.398,value,"21270465), SPR | 0.93 | 4.88 | 6.12 | - | 2WII_trim.pdb | 0.398",traced to record,7,COMAVI_alphamissense_thresholded_accuracy.json/thresholded_all/ambiguous_resolved[3]/am_pathogenicity
S2_Table,benchmark_variants,cell,0.72,value,s intermolecular | Eaton & Hofrichter 1990 (HbS polymerization) | 0.72 | 0.80 | -0.02 | - | 2HHB.pdb | 0.223,traced to record,80,COMAVI_audit_operating_points.csv::pooled_MC
S2_Table,benchmark_variants,cell,0.80,value,lecular | Eaton & Hofrichter 1990 (HbS polymerization) | 0.72 | 0.80 | -0.02 | - | 2HHB.pdb | 0.223,traced to record,74,COMAVI_audit_lability.csv::max_abs_ddg
S2_Table,benchmark_variants,cell,-0.02,value,| Eaton & Hofrichter 1990 (HbS polymerization) | 0.72 | 0.80 | -0.02 | - | 2HHB.pdb | 0.223,traced to record,36,COMAVI_delta_calibration_points.csv::delta
S2_Table,benchmark_variants,cell,0.223,value,bS polymerization) | 0.72 | 0.80 | -0.02 | - | 2HHB.pdb | 0.223,traced to record,11,COMAVI_alphamissense_thresholded_accuracy.json/confident_calls/errors[2]/am_pathogenicity
S2_Table,benchmark_variants,cell,1.5,value,"Kansas: alpha1-beta2 H-bond loss, reduced tetramer assembly energy (~1.5 kcal/mol); Coupled reading of the same assembly measurement",traced to record,105,COMAVI_audit_calibration_inversion.csv::fieller_hi
S2_Table,benchmark_variants,cell,-0.77,value,assembly measurement | Bonaventura & Riggs 1968 JBC (Hb Kansas) | -0.77 | -0.43 | -0.14 | 1.50 | 2HHB.pdb | 0.969,traced to record,12,"cohort_tables/COMAVI_TableS1_variants.csv::Predicted DDG, isolated subunit (kcal/mol)"
S2_Table,benchmark_variants,cell,-0.43,value,easurement | Bonaventura & Riggs 1968 JBC (Hb Kansas) | -0.77 | -0.43 | -0.14 | 1.50 | 2HHB.pdb | 0.969,traced to record,11,"cohort_tables/COMAVI_TableS1_variants.csv::Predicted DDG, in complex (kcal/mol)"
S2_Table,benchmark_variants,cell,-0.14,value,| Bonaventura & Riggs 1968 JBC (Hb Kansas) | -0.77 | -0.43 | -0.14 | 1.50 | 2HHB.pdb | 0.969,traced to record,13,COMAVI_delta_calibration_points.csv::foldx_ddg
S2_Table,benchmark_variants,cell,1.50,value,entura & Riggs 1968 JBC (Hb Kansas) | -0.77 | -0.43 | -0.14 | 1.50 | 2HHB.pdb | 0.969,traced to record,34,COMAVI_audit_calibration_inversion.csv::foldx_t
S2_Table,benchmark_variants,cell,0.969,value,C (Hb Kansas) | -0.77 | -0.43 | -0.14 | 1.50 | 2HHB.pdb | 0.969,traced to record,8,COMAVI_audit_summary.json/tradeoff_bootstrap/variant_boot_reject_ci[4][1]
S2_Table,benchmark_variants,cell,5.0,value,", fold_complex | E1 | Equilibrium dimer->tetramer assembly ddG = +5.0 kcal/mol; Same assembly-energy measurement; the fold-in-com",traced to record,136,COMAVI_audit_gate_sweep.csv::silent_strong_structural
S2_Table,benchmark_variants,cell,1.82,value,998 (PMID 9521754 equilibrium assembly dG; PMID 9521753 kinetics) | 1.82 | 6.16 | 4.53 | 5.00 | 2HHB.pdb | 0.969,traced to record,24,chd_concordance_results_FIXED.csv::ddg_fold_mdfi
S2_Table,benchmark_variants,cell,6.16,value,9521754 equilibrium assembly dG; PMID 9521753 kinetics) | 1.82 | 6.16 | 4.53 | 5.00 | 2HHB.pdb | 0.969,traced to record,25,COMAVI_audit_lability.csv::max_abs_ddg
S2_Table,benchmark_variants,cell,4.53,value,equilibrium assembly dG; PMID 9521753 kinetics) | 1.82 | 6.16 | 4.53 | 5.00 | 2HHB.pdb | 0.969,traced to record,11,COMAVI_delta_calibration_points.csv::foldx_ddg
S2_Table,benchmark_variants,cell,5.00,value,um assembly dG; PMID 9521753 kinetics) | 1.82 | 6.16 | 4.53 | 5.00 | 2HHB.pdb | 0.969,traced to record,120,COMAVI_audit_gate_sweep.csv::silent_strong_structural
S2_Table,benchmark_variants,cell,0.969,value,521753 kinetics) | 1.82 | 6.16 | 4.53 | 5.00 | 2HHB.pdb | 0.969,traced to record,8,COMAVI_audit_summary.json/tradeoff_bootstrap/variant_boot_reject_ci[4][1]
S2_Table,benchmark_variants,cell,9.0,value,", fold_complex | E1 | Equilibrium dimer->tetramer assembly ddG = +9.0 kcal/mol; Same assembly-energy measurement; the fold-in-com",traced to record,74,COMAVI_audit_model_free_recall.csv::missed
S2_Table,benchmark_variants,cell,0.68,value,998 (PMID 9521754 equilibrium assembly dG; PMID 9521753 kinetics) | 0.68 | 5.88 | 5.14 | 9.00 | 2HHB.pdb | 0.993,traced to record,58,COMAVI_audit_operating_points.csv::balanced_MC
S2_Table,benchmark_variants,cell,5.88,value,9521754 equilibrium assembly dG; PMID 9521753 kinetics) | 0.68 | 5.88 | 5.14 | 9.00 | 2HHB.pdb | 0.993,traced to record,24,COMAVI_audit_lability.csv::max_abs_ddg
S2_Table,benchmark_variants,cell,5.14,value,equilibrium assembly dG; PMID 9521753 kinetics) | 0.68 | 5.88 | 5.14 | 9.00 | 2HHB.pdb | 0.993,traced to record,8,COMAVI_delta_calibration_points.csv::foldx_ddg
S2_Table,benchmark_variants,cell,9.00,value,um assembly dG; PMID 9521753 kinetics) | 0.68 | 5.88 | 5.14 | 9.00 | 2HHB.pdb | 0.993,traced to record,70,COMAVI_audit_model_free_recall.csv::missed
S2_Table,benchmark_variants,cell,0.993,value,521753 kinetics) | 0.68 | 5.88 | 5.14 | 9.00 | 2HHB.pdb | 0.993,traced to record,6,COMAVI_per_variant_audit.csv::am
S2_Table,benchmark_variants,cell,7.0,value,", fold_complex | E1 | Equilibrium dimer->tetramer assembly ddG = +7.0 kcal/mol; Same assembly-energy measurement; the fold-in-com",traced to record,129,COMAVI_audit_gate_sweep.csv::silent_strong_n
S2_Table,benchmark_variants,cell,2.41,value,998 (PMID 9521754 equilibrium assembly dG; PMID 9521753 kinetics) | 2.41 | 7.76 | 5.45 | 7.00 | 2HHB.pdb | 0.94,traced to record,10,COMAVI_audit_calibration_inversion.csv::fieller_lo
S2_Table,benchmark_variants,cell,7.76,value,9521754 equilibrium assembly dG; PMID 9521753 kinetics) | 2.41 | 7.76 | 5.45 | 7.00 | 2HHB.pdb | 0.94,traced to record,22,COMAVI_audit_lability.csv::max_abs_ddg
S2_Table,benchmark_variants,cell,5.45,value,equilibrium assembly dG; PMID 9521753 kinetics) | 2.41 | 7.76 | 5.45 | 7.00 | 2HHB.pdb | 0.94,traced to record,8,COMAVI_delta_calibration_points.csv::foldx_ddg
S2_Table,benchmark_variants,cell,7.00,value,um assembly dG; PMID 9521753 kinetics) | 2.41 | 7.76 | 5.45 | 7.00 | 2HHB.pdb | 0.94,traced to record,124,COMAVI_audit_gate_sweep.csv::silent_strong_n
S2_Table,benchmark_variants,cell,0.94,value,521753 kinetics) | 2.41 | 7.76 | 5.45 | 7.00 | 2HHB.pdb | 0.94,traced to record,33,COMAVI_audit_summary.json/tradeoff_bootstrap/variant_boot_reject_ci[3][1]
S2_Table,benchmark_variants,cell,2.0,value,", fold_complex | E1 | Equilibrium dimer->tetramer assembly ddG = +2.0 kcal/mol; Same assembly-energy measurement; the fold-in-com",traced to record,501,COMAVI_alphamissense_thresholded_accuracy.json/population/am_class_counts/unavailable
S2_Table,benchmark_variants,cell,0.22,value,998 (PMID 9521754 equilibrium assembly dG; PMID 9521753 kinetics) | 0.22 | 2.85 | 1.60 | 2.00 | 2HHB.pdb | 0.894,traced to record,63,COMAVI_alphamissense_thresholded_accuracy.json/confident_calls/errors[2]/am_pathogenicity
S2_Table,benchmark_variants,cell,2.85,value,9521754 equilibrium assembly dG; PMID 9521753 kinetics) | 0.22 | 2.85 | 1.60 | 2.00 | 2HHB.pdb | 0.894,traced to record,36,COMAVI_audit_lability.csv::max_abs_ddg
S2_Table,benchmark_variants,cell,1.60,value,equilibrium assembly dG; PMID 9521753 kinetics) | 0.22 | 2.85 | 1.60 | 2.00 | 2HHB.pdb | 0.894,traced to record,8,COMAVI_delta_calibration_points.csv::foldx_ddg
S2_Table,benchmark_variants,cell,2.00,value,um assembly dG; PMID 9521753 kinetics) | 0.22 | 2.85 | 1.60 | 2.00 | 2HHB.pdb | 0.894,traced to record,417,COMAVI_alphamissense_thresholded_accuracy.json/population/am_class_counts/unavailable
S2_Table,benchmark_variants,cell,0.894,value,521753 kinetics) | 0.22 | 2.85 | 1.60 | 2.00 | 2HHB.pdb | 0.894,traced to record,8,COMAVI_per_variant_audit.csv::am
S2_Table,benchmark_variants,cell,13.6,value,ding | E3 | WT-like RAF1 binding; impaired GTP hydrolysis. G12 is 13.6 A from RAF1 | Hunter 2015 | -0.12 | -2.29 | 0.06 |,traced to record,3,comavi_v7_concordance_annotated.csv::ddg_fold_smad3_ci95_sapozhnikov_high
S2_Table,benchmark_variants,cell,-0.12,value,impaired GTP hydrolysis. G12 is 13.6 A from RAF1 | Hunter 2015 | -0.12 | -2.29 | 0.06 | - | 6XI7.pdb | 0.998,traced to record,19,COMAVI_tier_energy_gating.json/classifier/auc_delta_cluster_bootstrap_ci[0]
S2_Table,benchmark_variants,cell,-2.29,value,GTP hydrolysis. G12 is 13.6 A from RAF1 | Hunter 2015 | -0.12 | -2.29 | 0.06 | - | 6XI7.pdb | 0.998,traced to record,9,"cohort_tables/COMAVI_TableS1_variants.csv::Predicted DDG, in complex (kcal/mol)"
S2_Table,benchmark_variants,cell,0.06,value,ysis. G12 is 13.6 A from RAF1 | Hunter 2015 | -0.12 | -2.29 | 0.06 | - | 6XI7.pdb | 0.998,traced to record,94,COMAVI_delta_calibration_points.csv::absdelta
S2_Table,benchmark_variants,cell,0.998,value,1 | Hunter 2015 | -0.12 | -2.29 | 0.06 | - | 6XI7.pdb | 0.998,traced to record,9,COMAVI_per_variant_audit.csv::am
S2_Table,benchmark_variants,cell,0.43,value,| WT-like RAF1 binding; impaired GTP hydrolysis | Hunter 2015 | 0.43 | -0.25 | 0.06 | - | 6XI7.pdb | 0.995,traced to record,55,COMAVI_audit_lability.csv::max_abs_ddg
S2_Table,benchmark_variants,cell,-0.25,value,ke RAF1 binding; impaired GTP hydrolysis | Hunter 2015 | 0.43 | -0.25 | 0.06 | - | 6XI7.pdb | 0.995,traced to record,17,chd_concordance_results_FIXED.csv::ddg_fold_cdh2
S2_Table,benchmark_variants,cell,0.06,value,nding; impaired GTP hydrolysis | Hunter 2015 | 0.43 | -0.25 | 0.06 | - | 6XI7.pdb | 0.995,traced to record,94,COMAVI_delta_calibration_points.csv::absdelta
S2_Table,benchmark_variants,cell,0.995,value,is | Hunter 2015 | 0.43 | -0.25 | 0.06 | - | 6XI7.pdb | 0.995,traced to record,8,COMAVI_audit_summary.json/tradeoff_bootstrap/p_curves_cross
S2_Table,benchmark_variants,cell,11.1,value,| E3 | Preserved RAF binding; switch-II hydrolysis defect. Q61 is 11.1 A from RAF1 | Hunter 2015 | 0.7 | 0.12 | 0 | - |,reported by the cited source,0,
S2_Table,benchmark_variants,cell,0.7,value,tch-II hydrolysis defect. Q61 is 11.1 A from RAF1 | Hunter 2015 | 0.7 | 0.12 | 0 | - | 6XI7.pdb | 0.998,traced to record,415,COMAVI_audit_calibration_inversion.csv::inverse_estimate
S2_Table,benchmark_variants,cell,0.12,value,ydrolysis defect. Q61 is 11.1 A from RAF1 | Hunter 2015 | 0.7 | 0.12 | 0 | - | 6XI7.pdb | 0.998,traced to record,56,COMAVI_per_variant_audit.csv::maxabs
S2_Table,benchmark_variants,cell,0,value,defect. Q61 is 11.1 A from RAF1 | Hunter 2015 | 0.7 | 0.12 | 0 | - | 6XI7.pdb | 0.998,traced to record,2747,COMAVI_alphamissense_thresholded_accuracy.json/confident_calls/errors[2]/am_pathogenicity
S2_Table,benchmark_variants,cell,0.998,value,om RAF1 | Hunter 2015 | 0.7 | 0.12 | 0 | - | 6XI7.pdb | 0.998,traced to record,9,COMAVI_per_variant_audit.csv::am
S2_Table,benchmark_variants,cell,28,value,"| C/C/C/C/C | binding, fold_complex, monomer | E4 | gnomAD AF 28%; ClinVar BA1 stand-alone benign | gnomAD; ClinVar BA1 |",traced to record,33,COMAVI_cohort_composition_checks.json/structure_source/mechanism_pattern_score_at_2.5/AlphaFold 3/variants
S2_Table,benchmark_variants,cell,-0.8,value,AD AF 28%; ClinVar BA1 stand-alone benign | gnomAD; ClinVar BA1 | -0.8 | -0.95 | -0.00 | - | fold_mlh1_pms2_model_0.pdb |,traced to record,37,COMAVI_delta_calibration_points.csv::delta
S2_Table,benchmark_variants,cell,-0.95,value,; ClinVar BA1 stand-alone benign | gnomAD; ClinVar BA1 | -0.8 | -0.95 | -0.00 | - | fold_mlh1_pms2_model_0.pdb | 0.077,traced to record,9,"cohort_tables/COMAVI_TableS1_variants.csv::Predicted DDG, in complex (kcal/mol)"
S2_Table,benchmark_variants,cell,-0.00,value,BA1 stand-alone benign | gnomAD; ClinVar BA1 | -0.8 | -0.95 | -0.00 | - | fold_mlh1_pms2_model_0.pdb | 0.077,traced to record,61,COMAVI_audit_model_free_recall.csv::largest_miss_foldx
S2_Table,benchmark_variants,cell,0.077,value,| -0.8 | -0.95 | -0.00 | - | fold_mlh1_pms2_model_0.pdb | 0.077,traced to record,14,COMAVI_per_variant_audit.csv::am
S2_Table,benchmark_variants,cell,-0.83,value,red from the intact monomer fold | Raevaara 2005 (MMR activity) | -0.83 | -1.20 | 0 | - | fold_mlh1_pms2_model_0.pdb | 0.,traced to record,5,"cohort_tables/COMAVI_TableS1_variants.csv::Predicted DDG, isolated subunit (kcal/mol)"
S2_Table,benchmark_variants,cell,-1.20,value,he intact monomer fold | Raevaara 2005 (MMR activity) | -0.83 | -1.20 | 0 | - | fold_mlh1_pms2_model_0.pdb | 0.225,traced to record,15,chd_concordance_results_FIXED.csv::ddg_binding_actin
S2_Table,benchmark_variants,cell,0,value,monomer fold | Raevaara 2005 (MMR activity) | -0.83 | -1.20 | 0 | - | fold_mlh1_pms2_model_0.pdb | 0.225,traced to record,2747,COMAVI_alphamissense_thresholded_accuracy.json/confident_calls/errors[2]/am_pathogenicity
S2_Table,benchmark_variants,cell,0.225,value,y) | -0.83 | -1.20 | 0 | - | fold_mlh1_pms2_model_0.pdb | 0.225,traced to record,12,COMAVI_delta_calibration_points.csv::absdelta
S2_Table,benchmark_variants,cell,1.09,value,on-damaging in functional assay | Drost 2019 (functional assay) | 1.09 | 1.17 | -0.27 | - | fold_mlh1_pms2_model_0.pdb |,traced to record,20,COMAVI_delta_calibration_points.csv::absdelta
S2_Table,benchmark_variants,cell,1.17,value,ng in functional assay | Drost 2019 (functional assay) | 1.09 | 1.17 | -0.27 | - | fold_mlh1_pms2_model_0.pdb | 0.649,traced to record,20,COMAVI_audit_lability.csv::max_abs_ddg
S2_Table,benchmark_variants,cell,-0.27,value,ctional assay | Drost 2019 (functional assay) | 1.09 | 1.17 | -0.27 | - | fold_mlh1_pms2_model_0.pdb | 0.649,traced to record,8,chd_concordance_results_FIXED.csv::ddg_fold_ctnnb1
S2_Table,benchmark_variants,cell,0.649,value,| 1.09 | 1.17 | -0.27 | - | fold_mlh1_pms2_model_0.pdb | 0.649,traced to record,14,COMAVI_alphamissense_thresholded_accuracy.json/confident_calls/errors[1]/am_pathogenicity
S2_Table,benchmark_variants,cell,30,value,"| Tier 2 | partial | C/C/P/P/P | binding | E2 | PMS2 co-IP 30% of WT | Kosinski 2010 (PMS2 co-IP, MMR activity) | 0.9",traced to record,62,COMAVI_evidence_ledger_summary.json/by_evidence_type/E3_qualitative_experimental
S2_Table,benchmark_variants,cell,0.95,value,"PMS2 co-IP 30% of WT | Kosinski 2010 (PMS2 co-IP, MMR activity) | 0.95 | 5.17 | 1.96 | - | fold_mlh1_pms2_model_0.pdb |",traced to record,36,COMAVI_audit_lability.csv::max_abs_ddg
S2_Table,benchmark_variants,cell,5.17,value,"P 30% of WT | Kosinski 2010 (PMS2 co-IP, MMR activity) | 0.95 | 5.17 | 1.96 | - | fold_mlh1_pms2_model_0.pdb | 0.999",traced to record,23,COMAVI_audit_lability.csv::max_abs_ddg
S2_Table,benchmark_variants,cell,1.96,value,"WT | Kosinski 2010 (PMS2 co-IP, MMR activity) | 0.95 | 5.17 | 1.96 | - | fold_mlh1_pms2_model_0.pdb | 0.999",traced to record,11,chd_concordance_results_FIXED.csv::ddg_fold_dvl2_sd
S2_Table,benchmark_variants,cell,0.999,value,) | 0.95 | 5.17 | 1.96 | - | fold_mlh1_pms2_model_0.pdb | 0.999,traced to record,11,COMAVI_audit_summary.json/tier_gradient/cluster_boot_p_rho_negative
S2_Table,benchmark_variants,cell,54,value,"| Tier 1 | partial | P/P/P/P/P | binding | E2 | PMS2 co-IP 54% of WT | Kosinski 2010 (PMS2 co-IP, MMR activity) | -0.",traced to record,8,COMAVI_evidence_ledger_summary.json/n_variants
S2_Table,benchmark_variants,cell,-0.8,value,"PMS2 co-IP 54% of WT | Kosinski 2010 (PMS2 co-IP, MMR activity) | -0.8 | 1.07 | -0.39 | - | fold_mlh1_pms2_model_0.pdb |",traced to record,37,COMAVI_delta_calibration_points.csv::delta
S2_Table,benchmark_variants,cell,1.07,value,"P 54% of WT | Kosinski 2010 (PMS2 co-IP, MMR activity) | -0.8 | 1.07 | -0.39 | - | fold_mlh1_pms2_model_0.pdb | 0.918",traced to record,24,COMAVI_audit_lability.csv::max_abs_ddg
S2_Table,benchmark_variants,cell,-0.39,value,"WT | Kosinski 2010 (PMS2 co-IP, MMR activity) | -0.8 | 1.07 | -0.39 | - | fold_mlh1_pms2_model_0.pdb | 0.918",traced to record,10,COMAVI_audit_tier_gradient_loso.csv::rho
S2_Table,benchmark_variants,cell,0.918,value,| -0.8 | 1.07 | -0.39 | - | fold_mlh1_pms2_model_0.pdb | 0.918,traced to record,6,COMAVI_per_variant_audit.csv::am
S2_Table,benchmark_variants,cell,0.617,value,"| binding, fold_complex, monomer | E2 | MAVE interaction score +0.617; PMS2 co-IP 82% -- binding preserved; MAVE abundance score",traced to record,1,isds_v1/ISDS_v1_primary_metrics.csv::average_precision
S2_Table,benchmark_variants,cell,82,value,"complex, monomer | E2 | MAVE interaction score +0.617; PMS2 co-IP 82% -- binding preserved; MAVE abundance score -0.334: reduced",traced to record,38,COMAVI_threshold_sweep.csv::structural_agreement_k
S2_Table,benchmark_variants,cell,-0.334,value,ore +0.617; PMS2 co-IP 82% -- binding preserved; MAVE abundance score -0.334: reduced cellular abundance | MAVE abundance/interaction,reported by the cited source,0,
S2_Table,benchmark_variants,cell,0.97,value,ndance | MAVE abundance/interaction scores; Kosinski 2010 co-IP | 0.97 | -0.94 | -9.66 | - | fold_mlh1_pms2_model_0.pdb |,traced to record,28,COMAVI_audit_summary.json/tradeoff_bootstrap/variant_boot_reject_ci[4][1]
S2_Table,benchmark_variants,cell,-0.94,value,MAVE abundance/interaction scores; Kosinski 2010 co-IP | 0.97 | -0.94 | -9.66 | - | fold_mlh1_pms2_model_0.pdb | 0.986,traced to record,8,"cohort_tables/COMAVI_TableS1_variants.csv::Predicted DDG, in complex (kcal/mol)"
S2_Table,benchmark_variants,cell,-9.66,value,ndance/interaction scores; Kosinski 2010 co-IP | 0.97 | -0.94 | -9.66 | - | fold_mlh1_pms2_model_0.pdb | 0.986,traced to record,9,"cohort_tables/COMAVI_TableS1_variants.csv::Predicted DDG, binding (kcal/mol)"
S2_Table,benchmark_variants,cell,0.986,value,| 0.97 | -0.94 | -9.66 | - | fold_mlh1_pms2_model_0.pdb | 0.986,traced to record,9,COMAVI_per_variant_audit.csv::am
S2_Table,benchmark_variants,cell,8.9,value,en inferred | InSiGHT expert-panel reclassification; rs63750447 AF ~8.9% EAS | -0.87 | 1.13 | -1.56 | - | fold_mlh1_pms2_,traced to record,3,comavi_v7_concordance_annotated.csv::ddg_binding_hba1_2_ci95_sapozhnikov_high
S2_Table,benchmark_variants,cell,-0.87,value,| InSiGHT expert-panel reclassification; rs63750447 AF ~8.9% EAS | -0.87 | 1.13 | -1.56 | - | fold_mlh1_pms2_model_0.pdb |,traced to record,12,COMAVI_delta_calibration_points.csv::delta
S2_Table,benchmark_variants,cell,1.13,value,expert-panel reclassification; rs63750447 AF ~8.9% EAS | -0.87 | 1.13 | -1.56 | - | fold_mlh1_pms2_model_0.pdb | 0.988,traced to record,13,chd_concordance_results_FIXED.csv::ddg_monomer
S2_Table,benchmark_variants,cell,-1.56,value,anel reclassification; rs63750447 AF ~8.9% EAS | -0.87 | 1.13 | -1.56 | - | fold_mlh1_pms2_model_0.pdb | 0.988,traced to record,9,"cohort_tables/COMAVI_TableS1_variants.csv::Predicted DDG, binding (kcal/mol)"
S2_Table,benchmark_variants,cell,0.988,value,| -0.87 | 1.13 | -1.56 | - | fold_mlh1_pms2_model_0.pdb | 0.988,traced to record,13,COMAVI_alphamissense_thresholded_accuracy.json/confident_calls/errors[0]/am_pathogenicity
S2_Table,benchmark_variants,cell,29,value,ved; ATPase mismatch binding/release defect | Ollila 2008 Hum Mutat 29:1355 (PMID 18951462); Ollila 2006 Gastroenterology (PMID 17,traced to record,96,COMAVI_detection_vs_attribution.json/attribution/n
S2_Table,benchmark_variants,cell,1355,value,; ATPase mismatch binding/release defect | Ollila 2008 Hum Mutat 29:1355 (PMID 18951462); Ollila 2006 Gastroenterology (PMID 1710131,bibliographic (volume/page),0,
S2_Table,benchmark_variants,cell,4.89,value,355 (PMID 18951462); Ollila 2006 Gastroenterology (PMID 17101317) | 4.89 | 5.38 | 0.96 | - | fold_msh2_msh6_model_0.pdb |,traced to record,12,COMAVI_delta_calibration_points.csv::measured_kcal
S2_Table,benchmark_variants,cell,5.38,value,18951462); Ollila 2006 Gastroenterology (PMID 17101317) | 4.89 | 5.38 | 0.96 | - | fold_msh2_msh6_model_0.pdb | 0.896,traced to record,19,COMAVI_audit_lability.csv::max_abs_ddg
S2_Table,benchmark_variants,cell,0.96,value,); Ollila 2006 Gastroenterology (PMID 17101317) | 4.89 | 5.38 | 0.96 | - | fold_msh2_msh6_model_0.pdb | 0.896,traced to record,23,COMAVI_tier_construction.json/evidence_restricted_views/all_axes_E1_E3/sensitivity_ci[1]
S2_Table,benchmark_variants,cell,0.896,value,) | 4.89 | 5.38 | 0.96 | - | fold_msh2_msh6_model_0.pdb | 0.896,traced to record,6,COMAVI_per_variant_audit.csv::am
S2_Table,benchmark_variants,cell,29,value,"defect, protein stable, interaction intact | Ollila 2008 Hum Mutat 29:1355 (PMID 18951462); Ollila 2006 Gastroenterology (PMID 17",traced to record,96,COMAVI_detection_vs_attribution.json/attribution/n
S2_Table,benchmark_variants,cell,1355,value,"fect, protein stable, interaction intact | Ollila 2008 Hum Mutat 29:1355 (PMID 18951462); Ollila 2006 Gastroenterology (PMID 1710131",bibliographic (volume/page),0,
S2_Table,benchmark_variants,cell,13.29,value,355 (PMID 18951462); Ollila 2006 Gastroenterology (PMID 17101317) | 13.29 | 15.26 | 0.96 | - | fold_msh2_msh6_model_0.pdb |,traced to record,6,"cohort_tables/COMAVI_TableS1_variants.csv::Predicted DDG, isolated subunit (kcal/mol)"
S2_Table,benchmark_variants,cell,15.26,value,18951462); Ollila 2006 Gastroenterology (PMID 17101317) | 13.29 | 15.26 | 0.96 | - | fold_msh2_msh6_model_0.pdb | 0.991,traced to record,16,COMAVI_audit_lability.csv::max_abs_ddg
S2_Table,benchmark_variants,cell,0.96,value,Ollila 2006 Gastroenterology (PMID 17101317) | 13.29 | 15.26 | 0.96 | - | fold_msh2_msh6_model_0.pdb | 0.991,traced to record,23,COMAVI_tier_construction.json/evidence_restricted_views/all_axes_E1_E3/sensitivity_ci[1]
S2_Table,benchmark_variants,cell,0.991,value,| 13.29 | 15.26 | 0.96 | - | fold_msh2_msh6_model_0.pdb | 0.991,traced to record,11,COMAVI_per_variant_audit.csv::am
S2_Table,benchmark_variants,cell,1.9,value,| binding | E3 | MMR-proficient with interaction intact; gnomAD ~1.9% | Ollila 2008 Hum Mutat 29:1355 (PMID 18951462); Ollila,traced to record,52,COMAVI_audit_calibration_inversion.csv::inverse_estimate
S2_Table,benchmark_variants,cell,29,value,cient with interaction intact; gnomAD ~1.9% | Ollila 2008 Hum Mutat 29:1355 (PMID 18951462); Ollila 2006 Gastroenterology (PMID 17,traced to record,96,COMAVI_detection_vs_attribution.json/attribution/n
S2_Table,benchmark_variants,cell,1355,value,nt with interaction intact; gnomAD ~1.9% | Ollila 2008 Hum Mutat 29:1355 (PMID 18951462); Ollila 2006 Gastroenterology (PMID 1710131,bibliographic (volume/page),0,
S2_Table,benchmark_variants,cell,-0.09,value,355 (PMID 18951462); Ollila 2006 Gastroenterology (PMID 17101317) | -0.09 | 2.04 | 0.96 | - | fold_msh2_msh6_model_0.pdb |,traced to record,17,chd_concordance_results_FIXED.csv::ddg_binding_ctnnb1
S2_Table,benchmark_variants,cell,2.04,value,18951462); Ollila 2006 Gastroenterology (PMID 17101317) | -0.09 | 2.04 | 0.96 | - | fold_msh2_msh6_model_0.pdb | 0.323,traced to record,17,COMAVI_audit_lability.csv::max_abs_ddg
S2_Table,benchmark_variants,cell,0.96,value,; Ollila 2006 Gastroenterology (PMID 17101317) | -0.09 | 2.04 | 0.96 | - | fold_msh2_msh6_model_0.pdb | 0.323,traced to record,23,COMAVI_tier_construction.json/evidence_restricted_views/all_axes_E1_E3/sensitivity_ci[1]
S2_Table,benchmark_variants,cell,0.323,value,| -0.09 | 2.04 | 0.96 | - | fold_msh2_msh6_model_0.pdb | 0.323,traced to record,6,COMAVI_per_variant_audit.csv::am
S2_Table,benchmark_variants,cell,3.99,value,served by co-IP; MMR lost via Walker-A ATPase defect | Jia 2021 | 3.99 | 2.89 | 0.97 | - | fold_msh2_msh6_model_0.pdb |,traced to record,14,COMAVI_audit_lability.csv::max_abs_ddg
S2_Table,benchmark_variants,cell,2.89,value,co-IP; MMR lost via Walker-A ATPase defect | Jia 2021 | 3.99 | 2.89 | 0.97 | - | fold_msh2_msh6_model_0.pdb | 0.999,traced to record,4,"cohort_tables/COMAVI_TableS1_variants.csv::Predicted DDG, in complex (kcal/mol)"
S2_Table,benchmark_variants,cell,0.97,value,MR lost via Walker-A ATPase defect | Jia 2021 | 3.99 | 2.89 | 0.97 | - | fold_msh2_msh6_model_0.pdb | 0.999,traced to record,28,COMAVI_audit_summary.json/tradeoff_bootstrap/variant_boot_reject_ci[4][1]
S2_Table,benchmark_variants,cell,0.999,value,1 | 3.99 | 2.89 | 0.97 | - | fold_msh2_msh6_model_0.pdb | 0.999,traced to record,11,COMAVI_audit_summary.json/tier_gradient/cluster_boot_p_rho_negative
S2_Table,benchmark_variants,cell,29,value,"| MSH6 IP, bandshift and MMR all WT-like | Ollila 2008 Hum Mutat 29:1355 (PMID 18951462); Ollila 2006 Gastroenterology (PMID 17",traced to record,96,COMAVI_detection_vs_attribution.json/attribution/n
S2_Table,benchmark_variants,cell,1355,value,"MSH6 IP, bandshift and MMR all WT-like | Ollila 2008 Hum Mutat 29:1355 (PMID 18951462); Ollila 2006 Gastroenterology (PMID 1710131",bibliographic (volume/page),0,
S2_Table,benchmark_variants,cell,1.48,value,355 (PMID 18951462); Ollila 2006 Gastroenterology (PMID 17101317) | 1.48 | -0.03 | 0.96 | - | fold_msh2_msh6_model_0.pdb |,traced to record,18,COMAVI_audit_lability.csv::max_abs_ddg
S2_Table,benchmark_variants,cell,-0.03,value,18951462); Ollila 2006 Gastroenterology (PMID 17101317) | 1.48 | -0.03 | 0.96 | - | fold_msh2_msh6_model_0.pdb | 0.348,traced to record,51,COMAVI_delta_calibration_points.csv::foldx_ddg
S2_Table,benchmark_variants,cell,0.96,value,; Ollila 2006 Gastroenterology (PMID 17101317) | 1.48 | -0.03 | 0.96 | - | fold_msh2_msh6_model_0.pdb | 0.348,traced to record,23,COMAVI_tier_construction.json/evidence_restricted_views/all_axes_E1_E3/sensitivity_ci[1]
S2_Table,benchmark_variants,cell,0.348,value,| 1.48 | -0.03 | 0.96 | - | fold_msh2_msh6_model_0.pdb | 0.348,traced to record,10,COMAVI_alphamissense_thresholded_accuracy.json/thresholded_all/ambiguous_resolved[1]/am_pathogenicity
S2_Table,benchmark_variants,cell,0.01,value,al-domain hotspot taken as fold-neutral | Zhao & Vogt 2008 PNAS | 0.01 | 3.15 | -0.62 | - | fold_pik3ca_pik3r1_model_0.pdb,traced to record,136,COMAVI_audit_gate_sweep.csv::firing_fisher_p
S2_Table,benchmark_variants,cell,3.15,value,hotspot taken as fold-neutral | Zhao & Vogt 2008 PNAS | 0.01 | 3.15 | -0.62 | - | fold_pik3ca_pik3r1_model_0.pdb | 0.94,traced to record,16,COMAVI_audit_lability.csv::max_abs_ddg
S2_Table,benchmark_variants,cell,-0.62,value,taken as fold-neutral | Zhao & Vogt 2008 PNAS | 0.01 | 3.15 | -0.62 | - | fold_pik3ca_pik3r1_model_0.pdb | 0.941,traced to record,12,chd_concordance_results_FIXED.csv::ddg_binding_gli3
S2_Table,benchmark_variants,cell,0.941,value,0.01 | 3.15 | -0.62 | - | fold_pik3ca_pik3r1_model_0.pdb | 0.941,traced to record,6,COMAVI_per_variant_audit.csv::am
S2_Table,benchmark_variants,cell,0.18,value,al-domain hotspot taken as fold-neutral | Zhao & Vogt 2008 PNAS | 0.18 | 1.89 | -4.63 | - | fold_pik3ca_pik3r1_model_0.pdb,traced to record,66,COMAVI_evidence_ledger_summary.json/frac_inferred
S2_Table,benchmark_variants,cell,1.89,value,hotspot taken as fold-neutral | Zhao & Vogt 2008 PNAS | 0.18 | 1.89 | -4.63 | - | fold_pik3ca_pik3r1_model_0.pdb | 0.98,traced to record,9,chd_concordance_results_FIXED.csv::ddg_fold_mdfi
S2_Table,benchmark_variants,cell,-4.63,value,taken as fold-neutral | Zhao & Vogt 2008 PNAS | 0.18 | 1.89 | -4.63 | - | fold_pik3ca_pik3r1_model_0.pdb | 0.988,traced to record,9,"cohort_tables/COMAVI_TableS1_variants.csv::Predicted DDG, binding (kcal/mol)"
S2_Table,benchmark_variants,cell,0.988,value,0.18 | 1.89 | -4.63 | - | fold_pik3ca_pik3r1_model_0.pdb | 0.988,traced to record,13,COMAVI_alphamissense_thresholded_accuracy.json/confident_calls/errors[0]/am_pathogenicity
S2_Table,benchmark_variants,cell,-1.59,value,ld; No subunit-stability assay; token inferred | Mandelker 2009 | -1.59 | 2.32 | -0.39 | - | fold_pik3ca_pik3r1_model_0.pdb,traced to record,10,chd_concordance_results_FIXED.csv::ddg_fold_kpna1
S2_Table,benchmark_variants,cell,2.32,value,unit-stability assay; token inferred | Mandelker 2009 | -1.59 | 2.32 | -0.39 | - | fold_pik3ca_pik3r1_model_0.pdb | 0.53,traced to record,20,COMAVI_audit_lability.csv::max_abs_ddg
S2_Table,benchmark_variants,cell,-0.39,value,ility assay; token inferred | Mandelker 2009 | -1.59 | 2.32 | -0.39 | - | fold_pik3ca_pik3r1_model_0.pdb | 0.538,traced to record,10,COMAVI_audit_tier_gradient_loso.csv::rho
S2_Table,benchmark_variants,cell,0.538,value,-1.59 | 2.32 | -0.39 | - | fold_pik3ca_pik3r1_model_0.pdb | 0.538,traced to record,8,COMAVI_alphamissense_thresholded_accuracy.json/thresholded_all/ambiguous_resolved[0]/am_pathogenicity
S2_Table,benchmark_variants,cell,10,value,"| binding, fold_complex, monomer | E4 | rs3730089, gnomAD MAF > 10%: benign by frequency alone | gnomAD (rs3730089) | 0.43",traced to record,112,COMAVI_audit_lability.csv::max_abs_ddg
S2_Table,benchmark_variants,cell,0.43,value,nomAD MAF > 10%: benign by frequency alone | gnomAD (rs3730089) | 0.43 | 0.26 | 0 | - | fold_pik3ca_pik3r1_model_0.pdb |,traced to record,55,COMAVI_audit_lability.csv::max_abs_ddg
S2_Table,benchmark_variants,cell,0.26,value,> 10%: benign by frequency alone | gnomAD (rs3730089) | 0.43 | 0.26 | 0 | - | fold_pik3ca_pik3r1_model_0.pdb | 0.253,traced to record,51,COMAVI_audit_lability.csv::max_abs_ddg
S2_Table,benchmark_variants,cell,0,value,enign by frequency alone | gnomAD (rs3730089) | 0.43 | 0.26 | 0 | - | fold_pik3ca_pik3r1_model_0.pdb | 0.253,traced to record,2747,COMAVI_alphamissense_thresholded_accuracy.json/confident_calls/errors[2]/am_pathogenicity
S2_Table,benchmark_variants,cell,0.253,value,| 0.43 | 0.26 | 0 | - | fold_pik3ca_pik3r1_model_0.pdb | 0.253,traced to record,10,COMAVI_per_variant_audit.csv::am
S2_Table,benchmark_variants,cell,2.13,value,No subunit-stability assay; token inferred | Wu / Jaiswal 2009 | 2.13 | 3.73 | 3.10 | - | fold_pik3ca_pik3r1_model_0.pdb,traced to record,10,COMAVI_delta_calibration_points.csv::foldx_ddg
S2_Table,benchmark_variants,cell,3.73,value,it-stability assay; token inferred | Wu / Jaiswal 2009 | 2.13 | 3.73 | 3.10 | - | fold_pik3ca_pik3r1_model_0.pdb | 0.999,traced to record,22,COMAVI_audit_lability.csv::max_abs_ddg
S2_Table,benchmark_variants,cell,3.10,value,ity assay; token inferred | Wu / Jaiswal 2009 | 2.13 | 3.73 | 3.10 | - | fold_pik3ca_pik3r1_model_0.pdb | 0.999,traced to record,11,COMAVI_audit_summary.json/R2_lability/labile_structural_median_ddg
S2_Table,benchmark_variants,cell,0.999,value,2.13 | 3.73 | 3.10 | - | fold_pik3ca_pik3r1_model_0.pdb | 0.999,traced to record,11,COMAVI_audit_summary.json/tier_gradient/cluster_boot_p_rho_negative
S2_Table,benchmark_variants,cell,3,value,partial | P/P/P/P/P | binding | E3 | Abolished phospho-Smad2/3 interaction by co-IP | De Bosscher 2004 (co-IP) | 12.11,traced to record,586,COMAVI_alphamissense_thresholded_accuracy.json/thresholded_all/ambiguous_resolved[0]/gene
S2_Table,benchmark_variants,cell,12.11,value,phospho-Smad2/3 interaction by co-IP | De Bosscher 2004 (co-IP) | 12.11 | 10.69 | 0.22 | - | fold_smad4_smad3_model_0.pdb,traced to record,24,COMAVI_audit_lability.csv::max_abs_ddg
S2_Table,benchmark_variants,cell,10.69,value,ad2/3 interaction by co-IP | De Bosscher 2004 (co-IP) | 12.11 | 10.69 | 0.22 | - | fold_smad4_smad3_model_0.pdb | 1,traced to record,6,"cohort_tables/COMAVI_TableS1_variants.csv::Predicted DDG, in complex (kcal/mol)"
S2_Table,benchmark_variants,cell,0.22,value,raction by co-IP | De Bosscher 2004 (co-IP) | 12.11 | 10.69 | 0.22 | - | fold_smad4_smad3_model_0.pdb | 1,traced to record,63,COMAVI_alphamissense_thresholded_accuracy.json/confident_calls/errors[2]/am_pathogenicity
S2_Table,benchmark_variants,cell,1,value,12.11 | 10.69 | 0.22 | - | fold_smad4_smad3_model_0.pdb | 1,traced to record,2314,COMAVI_alphamissense_thresholded_accuracy.json/confident_calls/accuracy
S2_Table,benchmark_variants,cell,2012,value,xes; no committed expectation on the modeled axes. | Le Goff et al. 2012 | 1.62 | 0.75 | 0 | - | fold_smad4_smad3_model_,bibliographic (volume/page),0,
S2_Table,benchmark_variants,cell,1.62,value,mitted expectation on the modeled axes. | Le Goff et al. 2012 | 1.62 | 0.75 | 0 | - | fold_smad4_smad3_model_0.pdb | 0,traced to record,32,COMAVI_audit_lability.csv::max_abs_ddg
S2_Table,benchmark_variants,cell,0.75,value,pectation on the modeled axes. | Le Goff et al. 2012 | 1.62 | 0.75 | 0 | - | fold_smad4_smad3_model_0.pdb | 0.991,traced to record,80,COMAVI_audit_summary.json/predictive_value/base_rate
S2_Table,benchmark_variants,cell,0,value,on the modeled axes. | Le Goff et al. 2012 | 1.62 | 0.75 | 0 | - | fold_smad4_smad3_model_0.pdb | 0.991,traced to record,2747,COMAVI_alphamissense_thresholded_accuracy.json/confident_calls/errors[2]/am_pathogenicity
S2_Table,benchmark_variants,cell,0.991,value,| 1.62 | 0.75 | 0 | - | fold_smad4_smad3_model_0.pdb | 0.991,traced to record,11,COMAVI_per_variant_audit.csv::am
S2_Table,benchmark_variants,cell,2012,value,axis committed. Same codon and mechanism as I500T. | Le Goff et al. 2012 | 0.95 | 0.14 | 0 | - | fold_smad4_smad3_model_,bibliographic (volume/page),0,
S2_Table,benchmark_variants,cell,0.95,value,ted. Same codon and mechanism as I500T. | Le Goff et al. 2012 | 0.95 | 0.14 | 0 | - | fold_smad4_smad3_model_0.pdb | 0,traced to record,36,COMAVI_audit_lability.csv::max_abs_ddg
S2_Table,benchmark_variants,cell,0.14,value,codon and mechanism as I500T. | Le Goff et al. 2012 | 0.95 | 0.14 | 0 | - | fold_smad4_smad3_model_0.pdb | 0.616,traced to record,53,COMAVI_audit_gate_sweep.csv::silent_fisher_p
S2_Table,benchmark_variants,cell,0,value,d mechanism as I500T. | Le Goff et al. 2012 | 0.95 | 0.14 | 0 | - | fold_smad4_smad3_model_0.pdb | 0.616,traced to record,2747,COMAVI_alphamissense_thresholded_accuracy.json/confident_calls/errors[2]/am_pathogenicity
S2_Table,benchmark_variants,cell,0.616,value,| 0.95 | 0.14 | 0 | - | fold_smad4_smad3_model_0.pdb | 0.616,traced to record,17,COMAVI_per_variant_audit.csv::am
S2_Table,benchmark_variants,cell,2.75,value,Completely abolished R-Smad interaction | Lanauze 2021 (co-IP) | 2.75 | 7.43 | 3.61 | - | fold_smad4_smad3_model_0.pdb |,traced to record,14,chd_concordance_results_FIXED.csv::contact_disruption
S2_Table,benchmark_variants,cell,7.43,value,ly abolished R-Smad interaction | Lanauze 2021 (co-IP) | 2.75 | 7.43 | 3.61 | - | fold_smad4_smad3_model_0.pdb | 0.998,traced to record,16,COMAVI_audit_lability.csv::max_abs_ddg
S2_Table,benchmark_variants,cell,3.61,value,hed R-Smad interaction | Lanauze 2021 (co-IP) | 2.75 | 7.43 | 3.61 | - | fold_smad4_smad3_model_0.pdb | 0.998,traced to record,10,COMAVI_delta_calibration_points.csv::d_pred
S2_Table,benchmark_variants,cell,0.998,value,| 2.75 | 7.43 | 3.61 | - | fold_smad4_smad3_model_0.pdb | 0.998,traced to record,9,COMAVI_per_variant_audit.csv::am
S2_Table,benchmark_variants,cell,3,value,"stent | C/C/C/C/C | binding, fold_complex, monomer | E4 | AF ~3% African-American: benign by frequency | Frazier 2008; gn",traced to record,586,COMAVI_alphamissense_thresholded_accuracy.json/thresholded_all/ambiguous_resolved[0]/gene
S2_Table,benchmark_variants,cell,0.66,value,3% African-American: benign by frequency | Frazier 2008; gnomAD | 0.66 | 0.47 | 0 | - | fold_tnni3_tnnc1_model_0.pdb | 0,traced to record,58,COMAVI_audit_lability.csv::max_abs_ddg
S2_Table,benchmark_variants,cell,0.47,value,n-American: benign by frequency | Frazier 2008; gnomAD | 0.66 | 0.47 | 0 | - | fold_tnni3_tnnc1_model_0.pdb | 0.127,traced to record,39,COMAVI_delta_calibration_points.csv::absdelta
S2_Table,benchmark_variants,cell,0,value,n: benign by frequency | Frazier 2008; gnomAD | 0.66 | 0.47 | 0 | - | fold_tnni3_tnnc1_model_0.pdb | 0.127,traced to record,2747,COMAVI_alphamissense_thresholded_accuracy.json/confident_calls/errors[2]/am_pathogenicity
S2_Table,benchmark_variants,cell,0.127,value,AD | 0.66 | 0.47 | 0 | - | fold_tnni3_tnnc1_model_0.pdb | 0.127,traced to record,13,COMAVI_per_variant_audit.csv::am
S2_Table,benchmark_variants,cell,1.4,value,"| Tier 3 | inconsistent | X/X/X/X/X | binding | E2 | EC50 1.4 uM vs 0.8 uM WT: reduced inhibitory potency, actin affinity",traced to record,57,COMAVI_audit_calibration_inversion.csv::inverse_estimate
S2_Table,benchmark_variants,cell,0.8,value,"| inconsistent | X/X/X/X/X | binding | E2 | EC50 1.4 uM vs 0.8 uM WT: reduced inhibitory potency, actin affinity unchanged",traced to record,353,COMAVI_alphamissense_thresholded_accuracy.json/thresholded_all/accuracy
S2_Table,benchmark_variants,cell,275,value,", actin affinity unchanged -- interface retained | Elliott 2000 JBC 275:22069; Takahashi / Kimura 2001 (PMID 11735257) | 2.03 |",bibliographic (volume/page),0,
S2_Table,benchmark_variants,cell,22069,value,tin affinity unchanged -- interface retained | Elliott 2000 JBC 275:22069; Takahashi / Kimura 2001 (PMID 11735257) | 2.03 | 3.69,bibliographic (volume/page),0,
S2_Table,benchmark_variants,cell,2.03,value,liott 2000 JBC 275:22069; Takahashi / Kimura 2001 (PMID 11735257) | 2.03 | 3.69 | 0.76 | - | fold_tnni3_tnnc1_model_0.pdb |,traced to record,19,COMAVI_delta_calibration_points.csv::d_pred
S2_Table,benchmark_variants,cell,3.69,value,0 JBC 275:22069; Takahashi / Kimura 2001 (PMID 11735257) | 2.03 | 3.69 | 0.76 | - | fold_tnni3_tnnc1_model_0.pdb | 0.971,traced to record,18,COMAVI_audit_lability.csv::max_abs_ddg
S2_Table,benchmark_variants,cell,0.76,value,:22069; Takahashi / Kimura 2001 (PMID 11735257) | 2.03 | 3.69 | 0.76 | - | fold_tnni3_tnnc1_model_0.pdb | 0.971,traced to record,47,COMAVI_audit_operating_points.csv::recall_structural
S2_Table,benchmark_variants,cell,0.971,value,| 2.03 | 3.69 | 0.76 | - | fold_tnni3_tnnc1_model_0.pdb | 0.971,traced to record,6,COMAVI_per_variant_audit.csv::am
S2_Table,benchmark_variants,cell,0.45,value,"ibition, actin affinity unchanged | Kimura 2001 (PMID 11735257) | 0.45 | 2.53 | 0.64 | - | fold_tnni3_tnnc1_model_0.pdb |",traced to record,49,COMAVI_audit_lability.csv::max_abs_ddg
S2_Table,benchmark_variants,cell,2.53,value,actin affinity unchanged | Kimura 2001 (PMID 11735257) | 0.45 | 2.53 | 0.64 | - | fold_tnni3_tnnc1_model_0.pdb | 0.687,traced to record,23,COMAVI_audit_lability.csv::max_abs_ddg
S2_Table,benchmark_variants,cell,0.64,value,inity unchanged | Kimura 2001 (PMID 11735257) | 0.45 | 2.53 | 0.64 | - | fold_tnni3_tnnc1_model_0.pdb | 0.687,traced to record,50,COMAVI_audit_operating_points.csv::recall_structural
S2_Table,benchmark_variants,cell,0.687,value,| 0.45 | 2.53 | 0.64 | - | fold_tnni3_tnnc1_model_0.pdb | 0.687,traced to record,10,COMAVI_per_variant_audit.csv::am
S2_Table,benchmark_variants,cell,2000,value,ect whose magnitude the benchmark does not commit. | Elliott et al. 2000 | 0.92 | 1.32 | 0.04 | - | fold_tnni3_tnnc1_mod,traced to record,16,COMAVI_cohort_composition_checks.json/structure_source/difference_experimental_minus_af3/draws
S2_Table,benchmark_variants,cell,0.92,value,agnitude the benchmark does not commit. | Elliott et al. 2000 | 0.92 | 1.32 | 0.04 | - | fold_tnni3_tnnc1_model_0.pdb |,traced to record,39,COMAVI_evidence_stratified_agreement.json/stratified/p
S2_Table,benchmark_variants,cell,1.32,value,the benchmark does not commit. | Elliott et al. 2000 | 0.92 | 1.32 | 0.04 | - | fold_tnni3_tnnc1_model_0.pdb | 0.411,traced to record,27,COMAVI_audit_lability.csv::max_abs_ddg
S2_Table,benchmark_variants,cell,0.04,value,mark does not commit. | Elliott et al. 2000 | 0.92 | 1.32 | 0.04 | - | fold_tnni3_tnnc1_model_0.pdb | 0.411,traced to record,88,COMAVI_audit_gate_sweep.csv::silent_fisher_p
S2_Table,benchmark_variants,cell,0.411,value,| 0.92 | 1.32 | 0.04 | - | fold_tnni3_tnnc1_model_0.pdb | 0.411,traced to record,9,COMAVI_alphamissense_thresholded_accuracy.json/thresholded_all/ambiguous_resolved[2]/am_pathogenicity
S2_Table,benchmark_variants,cell,-0.19,value,| E3 | Disrupts VCB complex assembly | Stebbins 1999 Science | -0.19 | 2.91 | 2.85 | - | fold_vhl_tceb1_model_0.pdb |,traced to record,15,chd_concordance_results_FIXED.csv::ddg_fold_dvl2
S2_Table,benchmark_variants,cell,2.91,value,Disrupts VCB complex assembly | Stebbins 1999 Science | -0.19 | 2.91 | 2.85 | - | fold_vhl_tceb1_model_0.pdb | 0.996,traced to record,22,COMAVI_audit_lability.csv::max_abs_ddg
S2_Table,benchmark_variants,cell,2.85,value,VCB complex assembly | Stebbins 1999 Science | -0.19 | 2.91 | 2.85 | - | fold_vhl_tceb1_model_0.pdb | 0.996,traced to record,36,COMAVI_audit_lability.csv::max_abs_ddg
S2_Table,benchmark_variants,cell,0.996,value,| -0.19 | 2.91 | 2.85 | - | fold_vhl_tceb1_model_0.pdb | 0.996,traced to record,7,COMAVI_per_variant_audit.csv::am
S2_Table,benchmark_variants,cell,1999,value,ng region rather than at the elongin C interface. | Stebbins et al. 1999 | 4.11 | 4.46 | 0 | - | fold_vhl_tceb1_model_0.,bibliographic (volume/page),0,
S2_Table,benchmark_variants,cell,4.11,value,ather than at the elongin C interface. | Stebbins et al. 1999 | 4.11 | 4.46 | 0 | - | fold_vhl_tceb1_model_0.pdb | 0.9,traced to record,12,chd_concordance_results_FIXED.csv::ddg_fold_rock2
S2_Table,benchmark_variants,cell,4.46,value,n at the elongin C interface. | Stebbins et al. 1999 | 4.11 | 4.46 | 0 | - | fold_vhl_tceb1_model_0.pdb | 0.999,traced to record,13,COMAVI_per_variant_audit.csv::maxabs
S2_Table,benchmark_variants,cell,0,value,elongin C interface. | Stebbins et al. 1999 | 4.11 | 4.46 | 0 | - | fold_vhl_tceb1_model_0.pdb | 0.999,traced to record,2747,COMAVI_alphamissense_thresholded_accuracy.json/confident_calls/errors[2]/am_pathogenicity
S2_Table,benchmark_variants,cell,0.999,value,99 | 4.11 | 4.46 | 0 | - | fold_vhl_tceb1_model_0.pdb | 0.999,traced to record,11,COMAVI_audit_summary.json/tier_gradient/cluster_boot_p_rho_negative
S2_Table,benchmark_variants,cell,1.28,value,"lished (beta-domain HIF face, not the ElonginC face) | Ohh 2000 | 1.28 | 1.25 | 0 | - | fold_vhl_tceb1_model_0.pdb | 0.9",traced to record,19,COMAVI_audit_lability.csv::max_abs_ddg
S2_Table,benchmark_variants,cell,1.25,value,"eta-domain HIF face, not the ElonginC face) | Ohh 2000 | 1.28 | 1.25 | 0 | - | fold_vhl_tceb1_model_0.pdb | 0.973",traced to record,9,chd_concordance_results_FIXED.csv::ddg_monomer
S2_Table,benchmark_variants,cell,0,value,"n HIF face, not the ElonginC face) | Ohh 2000 | 1.28 | 1.25 | 0 | - | fold_vhl_tceb1_model_0.pdb | 0.973",traced to record,2747,COMAVI_alphamissense_thresholded_accuracy.json/confident_calls/errors[2]/am_pathogenicity
S2_Table,benchmark_variants,cell,0.973,value,2000 | 1.28 | 1.25 | 0 | - | fold_vhl_tceb1_model_0.pdb | 0.973,traced to record,6,COMAVI_per_variant_audit.csv::am
S2_Table,benchmark_variants,cell,23,value,"d, WT-like Tm | Tischer / Moon-Tasson / Auton 2025 J Thromb Haemost 23(4):1215-1228 (PMID 39756657); CD/DSC + SPR + shear-flow |",traced to record,48,COMAVI_audit_gate_sweep.csv::firing_strong_n
S2_Table,benchmark_variants,cell,4,value,WT-like Tm | Tischer / Moon-Tasson / Auton 2025 J Thromb Haemost 23(4):1215-1228 (PMID 39756657); CD/DSC + SPR + shear-flow | -,traced to record,468,COMAVI_alphamissense_thresholded_accuracy.json/population/am_class_counts/ambiguous
S2_Table,benchmark_variants,cell,1215,value,like Tm | Tischer / Moon-Tasson / Auton 2025 J Thromb Haemost 23(4):1215-1228 (PMID 39756657); CD/DSC + SPR + shear-flow | -0.1 |,bibliographic (volume/page),0,
S2_Table,benchmark_variants,cell,1228,value,Tm | Tischer / Moon-Tasson / Auton 2025 J Thromb Haemost 23(4):1215-1228 (PMID 39756657); CD/DSC + SPR + shear-flow | -0.1 | -0.,bibliographic (volume/page),0,
S2_Table,benchmark_variants,cell,-0.1,value,aemost 23(4):1215-1228 (PMID 39756657); CD/DSC + SPR + shear-flow | -0.1 | -0.11 | -0.00 | - | 1SQ0.pdb | n/a,traced to record,115,COMAVI_cohort_composition_checks.json/structure_source/difference_experimental_minus_af3/ci95_system_resampling[0]
S2_Table,benchmark_variants,cell,-0.11,value,(4):1215-1228 (PMID 39756657); CD/DSC + SPR + shear-flow | -0.1 | -0.11 | -0.00 | - | 1SQ0.pdb | n/a,traced to record,31,chd_concordance_results_FIXED.csv::ddg_binding_gli3
S2_Table,benchmark_variants,cell,-0.00,value,228 (PMID 39756657); CD/DSC + SPR + shear-flow | -0.1 | -0.11 | -0.00 | - | 1SQ0.pdb | n/a,traced to record,61,COMAVI_audit_model_free_recall.csv::largest_miss_foldx
S2_Table,benchmark_variants,cell,23,value,ion threshold | Tischer / Moon-Tasson / Auton 2025 J Thromb Haemost 23(4):1215-1228 (PMID 39756657); CD/DSC + SPR + shear-flow |,traced to record,48,COMAVI_audit_gate_sweep.csv::firing_strong_n
S2_Table,benchmark_variants,cell,4,value,threshold | Tischer / Moon-Tasson / Auton 2025 J Thromb Haemost 23(4):1215-1228 (PMID 39756657); CD/DSC + SPR + shear-flow | 0,traced to record,468,COMAVI_alphamissense_thresholded_accuracy.json/population/am_class_counts/ambiguous
S2_Table,benchmark_variants,cell,1215,value,reshold | Tischer / Moon-Tasson / Auton 2025 J Thromb Haemost 23(4):1215-1228 (PMID 39756657); CD/DSC + SPR + shear-flow | 0.01 |,bibliographic (volume/page),0,
S2_Table,benchmark_variants,cell,1228,value,ld | Tischer / Moon-Tasson / Auton 2025 J Thromb Haemost 23(4):1215-1228 (PMID 39756657); CD/DSC + SPR + shear-flow | 0.01 | 4.7,bibliographic (volume/page),0,
S2_Table,benchmark_variants,cell,0.01,value,aemost 23(4):1215-1228 (PMID 39756657); CD/DSC + SPR + shear-flow | 0.01 | 4.73 | 4.11 | - | 1SQ0.pdb | n/a,traced to record,136,COMAVI_audit_gate_sweep.csv::firing_fisher_p
S2_Table,benchmark_variants,cell,4.73,value,(4):1215-1228 (PMID 39756657); CD/DSC + SPR + shear-flow | 0.01 | 4.73 | 4.11 | - | 1SQ0.pdb | n/a,traced to record,15,COMAVI_audit_lability.csv::max_abs_ddg
S2_Table,benchmark_variants,cell,4.11,value,1228 (PMID 39756657); CD/DSC + SPR + shear-flow | 0.01 | 4.73 | 4.11 | - | 1SQ0.pdb | n/a,traced to record,12,chd_concordance_results_FIXED.csv::ddg_fold_rock2
S2_Table,evidence_composition,cell,31,value,E1 quantitative energetic | 31 | 8 | 22 | 1 | Direct or quantitative energetic evi,traced to record,37,COMAVI_audit_model_free_recall.csv::missed
S2_Table,evidence_composition,cell,8,value,E1 quantitative energetic | 31 | 8 | 22 | 1 | Direct or quantitative energetic evidence.,traced to record,140,COMAVI_alphamissense_thresholded_accuracy.json/note
S2_Table,evidence_composition,cell,22,value,E1 quantitative energetic | 31 | 8 | 22 | 1 | Direct or quantitative energetic evidence. The on,traced to record,76,COMAVI_audit_summary.json/predictive_value/firing_pathogenic
S2_Table,evidence_composition,cell,1,value,E1 quantitative energetic | 31 | 8 | 22 | 1 | Direct or quantitative energetic evidence. The one stab,traced to record,2314,COMAVI_alphamissense_thresholded_accuracy.json/confident_calls/accuracy
S2_Table,evidence_composition,cell,11,value,E2 quantitative functional | 11 | 4 | 6 | 1 | Quantitative functional readout coupl,traced to record,105,COMAVI_alphamissense_thresholded_accuracy.json/population/am_class_counts/likely_benign
S2_Table,evidence_composition,cell,4,value,E2 quantitative functional | 11 | 4 | 6 | 1 | Quantitative functional readout coupled to,traced to record,468,COMAVI_alphamissense_thresholded_accuracy.json/population/am_class_counts/ambiguous
S2_Table,evidence_composition,cell,6,value,E2 quantitative functional | 11 | 4 | 6 | 1 | Quantitative functional readout coupled to the ax,traced to record,251,COMAVI_alphamissense_thresholded_accuracy.json/confident_calls/errors[2]/variant
S2_Table,evidence_composition,cell,1,value,E2 quantitative functional | 11 | 4 | 6 | 1 | Quantitative functional readout coupled to the axis. Th,traced to record,2314,COMAVI_alphamissense_thresholded_accuracy.json/confident_calls/accuracy
S2_Table,evidence_composition,cell,30,value,E3 qualitative experimental | 30 | 22 | 8 | 0 | Qualitative experimental evidence; i,traced to record,62,COMAVI_evidence_ledger_summary.json/by_evidence_type/E3_qualitative_experimental
S2_Table,evidence_composition,cell,22,value,E3 qualitative experimental | 30 | 22 | 8 | 0 | Qualitative experimental evidence; includes,traced to record,76,COMAVI_audit_summary.json/predictive_value/firing_pathogenic
S2_Table,evidence_composition,cell,8,value,E3 qualitative experimental | 30 | 22 | 8 | 0 | Qualitative experimental evidence; includes the t,traced to record,140,COMAVI_alphamissense_thresholded_accuracy.json/note
S2_Table,evidence_composition,cell,0,value,E3 qualitative experimental | 30 | 22 | 8 | 0 | Qualitative experimental evidence; includes the two A63,traced to record,2747,COMAVI_alphamissense_thresholded_accuracy.json/confident_calls/errors[2]/am_pathogenicity
S2_Table,evidence_composition,cell,9,value,E4 population frequency | 9 | 9 | 0 | 0 | Population-supported neutral expectat,traced to record,110,COMAVI_audit_model_free_recall.csv::missed
S2_Table,evidence_composition,cell,9,value,E4 population frequency | 9 | 9 | 0 | 0 | Population-supported neutral expectations.,traced to record,110,COMAVI_audit_model_free_recall.csv::missed
S2_Table,evidence_composition,cell,0,value,E4 population frequency | 9 | 9 | 0 | 0 | Population-supported neutral expectations.,traced to record,2747,COMAVI_alphamissense_thresholded_accuracy.json/confident_calls/errors[2]/am_pathogenicity
S2_Table,evidence_composition,cell,0,value,E4 population frequency | 9 | 9 | 0 | 0 | Population-supported neutral expectations.,traced to record,2747,COMAVI_alphamissense_thresholded_accuracy.json/confident_calls/errors[2]/am_pathogenicity
S2_Table,evidence_composition,cell,18,value,E5 inferred | 18 | 18 | 0 | 0 | Literature-supported axis state with,traced to record,63,COMAVI_audit_model_free_recall.csv::missed
S2_Table,evidence_composition,cell,18,value,E5 inferred | 18 | 18 | 0 | 0 | Literature-supported axis state without an,traced to record,63,COMAVI_audit_model_free_recall.csv::missed
S2_Table,evidence_composition,cell,0,value,E5 inferred | 18 | 18 | 0 | 0 | Literature-supported axis state without an axis-s,traced to record,2747,COMAVI_alphamissense_thresholded_accuracy.json/confident_calls/errors[2]/am_pathogenicity
S2_Table,evidence_composition,cell,0,value,E5 inferred | 18 | 18 | 0 | 0 | Literature-supported axis state without an axis-specifi,traced to record,2747,COMAVI_alphamissense_thresholded_accuracy.json/confident_calls/errors[2]/am_pathogenicity
S2_Table,context_comparators,cell,47,value,comparators sheet. Structural-context comparator analyses on the same 47-variant population.,traced to record,20,COMAVI_audit_tier_gradient_loso.csv::n
S2_Table,context_comparators,cell,15,value,Any pLDDT-passing interface contact | 15/6 | 7/18 | 0.714 | 0.720 | 0.682 | 0.717 | -,traced to record,98,COMAVI_audit_calibration_inversion.csv::n
S2_Table,context_comparators,cell,6,value,Any pLDDT-passing interface contact | 15/6 | 7/18 | 0.714 | 0.720 | 0.682 | 0.717 | -,traced to record,251,COMAVI_alphamissense_thresholded_accuracy.json/confident_calls/errors[2]/variant
S2_Table,context_comparators,cell,7,value,Any pLDDT-passing interface contact | 15/6 | 7/18 | 0.714 | 0.720 | 0.682 | 0.717 | -,traced to record,191,COMAVI_audit_calibration_inversion.csv::fieller_hi
S2_Table,context_comparators,cell,18,value,Any pLDDT-passing interface contact | 15/6 | 7/18 | 0.714 | 0.720 | 0.682 | 0.717 | -,traced to record,63,COMAVI_audit_model_free_recall.csv::missed
S2_Table,context_comparators,cell,0.714,value,Any pLDDT-passing interface contact | 15/6 | 7/18 | 0.714 | 0.720 | 0.682 | 0.717 | -,traced to record,21,COMAVI_audit_lability.csv::max_abs_ddg
S2_Table,context_comparators,cell,0.720,value,Any pLDDT-passing interface contact | 15/6 | 7/18 | 0.714 | 0.720 | 0.682 | 0.717 | -,traced to record,11,COMAVI_audit_operating_points.csv::recall_structural
S2_Table,context_comparators,cell,0.682,value,T-passing interface contact | 15/6 | 7/18 | 0.714 | 0.720 | 0.682 | 0.717 | -,traced to record,5,COMAVI_threshold_sweep_extended.csv::axis_fold
S2_Table,context_comparators,cell,0.717,value,interface contact | 15/6 | 7/18 | 0.714 | 0.720 | 0.682 | 0.717 | -,traced to record,20,COMAVI_operating_point_diagnostics.json/paired_bootstrap/recovery/t20/ci95[1]
S2_Table,context_comparators,cell,14,value,Contact/severity + burial; no interface bonus | 14/7 | 11/14 | 0.667 | 0.560 | 0.560 | 0.613 | 0.5,traced to record,119,COMAVI_audit_gate_sweep.csv::firing_strong_structural
S2_Table,context_comparators,cell,7,value,Contact/severity + burial; no interface bonus | 14/7 | 11/14 | 0.667 | 0.560 | 0.560 | 0.613 | 0.522,traced to record,191,COMAVI_audit_calibration_inversion.csv::fieller_hi
S2_Table,context_comparators,cell,11,value,Contact/severity + burial; no interface bonus | 14/7 | 11/14 | 0.667 | 0.560 | 0.560 | 0.613 | 0.5222,traced to record,105,COMAVI_alphamissense_thresholded_accuracy.json/population/am_class_counts/likely_benign
S2_Table,context_comparators,cell,14,value,Contact/severity + burial; no interface bonus | 14/7 | 11/14 | 0.667 | 0.560 | 0.560 | 0.613 | 0.5222,traced to record,119,COMAVI_audit_gate_sweep.csv::firing_strong_structural
S2_Table,context_comparators,cell,0.667,value,Contact/severity + burial; no interface bonus | 14/7 | 11/14 | 0.667 | 0.560 | 0.560 | 0.613 | 0.5222,traced to record,57,COMAVI_audit_summary.json/threshold_averaged_MC_balanced
S2_Table,context_comparators,cell,0.560,value,everity + burial; no interface bonus | 14/7 | 11/14 | 0.667 | 0.560 | 0.560 | 0.613 | 0.5222,traced to record,19,COMAVI_audit_summary.json/tradeoff_bootstrap/variant_boot_recall_ci[1][0]
S2_Table,context_comparators,cell,0.560,value,burial; no interface bonus | 14/7 | 11/14 | 0.667 | 0.560 | 0.560 | 0.613 | 0.5222,traced to record,19,COMAVI_audit_summary.json/tradeoff_bootstrap/variant_boot_recall_ci[1][0]
S2_Table,context_comparators,cell,0.613,value,interface bonus | 14/7 | 11/14 | 0.667 | 0.560 | 0.560 | 0.613 | 0.5222,traced to record,5,chd_isds_v1/chd_concordance_prioritized.csv::isds_v1
S2_Table,context_comparators,cell,0.5222,value,bonus | 14/7 | 11/14 | 0.667 | 0.560 | 0.560 | 0.613 | 0.5222,traced to record,3,COMAVI_tier_construction.json/screen_interface_bonus_zeroed/within_system_permutation_p
S2_Table,context_comparators,cell,2,value,Full Tier 1-2 screen | 17/4 | 12/13 | 0.810 | 0.520 | 0.586 |,traced to record,676,COMAVI_alphamissense_thresholded_accuracy.json/population/am_class_counts/unavailable
S2_Table,context_comparators,cell,17,value,Full Tier 1-2 screen | 17/4 | 12/13 | 0.810 | 0.520 | 0.586 | 0.665 | 0.1,traced to record,60,COMAVI_audit_gate_sweep.csv::firing_strong_n
S2_Table,context_comparators,cell,4,value,Full Tier 1-2 screen | 17/4 | 12/13 | 0.810 | 0.520 | 0.586 | 0.665 | 0.165,traced to record,468,COMAVI_alphamissense_thresholded_accuracy.json/population/am_class_counts/ambiguous
S2_Table,context_comparators,cell,12,value,Full Tier 1-2 screen | 17/4 | 12/13 | 0.810 | 0.520 | 0.586 | 0.665 | 0.1651,traced to record,132,COMAVI_alphamissense_thresholded_accuracy.json/population/clinically_benign
S2_Table,context_comparators,cell,13,value,Full Tier 1-2 screen | 17/4 | 12/13 | 0.810 | 0.520 | 0.586 | 0.665 | 0.1651,traced to record,68,COMAVI_audit_gate_sweep.csv::firing_strong_structural
S2_Table,context_comparators,cell,0.810,value,Full Tier 1-2 screen | 17/4 | 12/13 | 0.810 | 0.520 | 0.586 | 0.665 | 0.1651,traced to record,21,COMAVI_operating_point_diagnostics.json/paired_bootstrap/recovery/t10/ci95[1]
S2_Table,context_comparators,cell,0.520,value,Full Tier 1-2 screen | 17/4 | 12/13 | 0.810 | 0.520 | 0.586 | 0.665 | 0.1651,traced to record,8,COMAVI_tier_construction.json/evidence_restricted_views/all/specificity
S2_Table,context_comparators,cell,0.586,value,Full Tier 1-2 screen | 17/4 | 12/13 | 0.810 | 0.520 | 0.586 | 0.665 | 0.1651,traced to record,7,COMAVI_threshold_sweep.csv::attribution
S2_Table,context_comparators,cell,0.665,value,Tier 1-2 screen | 17/4 | 12/13 | 0.810 | 0.520 | 0.586 | 0.665 | 0.1651,traced to record,3,isds_v1/ISDS_v1_component_binary_baselines.csv::balanced_accuracy
S2_Table,context_comparators,cell,0.1651,value,screen | 17/4 | 12/13 | 0.810 | 0.520 | 0.586 | 0.665 | 0.1651,traced to record,4,COMAVI_tier_construction.json/screen_full_tier/within_system_permutation_p
S2_Table,denominator_sensitivity,cell,56,value,Primary 56-variant graded cohort | 37.0/56 = 0.661 | 19/26 = 0.731,traced to record,39,COMAVI_audit_calibration_inversion.csv::n
S2_Table,denominator_sensitivity,cell,37.0,value,Primary 56-variant graded cohort | 37.0/56 = 0.661 | 19/26 = 0.731 | 56/77 = 0.727 | 86/123 =,traced to record,29,COMAVI_alphamissense_thresholded_accuracy.json/population/clinically_pathogenic
S2_Table,denominator_sensitivity,cell,56,value,Primary 56-variant graded cohort | 37.0/56 = 0.661 | 19/26 = 0.731 | 56/77 = 0.727 | 86/123 = 0.,traced to record,39,COMAVI_audit_calibration_inversion.csv::n
S2_Table,denominator_sensitivity,cell,0.661,value,Primary 56-variant graded cohort | 37.0/56 = 0.661 | 19/26 = 0.731 | 56/77 = 0.727 | 86/123 = 0.699,traced to record,15,COMAVI_detection_vs_attribution.json/headline_score/mean
S2_Table,denominator_sensitivity,cell,19,value,Primary 56-variant graded cohort | 37.0/56 = 0.661 | 19/26 = 0.731 | 56/77 = 0.727 | 86/123 = 0.699,traced to record,44,COMAVI_audit_gate_sweep.csv::firing_strong_n
S2_Table,denominator_sensitivity,cell,26,value,Primary 56-variant graded cohort | 37.0/56 = 0.661 | 19/26 = 0.731 | 56/77 = 0.727 | 86/123 = 0.699,traced to record,69,COMAVI_audit_model_free_recall.csv::caught
S2_Table,denominator_sensitivity,cell,0.731,value,Primary 56-variant graded cohort | 37.0/56 = 0.661 | 19/26 = 0.731 | 56/77 = 0.727 | 86/123 = 0.699,traced to record,8,COMAVI_threshold_sweep.csv::axis_monomer
S2_Table,denominator_sensitivity,cell,56,value,ry 56-variant graded cohort | 37.0/56 = 0.661 | 19/26 = 0.731 | 56/77 = 0.727 | 86/123 = 0.699,traced to record,39,COMAVI_audit_calibration_inversion.csv::n
S2_Table,denominator_sensitivity,cell,77,value,56-variant graded cohort | 37.0/56 = 0.661 | 19/26 = 0.731 | 56/77 = 0.727 | 86/123 = 0.699,traced to record,14,chd_concordance_collapsed.csv::best_plddt
S2_Table,denominator_sensitivity,cell,0.727,value,riant graded cohort | 37.0/56 = 0.661 | 19/26 = 0.731 | 56/77 = 0.727 | 86/123 = 0.699,traced to record,11,COMAVI_delta_calibration_points.csv::foldx_ddg
S2_Table,denominator_sensitivity,cell,86,value,ed cohort | 37.0/56 = 0.661 | 19/26 = 0.731 | 56/77 = 0.727 | 86/123 = 0.699,traced to record,26,COMAVI_numbers_ledger.json/SA_total[0]
S2_Table,denominator_sensitivity,cell,123,value,cohort | 37.0/56 = 0.661 | 19/26 = 0.731 | 56/77 = 0.727 | 86/123 = 0.699,traced to record,17,COMAVI_threshold_sweep.csv::structural_agreement_n
S2_Table,denominator_sensitivity,cell,0.699,value,| 37.0/56 = 0.661 | 19/26 = 0.731 | 56/77 = 0.727 | 86/123 = 0.699,traced to record,14,COMAVI_foldx_scale_calibration.json/binding/ols_slope
S2_Table,denominator_sensitivity,cell,19,value,All-row output convention | Whole-variant exclusions retained | 19/27 = 0.704 | 56/78 = 0.718 | 86/124 = 0.694,traced to record,44,COMAVI_audit_gate_sweep.csv::firing_strong_n
S2_Table,denominator_sensitivity,cell,27,value,ll-row output convention | Whole-variant exclusions retained | 19/27 = 0.704 | 56/78 = 0.718 | 86/124 = 0.694,traced to record,63,COMAVI_detection_vs_attribution.json/correct_rejection/n
S2_Table,denominator_sensitivity,cell,0.704,value,w output convention | Whole-variant exclusions retained | 19/27 = 0.704 | 56/78 = 0.718 | 86/124 = 0.694,traced to record,14,COMAVI_numbers_ledger.json/SA_by_axis/monomer[2]
S2_Table,denominator_sensitivity,cell,56,value,onvention | Whole-variant exclusions retained | 19/27 = 0.704 | 56/78 = 0.718 | 86/124 = 0.694,traced to record,39,COMAVI_audit_calibration_inversion.csv::n
S2_Table,denominator_sensitivity,cell,78,value,ention | Whole-variant exclusions retained | 19/27 = 0.704 | 56/78 = 0.718 | 86/124 = 0.694,traced to record,39,COMAVI_alphamissense_thresholded_accuracy.json/thresholded_all/ambiguous_resolved[3]/variant
S2_Table,denominator_sensitivity,cell,0.718,value,n | Whole-variant exclusions retained | 19/27 = 0.704 | 56/78 = 0.718 | 86/124 = 0.694,traced to record,6,COMAVI_numbers_ledger.json/sweep_discrepancy
S2_Table,denominator_sensitivity,cell,86,value,e-variant exclusions retained | 19/27 = 0.704 | 56/78 = 0.718 | 86/124 = 0.694,traced to record,26,COMAVI_numbers_ledger.json/SA_total[0]
S2_Table,denominator_sensitivity,cell,124,value,ariant exclusions retained | 19/27 = 0.704 | 56/78 = 0.718 | 86/124 = 0.694,traced to record,13,COMAVI_audit_summary.json/structural_agreement/primary_tested
S2_Table,denominator_sensitivity,cell,0.694,value,exclusions retained | 19/27 = 0.704 | 56/78 = 0.718 | 86/124 = 0.694,traced to record,4,COMAVI_numbers_ledger.json/SA
S2_Table,denominator_sensitivity,cell,39.0,value,Include BRCA1 R1699L/Q in grading | 39.0/58 = 0.672 | Measured axes remain available | Not used,traced to record,16,COMAVI_tier_construction.json/evidence_restricted_views/E1_E3_only/n
S2_Table,denominator_sensitivity,cell,58,value,Include BRCA1 R1699L/Q in grading | 39.0/58 = 0.672 | Measured axes remain available | Not used as,traced to record,7,COMAVI_measured_effect_tables.json/call_relationships/sensitivity_excluding_glu73/classes[2]/examples[2]
S2_Table,denominator_sensitivity,cell,0.672,value,Include BRCA1 R1699L/Q in grading | 39.0/58 = 0.672 | Measured axes remain available | Not used as headline,traced to record,5,COMAVI_operating_point_diagnostics.json/point_estimates/t10/recovery
S2_Table,fold_binding_disagreements,cell,2.5,value,t. Directly measured or curated fold and binding disagreements at the 2.5 kcal/mol reference.,traced to record,109,COMAVI_audit_calibration_inversion.csv::direct_regression_estimate
S2_Table,fold_binding_disagreements,cell,4.20,value,BRCA1 V1736A | Monomer fold | 4.20 | 1.24 | Genuine magnitude miss; false negative at 2.5.,traced to record,3,COMAVI_delta_calibration_points.csv::measured_kcal
S2_Table,fold_binding_disagreements,cell,1.24,value,BRCA1 V1736A | Monomer fold | 4.20 | 1.24 | Genuine magnitude miss; false negative at 2.5.,traced to record,16,COMAVI_audit_lability.csv::max_abs_ddg
S2_Table,fold_binding_disagreements,cell,2.5,value,fold | 4.20 | 1.24 | Genuine magnitude miss; false negative at 2.5.,traced to record,109,COMAVI_audit_calibration_inversion.csv::direct_regression_estimate
S2_Table,fold_binding_disagreements,cell,0.97,value,MLH1 R755W | Monomer fold | Curated destabilizing | 0.97 | Genuine miss against the curated fold mechanism.,traced to record,28,COMAVI_audit_summary.json/tradeoff_bootstrap/variant_boot_reject_ci[4][1]
S2_Table,fold_binding_disagreements,cell,1.57,value,BRCA1 R1751Q | Monomer fold | 1.57 | 0.73 | Both values below 2.5; imperfect grade arises,traced to record,9,COMAVI_audit_calibration_inversion.csv::direct_regression_estimate
S2_Table,fold_binding_disagreements,cell,0.73,value,BRCA1 R1751Q | Monomer fold | 1.57 | 0.73 | Both values below 2.5; imperfect grade arises from sign,traced to record,56,COMAVI_audit_calibration_inversion.csv::inverse_estimate
S2_Table,fold_binding_disagreements,cell,2.5,value,BRCA1 R1751Q | Monomer fold | 1.57 | 0.73 | Both values below 2.5; imperfect grade arises from sign-based ground truth.,traced to record,109,COMAVI_audit_calibration_inversion.csv::direct_regression_estimate
S2_Table,fold_binding_disagreements,cell,1.18,value,BRCA1 L1664P | Monomer fold | 1.18 | 0.53 | Both values below 2.5; imperfect grade arises,traced to record,7,COMAVI_delta_calibration_points.csv::measured_kcal
S2_Table,fold_binding_disagreements,cell,0.53,value,BRCA1 L1664P | Monomer fold | 1.18 | 0.53 | Both values below 2.5; imperfect grade arises from sign,traced to record,37,COMAVI_audit_lability.csv::max_abs_ddg
S2_Table,fold_binding_disagreements,cell,2.5,value,BRCA1 L1664P | Monomer fold | 1.18 | 0.53 | Both values below 2.5; imperfect grade arises from sign-based ground truth.,traced to record,109,COMAVI_audit_calibration_inversion.csv::direct_regression_estimate
S2_Table,fold_binding_disagreements,cell,1.50,value,HBB N102T | Binding | 1.50 | -0.14 | Sub-threshold destabilization under the sign-,traced to record,34,COMAVI_audit_calibration_inversion.csv::foldx_t
S2_Table,fold_binding_disagreements,cell,-0.14,value,HBB N102T | Binding | 1.50 | -0.14 | Sub-threshold destabilization under the sign-based conv,traced to record,13,COMAVI_delta_calibration_points.csv::foldx_ddg
S2_Table,fold_binding_disagreements,cell,2.00,value,HBB W37Y | Binding | 2.00 | 1.60 | Sub-threshold destabilization under the sign-b,traced to record,417,COMAVI_alphamissense_thresholded_accuracy.json/population/am_class_counts/unavailable
S2_Table,fold_binding_disagreements,cell,1.60,value,HBB W37Y | Binding | 2.00 | 1.60 | Sub-threshold destabilization under the sign-based conv,traced to record,8,COMAVI_delta_calibration_points.csv::foldx_ddg
S2_Table,fold_binding_disagreements,cell,4.89,value,er and complex-context fold | Neutral on both modeled fold axes | 4.89 / 5.38 | Literature-supported neutral expectations; false,traced to record,12,COMAVI_delta_calibration_points.csv::measured_kcal
S2_Table,fold_binding_disagreements,cell,5.38,value,complex-context fold | Neutral on both modeled fold axes | 4.89 / 5.38 | Literature-supported neutral expectations; false-positi,traced to record,19,COMAVI_audit_lability.csv::max_abs_ddg
S3_Table,index,cell,56,value,point sweep. The pooled score is the mechanism-pattern score over all 56 graded variants; the balanced score weights the structural,traced to record,39,COMAVI_audit_calibration_inversion.csv::n
S3_Table,index,cell,1.0,value,"on arms equally. A measured destabilization (measured ΔΔG of at least 1.0 kcal/mol, n = 42) is recovered when the prediction reaches",traced to record,1486,COMAVI_alphamissense_thresholded_accuracy.json/confident_calls/errors[0]/am_pathogenicity
S3_Table,index,cell,42,value,"measured destabilization (measured ΔΔG of at least 1.0 kcal/mol, n = 42) is recovered when the prediction reaches the threshold wit",traced to record,38,COMAVI_audit_summary.json/cluster_bootstrap/seed
S3_Table,index,cell,2.5,value,"et. Call relationships between measured and predicted energies at the 2.5 kcal/mol reference, for all 63 comparisons and without the",traced to record,109,COMAVI_audit_calibration_inversion.csv::direct_regression_estimate
S3_Table,index,cell,63,value,"easured and predicted energies at the 2.5 kcal/mol reference, for all 63 comparisons and without the seven barnase Glu73 substitutio",traced to record,10,COMAVI_audit_summary.json/R3_model_free/n_calibration_points
S3_Table,index,cell,2.5,value,s sheet. Mechanism-pattern and four-output robustness analyses at the 2.5 kcal/mol reference.,traced to record,109,COMAVI_audit_calibration_inversion.csv::direct_regression_estimate
S3_Table,index,cell,2.0,value,"kempi_validation sheet. Independent binding-axis validation on SKEMPI 2.0, for every substitution and without the barnase Glu73 clust",traced to record,501,COMAVI_alphamissense_thresholded_accuracy.json/population/am_class_counts/unavailable
S3_Table,operating_point_sweep,cell,56,value,point sweep. The pooled score is the mechanism-pattern score over all 56 graded variants; the balanced score weights the structural,traced to record,39,COMAVI_audit_calibration_inversion.csv::n
S3_Table,operating_point_sweep,cell,1.0,value,"on arms equally. A measured destabilization (measured ΔΔG of at least 1.0 kcal/mol, n = 42) is recovered when the prediction reaches",traced to record,1486,COMAVI_alphamissense_thresholded_accuracy.json/confident_calls/errors[0]/am_pathogenicity
S3_Table,operating_point_sweep,cell,42,value,"measured destabilization (measured ΔΔG of at least 1.0 kcal/mol, n = 42) is recovered when the prediction reaches the threshold wit",traced to record,38,COMAVI_audit_summary.json/cluster_bootstrap/seed
S3_Table,operating_point_sweep,cell,29,value,Operating point | Structural arm (n = 29) | No-lesion arm (n = 27) | Pooled score (n = 56) | B,traced to record,96,COMAVI_detection_vs_attribution.json/attribution/n
S3_Table,operating_point_sweep,cell,27,value,Operating point | Structural arm (n = 29) | No-lesion arm (n = 27) | Pooled score (n = 56) | Balanced score | Measured,traced to record,63,COMAVI_detection_vs_attribution.json/correct_rejection/n
S3_Table,operating_point_sweep,cell,56,value,uctural arm (n = 29) | No-lesion arm (n = 27) | Pooled score (n = 56) | Balanced score | Measured destabilizations recovered,traced to record,39,COMAVI_audit_calibration_inversion.csv::n
S3_Table,operating_point_sweep,cell,42,value,= 56) | Balanced score | Measured destabilizations recovered (n = 42),traced to record,38,COMAVI_audit_summary.json/cluster_bootstrap/seed
S3_Table,operating_point_sweep,cell,1.0,value,1.0 default | 0.672 | 0.444 | 0.562 | 0.558 | 27/42,traced to record,1486,COMAVI_alphamissense_thresholded_accuracy.json/confident_calls/errors[0]/am_pathogenicity
S3_Table,operating_point_sweep,cell,0.672,value,1.0 default | 0.672 | 0.444 | 0.562 | 0.558 | 27/42,traced to record,5,COMAVI_operating_point_diagnostics.json/point_estimates/t10/recovery
S3_Table,operating_point_sweep,cell,0.444,value,1.0 default | 0.672 | 0.444 | 0.562 | 0.558 | 27/42,traced to record,8,COMAVI_operating_point_diagnostics.json/point_estimates/t10/correct_rejection
S3_Table,operating_point_sweep,cell,0.562,value,1.0 default | 0.672 | 0.444 | 0.562 | 0.558 | 27/42,traced to record,20,COMAVI_audit_summary.json/tradeoff_bootstrap/variant_boot_reject_ci[2][0]
S3_Table,operating_point_sweep,cell,0.558,value,1.0 default | 0.672 | 0.444 | 0.562 | 0.558 | 27/42,traced to record,1,COMAVI_threshold_operating_points.csv::balanced_MC
S3_Table,operating_point_sweep,cell,27,value,1.0 default | 0.672 | 0.444 | 0.562 | 0.558 | 27/42,traced to record,63,COMAVI_detection_vs_attribution.json/correct_rejection/n
S3_Table,operating_point_sweep,cell,42,value,1.0 default | 0.672 | 0.444 | 0.562 | 0.558 | 27/42,traced to record,38,COMAVI_audit_summary.json/cluster_bootstrap/seed
S3_Table,operating_point_sweep,cell,1.5,value,1.5 | 0.638 | 0.593 | 0.616 | 0.615 | 23/42,traced to record,105,COMAVI_audit_calibration_inversion.csv::fieller_hi
S3_Table,operating_point_sweep,cell,0.638,value,1.5 | 0.638 | 0.593 | 0.616 | 0.615 | 23/42,traced to record,5,COMAVI_operating_point_diagnostics.json/point_estimates/t15/recovery
S3_Table,operating_point_sweep,cell,0.593,value,1.5 | 0.638 | 0.593 | 0.616 | 0.615 | 23/42,traced to record,7,COMAVI_operating_point_diagnostics.json/point_estimates/t15/correct_rejection
S3_Table,operating_point_sweep,cell,0.616,value,1.5 | 0.638 | 0.593 | 0.616 | 0.615 | 23/42,traced to record,17,COMAVI_per_variant_audit.csv::am
S3_Table,operating_point_sweep,cell,0.615,value,1.5 | 0.638 | 0.593 | 0.616 | 0.615 | 23/42,traced to record,13,COMAVI_operating_point_diagnostics.json/paired_bootstrap/recovery/tSAP/ci95[1]
S3_Table,operating_point_sweep,cell,23,value,1.5 | 0.638 | 0.593 | 0.616 | 0.615 | 23/42,traced to record,48,COMAVI_audit_gate_sweep.csv::firing_strong_n
S3_Table,operating_point_sweep,cell,42,value,1.5 | 0.638 | 0.593 | 0.616 | 0.615 | 23/42,traced to record,38,COMAVI_audit_summary.json/cluster_bootstrap/seed
S3_Table,operating_point_sweep,cell,2.0,value,2.0 | 0.569 | 0.741 | 0.652 | 0.655 | 18/42,traced to record,501,COMAVI_alphamissense_thresholded_accuracy.json/population/am_class_counts/unavailable
S3_Table,operating_point_sweep,cell,0.569,value,2.0 | 0.569 | 0.741 | 0.652 | 0.655 | 18/42,traced to record,5,COMAVI_operating_point_diagnostics.json/point_estimates/t20/recovery
S3_Table,operating_point_sweep,cell,0.741,value,2.0 | 0.569 | 0.741 | 0.652 | 0.655 | 18/42,traced to record,11,COMAVI_operating_point_diagnostics.json/point_estimates/t20/correct_rejection
S3_Table,operating_point_sweep,cell,0.652,value,2.0 | 0.569 | 0.741 | 0.652 | 0.655 | 18/42,traced to record,32,COMAVI_numbers_ledger.json/SA_by_axis/tier[2]
S3_Table,operating_point_sweep,cell,0.655,value,2.0 | 0.569 | 0.741 | 0.652 | 0.655 | 18/42,traced to record,9,COMAVI_delta_calibration_points.csv::measured_kcal
S3_Table,operating_point_sweep,cell,18,value,2.0 | 0.569 | 0.741 | 0.652 | 0.655 | 18/42,traced to record,63,COMAVI_audit_model_free_recall.csv::missed
S3_Table,operating_point_sweep,cell,42,value,2.0 | 0.569 | 0.741 | 0.652 | 0.655 | 18/42,traced to record,38,COMAVI_audit_summary.json/cluster_bootstrap/seed
S3_Table,operating_point_sweep,cell,2.5,value,2.5 reference | 0.517 | 0.815 | 0.661 | 0.666 | 12/42,traced to record,109,COMAVI_audit_calibration_inversion.csv::direct_regression_estimate
S3_Table,operating_point_sweep,cell,0.517,value,2.5 reference | 0.517 | 0.815 | 0.661 | 0.666 | 12/42,traced to record,9,COMAVI_operating_point_diagnostics.json/point_estimates/t25/recovery
S3_Table,operating_point_sweep,cell,0.815,value,2.5 reference | 0.517 | 0.815 | 0.661 | 0.666 | 12/42,traced to record,11,COMAVI_detection_vs_attribution.json/correct_rejection/rate
S3_Table,operating_point_sweep,cell,0.661,value,2.5 reference | 0.517 | 0.815 | 0.661 | 0.666 | 12/42,traced to record,15,COMAVI_detection_vs_attribution.json/headline_score/mean
S3_Table,operating_point_sweep,cell,0.666,value,2.5 reference | 0.517 | 0.815 | 0.661 | 0.666 | 12/42,traced to record,2,COMAVI_rubric_baselines.json/observed/unweighted_mean_of_arms
S3_Table,operating_point_sweep,cell,12,value,2.5 reference | 0.517 | 0.815 | 0.661 | 0.666 | 12/42,traced to record,132,COMAVI_alphamissense_thresholded_accuracy.json/population/clinically_benign
S3_Table,operating_point_sweep,cell,42,value,2.5 reference | 0.517 | 0.815 | 0.661 | 0.666 | 12/42,traced to record,38,COMAVI_audit_summary.json/cluster_bootstrap/seed
S3_Table,operating_point_sweep,cell,0.466,value,Prediction-interval bound | 0.466 | 0.852 | 0.652 | 0.659 | 11/42,traced to record,11,COMAVI_delta_calibration_points.csv::absdelta
S3_Table,operating_point_sweep,cell,0.852,value,Prediction-interval bound | 0.466 | 0.852 | 0.652 | 0.659 | 11/42,traced to record,13,COMAVI_operating_point_diagnostics.json/point_estimates/tSAP/correct_rejection
S3_Table,operating_point_sweep,cell,0.652,value,Prediction-interval bound | 0.466 | 0.852 | 0.652 | 0.659 | 11/42,traced to record,32,COMAVI_numbers_ledger.json/SA_by_axis/tier[2]
S3_Table,operating_point_sweep,cell,0.659,value,Prediction-interval bound | 0.466 | 0.852 | 0.652 | 0.659 | 11/42,traced to record,1,COMAVI_threshold_operating_points.csv::balanced_MC
S3_Table,operating_point_sweep,cell,11,value,Prediction-interval bound | 0.466 | 0.852 | 0.652 | 0.659 | 11/42,traced to record,105,COMAVI_alphamissense_thresholded_accuracy.json/population/am_class_counts/likely_benign
S3_Table,operating_point_sweep,cell,42,value,diction-interval bound | 0.466 | 0.852 | 0.652 | 0.659 | 11/42,traced to record,38,COMAVI_audit_summary.json/cluster_bootstrap/seed
S3_Table,disagreement_classes,cell,2.5,value,"et. Call relationships between measured and predicted energies at the 2.5 kcal/mol reference, for all 63 comparisons and without the",traced to record,109,COMAVI_audit_calibration_inversion.csv::direct_regression_estimate
S3_Table,disagreement_classes,cell,63,value,"easured and predicted energies at the 2.5 kcal/mol reference, for all 63 comparisons and without the seven barnase Glu73 substitutio",traced to record,10,COMAVI_audit_summary.json/R3_model_free/n_calibration_points
S3_Table,disagreement_classes,cell,43,value,Agreement | 43 | 0.84 | 38 | 0.67 | Measured and predicted calls a,traced to record,30,COMAVI_alphamissense_thresholded_accuracy.json/confident_calls/cell
S3_Table,disagreement_classes,cell,0.84,value,Agreement | 43 | 0.84 | 38 | 0.67 | Measured and predicted calls agree. |,traced to record,45,COMAVI_audit_operating_points.csv::rejection_silent
S3_Table,disagreement_classes,cell,38,value,Agreement | 43 | 0.84 | 38 | 0.67 | Measured and predicted calls agree. | Most c,traced to record,33,COMAVI_alphamissense_thresholded_accuracy.json/confident_calls/cell
S3_Table,disagreement_classes,cell,0.67,value,Agreement | 43 | 0.84 | 38 | 0.67 | Measured and predicted calls agree. | Most comparison,traced to record,85,COMAVI_audit_summary.json/threshold_averaged_MC
S3_Table,disagreement_classes,cell,7,value,"Borderline disagreement | 7 | 0.79 | 7 | 0.79 | Calls differ at 2.5 kcal/mol, a",traced to record,191,COMAVI_audit_calibration_inversion.csv::fieller_hi
S3_Table,disagreement_classes,cell,0.79,value,"Borderline disagreement | 7 | 0.79 | 7 | 0.79 | Calls differ at 2.5 kcal/mol, and both v",traced to record,39,COMAVI_delta_calibration_points.csv::absdelta
S3_Table,disagreement_classes,cell,7,value,"Borderline disagreement | 7 | 0.79 | 7 | 0.79 | Calls differ at 2.5 kcal/mol, and both values",traced to record,191,COMAVI_audit_calibration_inversion.csv::fieller_hi
S3_Table,disagreement_classes,cell,0.79,value,"Borderline disagreement | 7 | 0.79 | 7 | 0.79 | Calls differ at 2.5 kcal/mol, and both values lie withi",traced to record,39,COMAVI_delta_calibration_points.csv::absdelta
S3_Table,disagreement_classes,cell,2.5,value,"erline disagreement | 7 | 0.79 | 7 | 0.79 | Calls differ at 2.5 kcal/mol, and both values lie within 1.0 kcal/mol of it. |",traced to record,109,COMAVI_audit_calibration_inversion.csv::direct_regression_estimate
S3_Table,disagreement_classes,cell,1.0,value,"| 0.79 | Calls differ at 2.5 kcal/mol, and both values lie within 1.0 kcal/mol of it. | V1665M",traced to record,1486,COMAVI_alphamissense_thresholded_accuracy.json/confident_calls/errors[0]/am_pathogenicity
S3_Table,disagreement_classes,cell,13,value,"Substantive disagreement | 13 | 3.09 | 11 | 2.96 | Calls differ at 2.5 kcal/mol,",traced to record,68,COMAVI_audit_gate_sweep.csv::firing_strong_structural
S3_Table,disagreement_classes,cell,3.09,value,"Substantive disagreement | 13 | 3.09 | 11 | 2.96 | Calls differ at 2.5 kcal/mol, and at le",traced to record,9,COMAVI_audit_model_free_recall.csv::largest_miss_measured
S3_Table,disagreement_classes,cell,11,value,"Substantive disagreement | 13 | 3.09 | 11 | 2.96 | Calls differ at 2.5 kcal/mol, and at least one",traced to record,105,COMAVI_alphamissense_thresholded_accuracy.json/population/am_class_counts/likely_benign
S3_Table,disagreement_classes,cell,2.96,value,"Substantive disagreement | 13 | 3.09 | 11 | 2.96 | Calls differ at 2.5 kcal/mol, and at least one value li",traced to record,11,COMAVI_delta_calibration_points.csv::absdelta
S3_Table,disagreement_classes,cell,2.5,value,"tive disagreement | 13 | 3.09 | 11 | 2.96 | Calls differ at 2.5 kcal/mol, and at least one value lies more than 1.0 kcal/mo",traced to record,109,COMAVI_audit_calibration_inversion.csv::direct_regression_estimate
S3_Table,disagreement_classes,cell,1.0,value,"Calls differ at 2.5 kcal/mol, and at least one value lies more than 1.0 kcal/mol from it. | V1736A; V1808A",traced to record,1486,COMAVI_alphamissense_thresholded_accuracy.json/confident_calls/errors[0]/am_pathogenicity
S3_Table,tier_distribution,cell,11,value,Tier 1 | 11 | 2 | 11/13 = 0.846,traced to record,105,COMAVI_alphamissense_thresholded_accuracy.json/population/am_class_counts/likely_benign
S3_Table,tier_distribution,cell,2,value,Tier 1 | 11 | 2 | 11/13 = 0.846,traced to record,676,COMAVI_alphamissense_thresholded_accuracy.json/population/am_class_counts/unavailable
S3_Table,tier_distribution,cell,11,value,Tier 1 | 11 | 2 | 11/13 = 0.846,traced to record,105,COMAVI_alphamissense_thresholded_accuracy.json/population/am_class_counts/likely_benign
S3_Table,tier_distribution,cell,13,value,Tier 1 | 11 | 2 | 11/13 = 0.846,traced to record,68,COMAVI_audit_gate_sweep.csv::firing_strong_structural
S3_Table,tier_distribution,cell,0.846,value,Tier 1 | 11 | 2 | 11/13 = 0.846,traced to record,2,COMAVI_delta_calibration_points.csv::foldx_ddg
S3_Table,tier_distribution,cell,6,value,Tier 2 | 6 | 10 | 6/16 = 0.375,traced to record,251,COMAVI_alphamissense_thresholded_accuracy.json/confident_calls/errors[2]/variant
S3_Table,tier_distribution,cell,10,value,Tier 2 | 6 | 10 | 6/16 = 0.375,traced to record,112,COMAVI_audit_lability.csv::max_abs_ddg
S3_Table,tier_distribution,cell,6,value,Tier 2 | 6 | 10 | 6/16 = 0.375,traced to record,251,COMAVI_alphamissense_thresholded_accuracy.json/confident_calls/errors[2]/variant
S3_Table,tier_distribution,cell,16,value,Tier 2 | 6 | 10 | 6/16 = 0.375,traced to record,76,COMAVI_audit_gate_sweep.csv::firing_strong_n
S3_Table,tier_distribution,cell,0.375,value,Tier 2 | 6 | 10 | 6/16 = 0.375,traced to record,6,chd_concordance_results_FIXED.csv::ddg_fold_gli3
S3_Table,tier_distribution,cell,4,value,Tiers 3-4 | 4 | 13 | 4/17 = 0.235,traced to record,468,COMAVI_alphamissense_thresholded_accuracy.json/population/am_class_counts/ambiguous
S3_Table,tier_distribution,cell,4,value,Tiers 3-4 | 4 | 13 | 4/17 = 0.235,traced to record,468,COMAVI_alphamissense_thresholded_accuracy.json/population/am_class_counts/ambiguous
S3_Table,tier_distribution,cell,13,value,Tiers 3-4 | 4 | 13 | 4/17 = 0.235,traced to record,68,COMAVI_audit_gate_sweep.csv::firing_strong_structural
S3_Table,tier_distribution,cell,4,value,Tiers 3-4 | 4 | 13 | 4/17 = 0.235,traced to record,468,COMAVI_alphamissense_thresholded_accuracy.json/population/am_class_counts/ambiguous
S3_Table,tier_distribution,cell,17,value,Tiers 3-4 | 4 | 13 | 4/17 = 0.235,traced to record,60,COMAVI_audit_gate_sweep.csv::firing_strong_n
S3_Table,tier_distribution,cell,0.235,value,Tiers 3-4 | 4 | 13 | 4/17 = 0.235,traced to record,7,chd_concordance_results_FIXED.csv::ddg_binding_cdh2_sd
S3_Table,evidence_states,cell,1.0,value,1.0 default | 16/9 | 0/8 | 1/4 | 0/9,traced to record,1486,COMAVI_alphamissense_thresholded_accuracy.json/confident_calls/errors[0]/am_pathogenicity
S3_Table,evidence_states,cell,16,value,1.0 default | 16/9 | 0/8 | 1/4 | 0/9,traced to record,76,COMAVI_audit_gate_sweep.csv::firing_strong_n
S3_Table,evidence_states,cell,9,value,1.0 default | 16/9 | 0/8 | 1/4 | 0/9,traced to record,110,COMAVI_audit_model_free_recall.csv::missed
S3_Table,evidence_states,cell,0,value,1.0 default | 16/9 | 0/8 | 1/4 | 0/9,traced to record,2747,COMAVI_alphamissense_thresholded_accuracy.json/confident_calls/errors[2]/am_pathogenicity
S3_Table,evidence_states,cell,8,value,1.0 default | 16/9 | 0/8 | 1/4 | 0/9,traced to record,140,COMAVI_alphamissense_thresholded_accuracy.json/note
S3_Table,evidence_states,cell,1,value,1.0 default | 16/9 | 0/8 | 1/4 | 0/9,traced to record,2314,COMAVI_alphamissense_thresholded_accuracy.json/confident_calls/accuracy
S3_Table,evidence_states,cell,4,value,1.0 default | 16/9 | 0/8 | 1/4 | 0/9,traced to record,468,COMAVI_alphamissense_thresholded_accuracy.json/population/am_class_counts/ambiguous
S3_Table,evidence_states,cell,0,value,1.0 default | 16/9 | 0/8 | 1/4 | 0/9,traced to record,2747,COMAVI_alphamissense_thresholded_accuracy.json/confident_calls/errors[2]/am_pathogenicity
S3_Table,evidence_states,cell,9,value,1.0 default | 16/9 | 0/8 | 1/4 | 0/9,traced to record,110,COMAVI_audit_model_free_recall.csv::missed
S3_Table,evidence_states,cell,1.5,value,1.5 | 15/6 | 0/6 | 2/7 | 0/11,traced to record,105,COMAVI_audit_calibration_inversion.csv::fieller_hi
S3_Table,evidence_states,cell,15,value,1.5 | 15/6 | 0/6 | 2/7 | 0/11,traced to record,98,COMAVI_audit_calibration_inversion.csv::n
S3_Table,evidence_states,cell,6,value,1.5 | 15/6 | 0/6 | 2/7 | 0/11,traced to record,251,COMAVI_alphamissense_thresholded_accuracy.json/confident_calls/errors[2]/variant
S3_Table,evidence_states,cell,0,value,1.5 | 15/6 | 0/6 | 2/7 | 0/11,traced to record,2747,COMAVI_alphamissense_thresholded_accuracy.json/confident_calls/errors[2]/am_pathogenicity
S3_Table,evidence_states,cell,6,value,1.5 | 15/6 | 0/6 | 2/7 | 0/11,traced to record,251,COMAVI_alphamissense_thresholded_accuracy.json/confident_calls/errors[2]/variant
S3_Table,evidence_states,cell,2,value,1.5 | 15/6 | 0/6 | 2/7 | 0/11,traced to record,676,COMAVI_alphamissense_thresholded_accuracy.json/population/am_class_counts/unavailable
S3_Table,evidence_states,cell,7,value,1.5 | 15/6 | 0/6 | 2/7 | 0/11,traced to record,191,COMAVI_audit_calibration_inversion.csv::fieller_hi
S3_Table,evidence_states,cell,0,value,1.5 | 15/6 | 0/6 | 2/7 | 0/11,traced to record,2747,COMAVI_alphamissense_thresholded_accuracy.json/confident_calls/errors[2]/am_pathogenicity
S3_Table,evidence_states,cell,11,value,1.5 | 15/6 | 0/6 | 2/7 | 0/11,traced to record,105,COMAVI_alphamissense_thresholded_accuracy.json/population/am_class_counts/likely_benign
S3_Table,evidence_states,cell,2.0,value,2.0 | 15/4 | 0/5 | 2/9 | 0/12,traced to record,501,COMAVI_alphamissense_thresholded_accuracy.json/population/am_class_counts/unavailable
S3_Table,evidence_states,cell,15,value,2.0 | 15/4 | 0/5 | 2/9 | 0/12,traced to record,98,COMAVI_audit_calibration_inversion.csv::n
S3_Table,evidence_states,cell,4,value,2.0 | 15/4 | 0/5 | 2/9 | 0/12,traced to record,468,COMAVI_alphamissense_thresholded_accuracy.json/population/am_class_counts/ambiguous
S3_Table,evidence_states,cell,0,value,2.0 | 15/4 | 0/5 | 2/9 | 0/12,traced to record,2747,COMAVI_alphamissense_thresholded_accuracy.json/confident_calls/errors[2]/am_pathogenicity
S3_Table,evidence_states,cell,5,value,2.0 | 15/4 | 0/5 | 2/9 | 0/12,traced to record,264,COMAVI_audit_calibration_inversion.csv::fieller_hi
S3_Table,evidence_states,cell,2,value,2.0 | 15/4 | 0/5 | 2/9 | 0/12,traced to record,676,COMAVI_alphamissense_thresholded_accuracy.json/population/am_class_counts/unavailable
S3_Table,evidence_states,cell,9,value,2.0 | 15/4 | 0/5 | 2/9 | 0/12,traced to record,110,COMAVI_audit_model_free_recall.csv::missed
S3_Table,evidence_states,cell,0,value,2.0 | 15/4 | 0/5 | 2/9 | 0/12,traced to record,2747,COMAVI_alphamissense_thresholded_accuracy.json/confident_calls/errors[2]/am_pathogenicity
S3_Table,evidence_states,cell,12,value,2.0 | 15/4 | 0/5 | 2/9 | 0/12,traced to record,132,COMAVI_alphamissense_thresholded_accuracy.json/population/clinically_benign
S3_Table,evidence_states,cell,2.5,value,2.5 reference | 15/3 | 0/3 | 2/10 | 0/14,traced to record,109,COMAVI_audit_calibration_inversion.csv::direct_regression_estimate
S3_Table,evidence_states,cell,15,value,2.5 reference | 15/3 | 0/3 | 2/10 | 0/14,traced to record,98,COMAVI_audit_calibration_inversion.csv::n
S3_Table,evidence_states,cell,3,value,2.5 reference | 15/3 | 0/3 | 2/10 | 0/14,traced to record,586,COMAVI_alphamissense_thresholded_accuracy.json/thresholded_all/ambiguous_resolved[0]/gene
S3_Table,evidence_states,cell,0,value,2.5 reference | 15/3 | 0/3 | 2/10 | 0/14,traced to record,2747,COMAVI_alphamissense_thresholded_accuracy.json/confident_calls/errors[2]/am_pathogenicity
S3_Table,evidence_states,cell,3,value,2.5 reference | 15/3 | 0/3 | 2/10 | 0/14,traced to record,586,COMAVI_alphamissense_thresholded_accuracy.json/thresholded_all/ambiguous_resolved[0]/gene
S3_Table,evidence_states,cell,2,value,2.5 reference | 15/3 | 0/3 | 2/10 | 0/14,traced to record,676,COMAVI_alphamissense_thresholded_accuracy.json/population/am_class_counts/unavailable
S3_Table,evidence_states,cell,10,value,2.5 reference | 15/3 | 0/3 | 2/10 | 0/14,traced to record,112,COMAVI_audit_lability.csv::max_abs_ddg
S3_Table,evidence_states,cell,0,value,2.5 reference | 15/3 | 0/3 | 2/10 | 0/14,traced to record,2747,COMAVI_alphamissense_thresholded_accuracy.json/confident_calls/errors[2]/am_pathogenicity
S3_Table,evidence_states,cell,14,value,2.5 reference | 15/3 | 0/3 | 2/10 | 0/14,traced to record,119,COMAVI_audit_gate_sweep.csv::firing_strong_structural
S3_Table,evidence_states,cell,11,value,Prediction-interval bound | 11/3 | 0/2 | 6/10 | 0/15,traced to record,105,COMAVI_alphamissense_thresholded_accuracy.json/population/am_class_counts/likely_benign
S3_Table,evidence_states,cell,3,value,Prediction-interval bound | 11/3 | 0/2 | 6/10 | 0/15,traced to record,586,COMAVI_alphamissense_thresholded_accuracy.json/thresholded_all/ambiguous_resolved[0]/gene
S3_Table,evidence_states,cell,0,value,Prediction-interval bound | 11/3 | 0/2 | 6/10 | 0/15,traced to record,2747,COMAVI_alphamissense_thresholded_accuracy.json/confident_calls/errors[2]/am_pathogenicity
S3_Table,evidence_states,cell,2,value,Prediction-interval bound | 11/3 | 0/2 | 6/10 | 0/15,traced to record,676,COMAVI_alphamissense_thresholded_accuracy.json/population/am_class_counts/unavailable
S3_Table,evidence_states,cell,6,value,Prediction-interval bound | 11/3 | 0/2 | 6/10 | 0/15,traced to record,251,COMAVI_alphamissense_thresholded_accuracy.json/confident_calls/errors[2]/variant
S3_Table,evidence_states,cell,10,value,Prediction-interval bound | 11/3 | 0/2 | 6/10 | 0/15,traced to record,112,COMAVI_audit_lability.csv::max_abs_ddg
S3_Table,evidence_states,cell,0,value,Prediction-interval bound | 11/3 | 0/2 | 6/10 | 0/15,traced to record,2747,COMAVI_alphamissense_thresholded_accuracy.json/confident_calls/errors[2]/am_pathogenicity
S3_Table,evidence_states,cell,15,value,Prediction-interval bound | 11/3 | 0/2 | 6/10 | 0/15,traced to record,98,COMAVI_audit_calibration_inversion.csv::n
S3_Table,detection_metrics,cell,2,value,rating point | Any energetic firing | Convergent: energy + Tier 1-2,traced to record,676,COMAVI_alphamissense_thresholded_accuracy.json/population/am_class_counts/unavailable
S3_Table,detection_metrics,cell,1.0,value,1.0 default | 0.941 / 0.433 / 0.485 | 0.941 / 0.700 / 0.640,traced to record,1486,COMAVI_alphamissense_thresholded_accuracy.json/confident_calls/errors[0]/am_pathogenicity
S3_Table,detection_metrics,cell,0.941,value,1.0 default | 0.941 / 0.433 / 0.485 | 0.941 / 0.700 / 0.640,traced to record,6,COMAVI_per_variant_audit.csv::am
S3_Table,detection_metrics,cell,0.433,value,1.0 default | 0.941 / 0.433 / 0.485 | 0.941 / 0.700 / 0.640,traced to record,3,chd_concordance_results_FIXED.csv::ddg_fold_dvl2
S3_Table,detection_metrics,cell,0.485,value,1.0 default | 0.941 / 0.433 / 0.485 | 0.941 / 0.700 / 0.640,traced to record,1,COMAVI_delta_calibration_stats.json/rho
S3_Table,detection_metrics,cell,0.941,value,1.0 default | 0.941 / 0.433 / 0.485 | 0.941 / 0.700 / 0.640,traced to record,6,COMAVI_per_variant_audit.csv::am
S3_Table,detection_metrics,cell,0.700,value,1.0 default | 0.941 / 0.433 / 0.485 | 0.941 / 0.700 / 0.640,traced to record,25,COMAVI_audit_summary.json/tier_gradient/gradient[2]/frac
S3_Table,detection_metrics,cell,0.640,value,1.0 default | 0.941 / 0.433 / 0.485 | 0.941 / 0.700 / 0.640,traced to record,10,COMAVI_audit_operating_points.csv::recall_structural
S3_Table,detection_metrics,cell,1.5,value,1.5 | 0.882 / 0.600 / 0.556 | 0.882 / 0.800 / 0.714,traced to record,105,COMAVI_audit_calibration_inversion.csv::fieller_hi
S3_Table,detection_metrics,cell,0.882,value,1.5 | 0.882 / 0.600 / 0.556 | 0.882 / 0.800 / 0.714,traced to record,4,COMAVI_tier_energy_gating.json/four_state_t25/convergent/rate
S3_Table,detection_metrics,cell,0.600,value,1.5 | 0.882 / 0.600 / 0.556 | 0.882 / 0.800 / 0.714,traced to record,13,COMAVI_audit_operating_points.csv::recall_structural
S3_Table,detection_metrics,cell,0.556,value,1.5 | 0.882 / 0.600 / 0.556 | 0.882 / 0.800 / 0.714,traced to record,12,COMAVI_tier_construction.json/evidence_restricted_views/E1_E3_only/specificity
S3_Table,detection_metrics,cell,0.882,value,1.5 | 0.882 / 0.600 / 0.556 | 0.882 / 0.800 / 0.714,traced to record,4,COMAVI_tier_energy_gating.json/four_state_t25/convergent/rate
S3_Table,detection_metrics,cell,0.800,value,1.5 | 0.882 / 0.600 / 0.556 | 0.882 / 0.800 / 0.714,traced to record,32,COMAVI_evidence_stratified_agreement.json/by_evidence_type/E3_qualitative_experimental/rate
S3_Table,detection_metrics,cell,0.714,value,1.5 | 0.882 / 0.600 / 0.556 | 0.882 / 0.800 / 0.714,traced to record,21,COMAVI_audit_lability.csv::max_abs_ddg
S3_Table,detection_metrics,cell,2.0,value,2.0 | 0.882 / 0.700 / 0.625 | 0.882 / 0.867 / 0.789,traced to record,501,COMAVI_alphamissense_thresholded_accuracy.json/population/am_class_counts/unavailable
S3_Table,detection_metrics,cell,0.882,value,2.0 | 0.882 / 0.700 / 0.625 | 0.882 / 0.867 / 0.789,traced to record,4,COMAVI_tier_energy_gating.json/four_state_t25/convergent/rate
S3_Table,detection_metrics,cell,0.700,value,2.0 | 0.882 / 0.700 / 0.625 | 0.882 / 0.867 / 0.789,traced to record,25,COMAVI_audit_summary.json/tier_gradient/gradient[2]/frac
S3_Table,detection_metrics,cell,0.625,value,2.0 | 0.882 / 0.700 / 0.625 | 0.882 / 0.867 / 0.789,traced to record,17,COMAVI_audit_summary.json/tradeoff_bootstrap/variant_boot_reject_ci[0][1]
S3_Table,detection_metrics,cell,0.882,value,2.0 | 0.882 / 0.700 / 0.625 | 0.882 / 0.867 / 0.789,traced to record,4,COMAVI_tier_energy_gating.json/four_state_t25/convergent/rate
S3_Table,detection_metrics,cell,0.867,value,2.0 | 0.882 / 0.700 / 0.625 | 0.882 / 0.867 / 0.789,traced to record,7,chd_concordance_results_FIXED.csv::ddg_binding_zic3_sd
S3_Table,detection_metrics,cell,0.789,value,2.0 | 0.882 / 0.700 / 0.625 | 0.882 / 0.867 / 0.789,traced to record,7,COMAVI_tier_construction.json/loso_is_identity/per_system/brca1_bard1/sensitivity
S3_Table,detection_metrics,cell,2.5,value,2.5 reference | 0.882 / 0.800 / 0.714 | 0.882 / 0.900 / 0.8,traced to record,109,COMAVI_audit_calibration_inversion.csv::direct_regression_estimate
S3_Table,detection_metrics,cell,0.882,value,2.5 reference | 0.882 / 0.800 / 0.714 | 0.882 / 0.900 / 0.833,traced to record,4,COMAVI_tier_energy_gating.json/four_state_t25/convergent/rate
S3_Table,detection_metrics,cell,0.800,value,2.5 reference | 0.882 / 0.800 / 0.714 | 0.882 / 0.900 / 0.833,traced to record,32,COMAVI_evidence_stratified_agreement.json/by_evidence_type/E3_qualitative_experimental/rate
S3_Table,detection_metrics,cell,0.714,value,2.5 reference | 0.882 / 0.800 / 0.714 | 0.882 / 0.900 / 0.833,traced to record,21,COMAVI_audit_lability.csv::max_abs_ddg
S3_Table,detection_metrics,cell,0.882,value,2.5 reference | 0.882 / 0.800 / 0.714 | 0.882 / 0.900 / 0.833,traced to record,4,COMAVI_tier_energy_gating.json/four_state_t25/convergent/rate
S3_Table,detection_metrics,cell,0.900,value,2.5 reference | 0.882 / 0.800 / 0.714 | 0.882 / 0.900 / 0.833,traced to record,4,COMAVI_foldx_scale_calibration.json/binding/spearman_rho
S3_Table,detection_metrics,cell,0.833,value,2.5 reference | 0.882 / 0.800 / 0.714 | 0.882 / 0.900 / 0.833,traced to record,18,COMAVI_detection_vs_attribution.json/per_class/mixed_structural/mean_grade
S3_Table,detection_metrics,cell,0.647,value,Prediction-interval bound | 0.647 / 0.833 / 0.688 | 0.647 / 0.900 / 0.786,traced to record,9,COMAVI_delta_calibration_points.csv::absdelta
S3_Table,detection_metrics,cell,0.833,value,Prediction-interval bound | 0.647 / 0.833 / 0.688 | 0.647 / 0.900 / 0.786,traced to record,18,COMAVI_detection_vs_attribution.json/per_class/mixed_structural/mean_grade
S3_Table,detection_metrics,cell,0.688,value,Prediction-interval bound | 0.647 / 0.833 / 0.688 | 0.647 / 0.900 / 0.786,traced to record,14,COMAVI_audit_summary.json/tradeoff_bootstrap/cluster_reject_ci_tSAP[0]
S3_Table,detection_metrics,cell,0.647,value,Prediction-interval bound | 0.647 / 0.833 / 0.688 | 0.647 / 0.900 / 0.786,traced to record,9,COMAVI_delta_calibration_points.csv::absdelta
S3_Table,detection_metrics,cell,0.900,value,Prediction-interval bound | 0.647 / 0.833 / 0.688 | 0.647 / 0.900 / 0.786,traced to record,4,COMAVI_foldx_scale_calibration.json/binding/spearman_rho
S3_Table,detection_metrics,cell,0.786,value,ediction-interval bound | 0.647 / 0.833 / 0.688 | 0.647 / 0.900 / 0.786,traced to record,9,COMAVI_tier_ddg_concordance.csv::mech_consistency
S3_Table,pathogenicity_ranking,cell,0.903,value,AlphaMissense | 0.903 | Pathogenicity ranking,traced to record,16,COMAVI_numbers_ledger.json/AM_auc
S3_Table,pathogenicity_ranking,cell,0.851,value,ISDS-v1 | 0.851 | Integrated structural-disruption priority,traced to record,9,chd_concordance_results_FIXED.csv::ddg_fold_tcf7l1
S3_Table,pathogenicity_ranking,cell,0.836,value,ISDS energetic component | 0.836 | Energetic structural evidence,traced to record,4,isds_v1/ISDS_v1_alphamissense_pathogenicity_comparison.csv::pathogenicity_auc
S3_Table,pathogenicity_ranking,cell,0.769,value,ISDS context component | 0.769 | Structural-context strength,traced to record,16,COMAVI_audit_lability.csv::max_abs_ddg
S3_Table,robustness,cell,2.5,value,s sheet. Mechanism-pattern and four-output robustness analyses at the 2.5 kcal/mol reference.,traced to record,109,COMAVI_audit_calibration_inversion.csv::direct_regression_estimate
S3_Table,robustness,cell,2.5,value,Observed at 2.5 | 0.661 | 0.699,traced to record,109,COMAVI_audit_calibration_inversion.csv::direct_regression_estimate
S3_Table,robustness,cell,0.661,value,Observed at 2.5 | 0.661 | 0.699,traced to record,15,COMAVI_detection_vs_attribution.json/headline_score/mean
S3_Table,robustness,cell,0.699,value,Observed at 2.5 | 0.661 | 0.699,traced to record,14,COMAVI_foldx_scale_calibration.json/binding/ols_slope
S3_Table,robustness,cell,2,value,"Block-permutation null, n = 2,000 | 0.464 ± 0.051; p = 5 × 10^-4 | 0.534 ± 0.046; p =",traced to record,676,COMAVI_alphamissense_thresholded_accuracy.json/population/am_class_counts/unavailable
S3_Table,robustness,cell,000,value,"Block-permutation null, n = 2,000 | 0.464 ± 0.051; p = 5 × 10^-4 | 0.534 ± 0.046; p = 5 ×","extraction artifact (comma thousands separator, e.g. 2,000)",0,
S3_Table,robustness,cell,0.464,value,"Block-permutation null, n = 2,000 | 0.464 ± 0.051; p = 5 × 10^-4 | 0.534 ± 0.046; p = 5 × 10^-4",traced to record,4,COMAVI_numbers_ledger.json/stress_permutation/MC_null_mean
S3_Table,robustness,cell,0.051,value,"Block-permutation null, n = 2,000 | 0.464 ± 0.051; p = 5 × 10^-4 | 0.534 ± 0.046; p = 5 × 10^-4",traced to record,12,COMAVI_audit_gate_sweep.csv::firing_fisher_p_bh
S3_Table,robustness,cell,5,value,"Block-permutation null, n = 2,000 | 0.464 ± 0.051; p = 5 × 10^-4 | 0.534 ± 0.046; p = 5 × 10^-4",traced to record,264,COMAVI_audit_calibration_inversion.csv::fieller_hi
S3_Table,robustness,cell,10,value,"Block-permutation null, n = 2,000 | 0.464 ± 0.051; p = 5 × 10^-4 | 0.534 ± 0.046; p = 5 × 10^-4",traced to record,112,COMAVI_audit_lability.csv::max_abs_ddg
S3_Table,robustness,cell,-4,value,"Block-permutation null, n = 2,000 | 0.464 ± 0.051; p = 5 × 10^-4 | 0.534 ± 0.046; p = 5 × 10^-4",traced to record,77,COMAVI_delta_calibration_points.csv::delta
S3_Table,robustness,cell,0.534,value,"lock-permutation null, n = 2,000 | 0.464 ± 0.051; p = 5 × 10^-4 | 0.534 ± 0.046; p = 5 × 10^-4",traced to record,3,isds_v1/scored_61var_canonical_with_ISDS_v1.csv::ddg_monomer_ci95_internal_high
S3_Table,robustness,cell,0.046,value,"mutation null, n = 2,000 | 0.464 ± 0.051; p = 5 × 10^-4 | 0.534 ± 0.046; p = 5 × 10^-4",traced to record,15,COMAVI_tier_construction.json/evidence_restricted_views/all_axes_E1_E3/fisher_p
S3_Table,robustness,cell,5,value,"ll, n = 2,000 | 0.464 ± 0.051; p = 5 × 10^-4 | 0.534 ± 0.046; p = 5 × 10^-4",traced to record,264,COMAVI_audit_calibration_inversion.csv::fieller_hi
S3_Table,robustness,cell,10,value,"n = 2,000 | 0.464 ± 0.051; p = 5 × 10^-4 | 0.534 ± 0.046; p = 5 × 10^-4",traced to record,112,COMAVI_audit_lability.csv::max_abs_ddg
S3_Table,robustness,cell,-4,value,"2,000 | 0.464 ± 0.051; p = 5 × 10^-4 | 0.534 ± 0.046; p = 5 × 10^-4",traced to record,77,COMAVI_delta_calibration_points.csv::delta
S3_Table,robustness,cell,0.6415,value,Leave one system out | 0.6415-0.6792 | 0.6810-0.7238,traced to record,2,COMAVI_numbers_ledger.json/stress_LOSO_MC_range[0]
S3_Table,robustness,cell,0.6792,value,Leave one system out | 0.6415-0.6792 | 0.6810-0.7238,traced to record,2,COMAVI_numbers_ledger.json/stress_LOSO_MC_range[1]
S3_Table,robustness,cell,0.6810,value,Leave one system out | 0.6415-0.6792 | 0.6810-0.7238,traced to record,1,stress_tests/comavi_leave_one_system_out.csv::sa_val
S3_Table,robustness,cell,0.7238,value,Leave one system out | 0.6415-0.6792 | 0.6810-0.7238,traced to record,1,stress_tests/comavi_leave_one_system_out.csv::sa_val
S3_Table,robustness,cell,500,value,"Replicate noise, n = 500 | 0.661 ± 0.014 | 0.697 ± 0.004",traced to record,21,COMAVI_directional_enrichment.json/pathogenic_but_silent/variants[12]
S3_Table,robustness,cell,0.661,value,"Replicate noise, n = 500 | 0.661 ± 0.014 | 0.697 ± 0.004",traced to record,15,COMAVI_detection_vs_attribution.json/headline_score/mean
S3_Table,robustness,cell,0.014,value,"Replicate noise, n = 500 | 0.661 ± 0.014 | 0.697 ± 0.004",traced to record,19,COMAVI_audit_gate_sweep.csv::firing_fisher_p
S3_Table,robustness,cell,0.697,value,"Replicate noise, n = 500 | 0.661 ± 0.014 | 0.697 ± 0.004",traced to record,2,isds_v1/ISDS_v1_per_variant.csv::sens_no_interface_tier
S3_Table,robustness,cell,0.004,value,"Replicate noise, n = 500 | 0.661 ± 0.014 | 0.697 ± 0.004",traced to record,49,COMAVI_audit_summary.json/tier_gradient/spearman_p
S3_Table,robustness,cell,2,value,"Variant bootstrap, n = 2,000 | 95% CI 0.546-0.769 | 95% CI 0.609-0.779",traced to record,676,COMAVI_alphamissense_thresholded_accuracy.json/population/am_class_counts/unavailable
S3_Table,robustness,cell,000,value,"Variant bootstrap, n = 2,000 | 95% CI 0.546-0.769 | 95% CI 0.609-0.779","extraction artifact (comma thousands separator, e.g. 2,000)",0,
S3_Table,robustness,cell,95,value,"Variant bootstrap, n = 2,000 | 95% CI 0.546-0.769 | 95% CI 0.609-0.779",traced to record,8,chd_concordance_collapsed.csv::best_plddt
S3_Table,robustness,cell,0.546,value,"Variant bootstrap, n = 2,000 | 95% CI 0.546-0.769 | 95% CI 0.609-0.779",traced to record,6,chd_concordance_results_FIXED.csv::ddg_fold_gli3
S3_Table,robustness,cell,0.769,value,"Variant bootstrap, n = 2,000 | 95% CI 0.546-0.769 | 95% CI 0.609-0.779",traced to record,16,COMAVI_audit_lability.csv::max_abs_ddg
S3_Table,robustness,cell,95,value,"Variant bootstrap, n = 2,000 | 95% CI 0.546-0.769 | 95% CI 0.609-0.779",traced to record,8,chd_concordance_collapsed.csv::best_plddt
S3_Table,robustness,cell,0.609,value,"Variant bootstrap, n = 2,000 | 95% CI 0.546-0.769 | 95% CI 0.609-0.779",traced to record,7,chd_isds_v1/chd_concordance_prioritized.csv::isds_v1
S3_Table,robustness,cell,0.779,value,"Variant bootstrap, n = 2,000 | 95% CI 0.546-0.769 | 95% CI 0.609-0.779",traced to record,7,isds_v1/ISDS_v1_primary_metrics.csv::average_precision
S3_Table,robustness,cell,2,value,"System-cluster bootstrap, n = 2,000 | 95% CI 0.573-0.755 | 95% CI 0.622-0.778",traced to record,676,COMAVI_alphamissense_thresholded_accuracy.json/population/am_class_counts/unavailable
S3_Table,robustness,cell,000,value,"System-cluster bootstrap, n = 2,000 | 95% CI 0.573-0.755 | 95% CI 0.622-0.778","extraction artifact (comma thousands separator, e.g. 2,000)",0,
S3_Table,robustness,cell,95,value,"System-cluster bootstrap, n = 2,000 | 95% CI 0.573-0.755 | 95% CI 0.622-0.778",traced to record,8,chd_concordance_collapsed.csv::best_plddt
S3_Table,robustness,cell,0.573,value,"System-cluster bootstrap, n = 2,000 | 95% CI 0.573-0.755 | 95% CI 0.622-0.778",traced to record,4,COMAVI_numbers_ledger.json/MC_cluster_ci95[0]
S3_Table,robustness,cell,0.755,value,"System-cluster bootstrap, n = 2,000 | 95% CI 0.573-0.755 | 95% CI 0.622-0.778",traced to record,4,COMAVI_numbers_ledger.json/MC_cluster_ci95[1]
S3_Table,robustness,cell,95,value,"System-cluster bootstrap, n = 2,000 | 95% CI 0.573-0.755 | 95% CI 0.622-0.778",traced to record,8,chd_concordance_collapsed.csv::best_plddt
S3_Table,robustness,cell,0.622,value,"System-cluster bootstrap, n = 2,000 | 95% CI 0.573-0.755 | 95% CI 0.622-0.778",traced to record,7,COMAVI_delta_calibration_points.csv::absdelta
S3_Table,robustness,cell,0.778,value,"-cluster bootstrap, n = 2,000 | 95% CI 0.573-0.755 | 95% CI 0.622-0.778",traced to record,7,COMAVI_cohort_composition_checks.json/structure_source/prioritization/AlphaFold 3/roc_auc
S3_Table,skempi_validation,cell,2.0,value,"kempi_validation sheet. Independent binding-axis validation on SKEMPI 2.0, for every substitution and without the barnase Glu73 clust",traced to record,501,COMAVI_alphamissense_thresholded_accuracy.json/population/am_class_counts/unavailable
S3_Table,skempi_validation,cell,10,value,"Barnase-barstar, all | ITC 10; stopped-flow 9; inactivation 5 | 24 | 0.37 (p = 0.074)",traced to record,112,COMAVI_audit_lability.csv::max_abs_ddg
S3_Table,skempi_validation,cell,9,value,"Barnase-barstar, all | ITC 10; stopped-flow 9; inactivation 5 | 24 | 0.37 (p = 0.074) | 0.30 (p = 0",traced to record,110,COMAVI_audit_model_free_recall.csv::missed
S3_Table,skempi_validation,cell,5,value,"Barnase-barstar, all | ITC 10; stopped-flow 9; inactivation 5 | 24 | 0.37 (p = 0.074) | 0.30 (p = 0.156) | 14/22",traced to record,264,COMAVI_audit_calibration_inversion.csv::fieller_hi
S3_Table,skempi_validation,cell,24,value,"Barnase-barstar, all | ITC 10; stopped-flow 9; inactivation 5 | 24 | 0.37 (p = 0.074) | 0.30 (p = 0.156) | 14/22 (64%)",traced to record,57,COMAVI_evidence_stratified_agreement.json/stratified/per_token/destab/quant_n
S3_Table,skempi_validation,cell,0.37,value,"se-barstar, all | ITC 10; stopped-flow 9; inactivation 5 | 24 | 0.37 (p = 0.074) | 0.30 (p = 0.156) | 14/22 (64%)",traced to record,19,COMAVI_delta_calibration_points.csv::d_meas
S3_Table,skempi_validation,cell,0.074,value,", all | ITC 10; stopped-flow 9; inactivation 5 | 24 | 0.37 (p = 0.074) | 0.30 (p = 0.156) | 14/22 (64%)",traced to record,13,COMAVI_numbers_ledger.json/skempi/barnase_all/p
S3_Table,skempi_validation,cell,0.30,value,TC 10; stopped-flow 9; inactivation 5 | 24 | 0.37 (p = 0.074) | 0.30 (p = 0.156) | 14/22 (64%),traced to record,16,COMAVI_audit_calibration_inversion.csv::fieller_lo
S3_Table,skempi_validation,cell,0.156,value,pped-flow 9; inactivation 5 | 24 | 0.37 (p = 0.074) | 0.30 (p = 0.156) | 14/22 (64%),traced to record,10,COMAVI_skempi_validation.json/complexes/barnase_barstar_all/spearman_p
S3_Table,skempi_validation,cell,14,value,; inactivation 5 | 24 | 0.37 (p = 0.074) | 0.30 (p = 0.156) | 14/22 (64%),traced to record,119,COMAVI_audit_gate_sweep.csv::firing_strong_structural
S3_Table,skempi_validation,cell,22,value,nactivation 5 | 24 | 0.37 (p = 0.074) | 0.30 (p = 0.156) | 14/22 (64%),traced to record,76,COMAVI_audit_summary.json/predictive_value/firing_pathogenic
S3_Table,skempi_validation,cell,64,value,ivation 5 | 24 | 0.37 (p = 0.074) | 0.30 (p = 0.156) | 14/22 (64%),traced to record,34,COMAVI_evidence_ledger_summary.json/by_directness/direct
S3_Table,skempi_validation,cell,9,value,"Barnase-barstar, excluding Glu73 | stopped-flow 9; inactivation 5; ITC 3 | 17 | 0.51 (p = 0.035) | 0.56",traced to record,110,COMAVI_audit_model_free_recall.csv::missed
S3_Table,skempi_validation,cell,5,value,"Barnase-barstar, excluding Glu73 | stopped-flow 9; inactivation 5; ITC 3 | 17 | 0.51 (p = 0.035) | 0.56 (p = 0.019) |",traced to record,264,COMAVI_audit_calibration_inversion.csv::fieller_hi
S3_Table,skempi_validation,cell,3,value,"nase-barstar, excluding Glu73 | stopped-flow 9; inactivation 5; ITC 3 | 17 | 0.51 (p = 0.035) | 0.56 (p = 0.019) | 14/15",traced to record,586,COMAVI_alphamissense_thresholded_accuracy.json/thresholded_all/ambiguous_resolved[0]/gene
S3_Table,skempi_validation,cell,17,value,"arstar, excluding Glu73 | stopped-flow 9; inactivation 5; ITC 3 | 17 | 0.51 (p = 0.035) | 0.56 (p = 0.019) | 14/15 (93%)",traced to record,60,COMAVI_audit_gate_sweep.csv::firing_strong_n
S3_Table,skempi_validation,cell,0.51,value,excluding Glu73 | stopped-flow 9; inactivation 5; ITC 3 | 17 | 0.51 (p = 0.035) | 0.56 (p = 0.019) | 14/15 (93%),traced to record,44,COMAVI_delta_calibration_points.csv::d_meas
S3_Table,skempi_validation,cell,0.035,value,Glu73 | stopped-flow 9; inactivation 5; ITC 3 | 17 | 0.51 (p = 0.035) | 0.56 (p = 0.019) | 14/15 (93%),traced to record,31,COMAVI_numbers_ledger.json/skempi/barnase_ex_Glu73/p
S3_Table,skempi_validation,cell,0.56,value,stopped-flow 9; inactivation 5; ITC 3 | 17 | 0.51 (p = 0.035) | 0.56 (p = 0.019) | 14/15 (93%),traced to record,60,COMAVI_audit_summary.json/tradeoff_bootstrap/variant_boot_recall_ci[1][0]
S3_Table,skempi_validation,cell,0.019,value,ow 9; inactivation 5; ITC 3 | 17 | 0.51 (p = 0.035) | 0.56 (p = 0.019) | 14/15 (93%),traced to record,10,COMAVI_foldx_scale_calibration.json/monomer-fold/spearman_p
S3_Table,skempi_validation,cell,14,value,ivation 5; ITC 3 | 17 | 0.51 (p = 0.035) | 0.56 (p = 0.019) | 14/15 (93%),traced to record,119,COMAVI_audit_gate_sweep.csv::firing_strong_structural
S3_Table,skempi_validation,cell,15,value,tion 5; ITC 3 | 17 | 0.51 (p = 0.035) | 0.56 (p = 0.019) | 14/15 (93%),traced to record,98,COMAVI_audit_calibration_inversion.csv::n
S3_Table,skempi_validation,cell,93,value,5; ITC 3 | 17 | 0.51 (p = 0.035) | 0.56 (p = 0.019) | 14/15 (93%),traced to record,20,COMAVI_audit_summary.json/R2_lability/mannwhitney_U
S3_Table,skempi_validation,cell,17,value,"TEM1-BLIP, BLIP side | ITC 17; stopped-flow 5; SPR 1; inactivation 1 | 24 | 0.51 (p =",traced to record,60,COMAVI_audit_gate_sweep.csv::firing_strong_n
S3_Table,skempi_validation,cell,5,value,"TEM1-BLIP, BLIP side | ITC 17; stopped-flow 5; SPR 1; inactivation 1 | 24 | 0.51 (p = 0.010) | 0.50",traced to record,264,COMAVI_audit_calibration_inversion.csv::fieller_hi
S3_Table,skempi_validation,cell,1,value,"TEM1-BLIP, BLIP side | ITC 17; stopped-flow 5; SPR 1; inactivation 1 | 24 | 0.51 (p = 0.010) | 0.50 (p = 0",traced to record,2314,COMAVI_alphamissense_thresholded_accuracy.json/confident_calls/accuracy
S3_Table,skempi_validation,cell,1,value,"TEM1-BLIP, BLIP side | ITC 17; stopped-flow 5; SPR 1; inactivation 1 | 24 | 0.51 (p = 0.010) | 0.50 (p = 0.012) | 16/18",traced to record,2314,COMAVI_alphamissense_thresholded_accuracy.json/confident_calls/accuracy
S3_Table,skempi_validation,cell,24,value,"BLIP, BLIP side | ITC 17; stopped-flow 5; SPR 1; inactivation 1 | 24 | 0.51 (p = 0.010) | 0.50 (p = 0.012) | 16/18 (89%)",traced to record,57,COMAVI_evidence_stratified_agreement.json/stratified/per_token/destab/quant_n
S3_Table,skempi_validation,cell,0.51,value,LIP side | ITC 17; stopped-flow 5; SPR 1; inactivation 1 | 24 | 0.51 (p = 0.010) | 0.50 (p = 0.012) | 16/18 (89%),traced to record,44,COMAVI_delta_calibration_points.csv::d_meas
S3_Table,skempi_validation,cell,0.010,value,| ITC 17; stopped-flow 5; SPR 1; inactivation 1 | 24 | 0.51 (p = 0.010) | 0.50 (p = 0.012) | 16/18 (89%),traced to record,19,COMAVI_evidence_stratified_agreement.json/stratified/chi2
S3_Table,skempi_validation,cell,0.50,value,stopped-flow 5; SPR 1; inactivation 1 | 24 | 0.51 (p = 0.010) | 0.50 (p = 0.012) | 16/18 (89%),traced to record,103,COMAVI_alphamissense_thresholded_accuracy.json/thresholded_all/threshold
S3_Table,skempi_validation,cell,0.012,value,ow 5; SPR 1; inactivation 1 | 24 | 0.51 (p = 0.010) | 0.50 (p = 0.012) | 16/18 (89%),traced to record,21,COMAVI_audit_gate_sweep.csv::firing_fisher_p
S3_Table,skempi_validation,cell,16,value,; inactivation 1 | 24 | 0.51 (p = 0.010) | 0.50 (p = 0.012) | 16/18 (89%),traced to record,76,COMAVI_audit_gate_sweep.csv::firing_strong_n
S3_Table,skempi_validation,cell,18,value,nactivation 1 | 24 | 0.51 (p = 0.010) | 0.50 (p = 0.012) | 16/18 (89%),traced to record,63,COMAVI_audit_model_free_recall.csv::missed
S3_Table,skempi_validation,cell,89,value,ivation 1 | 24 | 0.51 (p = 0.010) | 0.50 (p = 0.012) | 16/18 (89%),traced to record,38,chd_concordance_collapsed.csv::best_plddt
S3_Table,skempi_validation,cell,48,value,"Combined, all substitutions | mixed | 48 | 0.31 (p = 0.033) | 0.34 (p = 0.019) | 30/40 (75%)",traced to record,10,COMAVI_audit_tier_gradient_loso.csv::n
S3_Table,skempi_validation,cell,0.31,value,"Combined, all substitutions | mixed | 48 | 0.31 (p = 0.033) | 0.34 (p = 0.019) | 30/40 (75%)",traced to record,51,COMAVI_audit_lability.csv::max_abs_ddg
S3_Table,skempi_validation,cell,0.033,value,"Combined, all substitutions | mixed | 48 | 0.31 (p = 0.033) | 0.34 (p = 0.019) | 30/40 (75%)",traced to record,11,COMAVI_skempi_validation.json/combined_including_glu73/pearson_p
S3_Table,skempi_validation,cell,0.34,value,"Combined, all substitutions | mixed | 48 | 0.31 (p = 0.033) | 0.34 (p = 0.019) | 30/40 (75%)",traced to record,37,COMAVI_measured_effect_tables.json/measured_effects_recovered/sensitivity_excluding_glu73/by_threshold[3]/fraction
S3_Table,skempi_validation,cell,0.019,value,all substitutions | mixed | 48 | 0.31 (p = 0.033) | 0.34 (p = 0.019) | 30/40 (75%),traced to record,10,COMAVI_foldx_scale_calibration.json/monomer-fold/spearman_p
S3_Table,skempi_validation,cell,30,value,utions | mixed | 48 | 0.31 (p = 0.033) | 0.34 (p = 0.019) | 30/40 (75%),traced to record,62,COMAVI_evidence_ledger_summary.json/by_evidence_type/E3_qualitative_experimental
S3_Table,skempi_validation,cell,40,value,ons | mixed | 48 | 0.31 (p = 0.033) | 0.34 (p = 0.019) | 30/40 (75%),traced to record,39,COMAVI_alphamissense_thresholded_accuracy.json/thresholded_all/cell
S3_Table,skempi_validation,cell,75,value,| mixed | 48 | 0.31 (p = 0.033) | 0.34 (p = 0.019) | 30/40 (75%),traced to record,12,chd_isds_v1/chd_structure_manifest.json/files[10]/sha256
S3_Table,skempi_validation,cell,41,value,"Combined, excluding Glu73 cluster | mixed | 41 | 0.48 (p = 0.002) | 0.55 (p = 0.0002) | 30/33 (91%)",traced to record,29,COMAVI_numbers_ledger.json/skempi/combined_ex_Glu73/n
S3_Table,skempi_validation,cell,0.48,value,"Combined, excluding Glu73 cluster | mixed | 41 | 0.48 (p = 0.002) | 0.55 (p = 0.0002) | 30/33 (91%)",traced to record,54,COMAVI_audit_summary.json/tradeoff_bootstrap/variant_boot_recall_ci[2][0]
S3_Table,skempi_validation,cell,0.002,value,"Combined, excluding Glu73 cluster | mixed | 41 | 0.48 (p = 0.002) | 0.55 (p = 0.0002) | 30/33 (91%)",traced to record,34,COMAVI_audit_summary.json/R2_lability/mannwhitney_p
S3_Table,skempi_validation,cell,0.55,value,"ed, excluding Glu73 cluster | mixed | 41 | 0.48 (p = 0.002) | 0.55 (p = 0.0002) | 30/33 (91%)",traced to record,38,COMAVI_foldx_scale_calibration.json/counterfactual/fold_class_base[0]
S3_Table,skempi_validation,cell,0.0002,value,ing Glu73 cluster | mixed | 41 | 0.48 (p = 0.002) | 0.55 (p = 0.0002) | 30/33 (91%),traced to record,17,COMAVI_directional_enrichment.json/fisher/p_value
S3_Table,skempi_validation,cell,30,value,uster | mixed | 41 | 0.48 (p = 0.002) | 0.55 (p = 0.0002) | 30/33 (91%),traced to record,62,COMAVI_evidence_ledger_summary.json/by_evidence_type/E3_qualitative_experimental
S3_Table,skempi_validation,cell,33,value,er | mixed | 41 | 0.48 (p = 0.002) | 0.55 (p = 0.0002) | 30/33 (91%),traced to record,38,COMAVI_numbers_ledger.json/skempi/combined_ex_Glu73/sign_correct[1]
S3_Table,skempi_validation,cell,91,value,| mixed | 41 | 0.48 (p = 0.002) | 0.55 (p = 0.0002) | 30/33 (91%),traced to record,21,chd_concordance_collapsed.csv::best_plddt
S3_Table,threshold_sweep,cell,1.0,value,1.0 | 0.828 | 0.621 | 0.444 | 0.562 | 0.692 | 0.545,traced to record,1486,COMAVI_alphamissense_thresholded_accuracy.json/confident_calls/errors[0]/am_pathogenicity
S3_Table,threshold_sweep,cell,0.828,value,1.0 | 0.828 | 0.621 | 0.444 | 0.562 | 0.692 | 0.545 | 0.759,traced to record,5,COMAVI_threshold_sweep.csv::detection
S3_Table,threshold_sweep,cell,0.621,value,1.0 | 0.828 | 0.621 | 0.444 | 0.562 | 0.692 | 0.545 | 0.759 | 0.667,traced to record,12,COMAVI_threshold_sweep.csv::attribution
S3_Table,threshold_sweep,cell,0.444,value,1.0 | 0.828 | 0.621 | 0.444 | 0.562 | 0.692 | 0.545 | 0.759 | 0.667,traced to record,8,COMAVI_operating_point_diagnostics.json/point_estimates/t10/correct_rejection
S3_Table,threshold_sweep,cell,0.562,value,1.0 | 0.828 | 0.621 | 0.444 | 0.562 | 0.692 | 0.545 | 0.759 | 0.667,traced to record,20,COMAVI_audit_summary.json/tradeoff_bootstrap/variant_boot_reject_ci[2][0]
S3_Table,threshold_sweep,cell,0.692,value,1.0 | 0.828 | 0.621 | 0.444 | 0.562 | 0.692 | 0.545 | 0.759 | 0.667,traced to record,10,COMAVI_audit_operating_points.csv::balanced_MC
S3_Table,threshold_sweep,cell,0.545,value,1.0 | 0.828 | 0.621 | 0.444 | 0.562 | 0.692 | 0.545 | 0.759 | 0.667,traced to record,7,COMAVI_threshold_class_competency.csv::t15
S3_Table,threshold_sweep,cell,0.759,value,1.0 | 0.828 | 0.621 | 0.444 | 0.562 | 0.692 | 0.545 | 0.759 | 0.667,traced to record,8,COMAVI_delta_calibration_points.csv::absdelta
S3_Table,threshold_sweep,cell,0.667,value,0.828 | 0.621 | 0.444 | 0.562 | 0.692 | 0.545 | 0.759 | 0.667,traced to record,57,COMAVI_audit_summary.json/threshold_averaged_MC_balanced
S3_Table,threshold_sweep,cell,1.5,value,1.5 | 0.724 | 0.586 | 0.593 | 0.616 | 0.654 | 0.727,traced to record,105,COMAVI_audit_calibration_inversion.csv::fieller_hi
S3_Table,threshold_sweep,cell,0.724,value,1.5 | 0.724 | 0.586 | 0.593 | 0.616 | 0.654 | 0.727 | 0.759,traced to record,12,COMAVI_operating_point_diagnostics.json/paired_bootstrap/correct_rejection/tSAP/ci95[0]
S3_Table,threshold_sweep,cell,0.586,value,1.5 | 0.724 | 0.586 | 0.593 | 0.616 | 0.654 | 0.727 | 0.759 | 0.691,traced to record,7,COMAVI_threshold_sweep.csv::attribution
S3_Table,threshold_sweep,cell,0.593,value,1.5 | 0.724 | 0.586 | 0.593 | 0.616 | 0.654 | 0.727 | 0.759 | 0.691,traced to record,7,COMAVI_operating_point_diagnostics.json/point_estimates/t15/correct_rejection
S3_Table,threshold_sweep,cell,0.616,value,1.5 | 0.724 | 0.586 | 0.593 | 0.616 | 0.654 | 0.727 | 0.759 | 0.691,traced to record,17,COMAVI_per_variant_audit.csv::am
S3_Table,threshold_sweep,cell,0.654,value,1.5 | 0.724 | 0.586 | 0.593 | 0.616 | 0.654 | 0.727 | 0.759 | 0.691,traced to record,13,COMAVI_threshold_sweep.csv::axis_monomer
S3_Table,threshold_sweep,cell,0.727,value,1.5 | 0.724 | 0.586 | 0.593 | 0.616 | 0.654 | 0.727 | 0.759 | 0.691,traced to record,11,COMAVI_delta_calibration_points.csv::foldx_ddg
S3_Table,threshold_sweep,cell,0.759,value,1.5 | 0.724 | 0.586 | 0.593 | 0.616 | 0.654 | 0.727 | 0.759 | 0.691,traced to record,8,COMAVI_delta_calibration_points.csv::absdelta
S3_Table,threshold_sweep,cell,0.691,value,0.724 | 0.586 | 0.593 | 0.616 | 0.654 | 0.727 | 0.759 | 0.691,traced to record,5,COMAVI_delta_calibration_stats.json/sensitivity_excluding_glu73/intercept
S3_Table,threshold_sweep,cell,2.0,value,2.0 | 0.724 | 0.552 | 0.741 | 0.652 | 0.731 | 0.727,traced to record,501,COMAVI_alphamissense_thresholded_accuracy.json/population/am_class_counts/unavailable
S3_Table,threshold_sweep,cell,0.724,value,2.0 | 0.724 | 0.552 | 0.741 | 0.652 | 0.731 | 0.727 | 0.724,traced to record,12,COMAVI_operating_point_diagnostics.json/paired_bootstrap/correct_rejection/tSAP/ci95[0]
S3_Table,threshold_sweep,cell,0.552,value,2.0 | 0.724 | 0.552 | 0.741 | 0.652 | 0.731 | 0.727 | 0.724 | 0.699,traced to record,10,COMAVI_threshold_sweep.csv::attribution
S3_Table,threshold_sweep,cell,0.741,value,2.0 | 0.724 | 0.552 | 0.741 | 0.652 | 0.731 | 0.727 | 0.724 | 0.699,traced to record,11,COMAVI_operating_point_diagnostics.json/point_estimates/t20/correct_rejection
S3_Table,threshold_sweep,cell,0.652,value,2.0 | 0.724 | 0.552 | 0.741 | 0.652 | 0.731 | 0.727 | 0.724 | 0.699,traced to record,32,COMAVI_numbers_ledger.json/SA_by_axis/tier[2]
S3_Table,threshold_sweep,cell,0.731,value,2.0 | 0.724 | 0.552 | 0.741 | 0.652 | 0.731 | 0.727 | 0.724 | 0.699,traced to record,8,COMAVI_threshold_sweep.csv::axis_monomer
S3_Table,threshold_sweep,cell,0.727,value,2.0 | 0.724 | 0.552 | 0.741 | 0.652 | 0.731 | 0.727 | 0.724 | 0.699,traced to record,11,COMAVI_delta_calibration_points.csv::foldx_ddg
S3_Table,threshold_sweep,cell,0.724,value,2.0 | 0.724 | 0.552 | 0.741 | 0.652 | 0.731 | 0.727 | 0.724 | 0.699,traced to record,12,COMAVI_operating_point_diagnostics.json/paired_bootstrap/correct_rejection/tSAP/ci95[0]
S3_Table,threshold_sweep,cell,0.699,value,0.724 | 0.552 | 0.741 | 0.652 | 0.731 | 0.727 | 0.724 | 0.699,traced to record,14,COMAVI_foldx_scale_calibration.json/binding/ols_slope
S3_Table,threshold_sweep,cell,2.5,value,2.5 (reference) | 0.69 | 0.483 | 0.815 | 0.661 | 0.73,traced to record,109,COMAVI_audit_calibration_inversion.csv::direct_regression_estimate
S3_Table,threshold_sweep,cell,0.69,value,2.5 (reference) | 0.69 | 0.483 | 0.815 | 0.661 | 0.731 | 0.773 | 0.69,traced to record,76,COMAVI_audit_operating_points.csv::balanced_MC
S3_Table,threshold_sweep,cell,0.483,value,2.5 (reference) | 0.69 | 0.483 | 0.815 | 0.661 | 0.731 | 0.773 | 0.69 | 0.699,traced to record,6,COMAVI_threshold_sweep.csv::attribution
S3_Table,threshold_sweep,cell,0.815,value,2.5 (reference) | 0.69 | 0.483 | 0.815 | 0.661 | 0.731 | 0.773 | 0.69 | 0.699,traced to record,11,COMAVI_detection_vs_attribution.json/correct_rejection/rate
S3_Table,threshold_sweep,cell,0.661,value,2.5 (reference) | 0.69 | 0.483 | 0.815 | 0.661 | 0.731 | 0.773 | 0.69 | 0.699,traced to record,15,COMAVI_detection_vs_attribution.json/headline_score/mean
S3_Table,threshold_sweep,cell,0.731,value,2.5 (reference) | 0.69 | 0.483 | 0.815 | 0.661 | 0.731 | 0.773 | 0.69 | 0.699,traced to record,8,COMAVI_threshold_sweep.csv::axis_monomer
S3_Table,threshold_sweep,cell,0.773,value,2.5 (reference) | 0.69 | 0.483 | 0.815 | 0.661 | 0.731 | 0.773 | 0.69 | 0.699,traced to record,7,COMAVI_numbers_ledger.json/SA_by_axis/fold[2]
S3_Table,threshold_sweep,cell,0.69,value,rence) | 0.69 | 0.483 | 0.815 | 0.661 | 0.731 | 0.773 | 0.69 | 0.699,traced to record,76,COMAVI_audit_operating_points.csv::balanced_MC
S3_Table,threshold_sweep,cell,0.699,value,0.69 | 0.483 | 0.815 | 0.661 | 0.731 | 0.773 | 0.69 | 0.699,traced to record,14,COMAVI_foldx_scale_calibration.json/binding/ols_slope
S3_Table,threshold_sweep,cell,2.9,value,2.9/2.9/3.5 | 0.621 | 0.414 | 0.852 | 0.652 | 0.692,traced to record,81,COMAVI_audit_calibration_inversion.csv::foldx_t
S3_Table,threshold_sweep,cell,2.9,value,2.9/2.9/3.5 | 0.621 | 0.414 | 0.852 | 0.652 | 0.692 | 0,traced to record,81,COMAVI_audit_calibration_inversion.csv::foldx_t
S3_Table,threshold_sweep,cell,3.5,value,2.9/2.9/3.5 | 0.621 | 0.414 | 0.852 | 0.652 | 0.692 | 0.727,traced to record,71,COMAVI_audit_calibration_inversion.csv::fieller_hi
S3_Table,threshold_sweep,cell,0.621,value,2.9/2.9/3.5 | 0.621 | 0.414 | 0.852 | 0.652 | 0.692 | 0.727 | 0.69,traced to record,12,COMAVI_threshold_sweep.csv::attribution
S3_Table,threshold_sweep,cell,0.414,value,2.9/2.9/3.5 | 0.621 | 0.414 | 0.852 | 0.652 | 0.692 | 0.727 | 0.69 | 0.683,traced to record,23,COMAVI_audit_calibration_inversion.csv::r2
S3_Table,threshold_sweep,cell,0.852,value,2.9/2.9/3.5 | 0.621 | 0.414 | 0.852 | 0.652 | 0.692 | 0.727 | 0.69 | 0.683,traced to record,13,COMAVI_operating_point_diagnostics.json/point_estimates/tSAP/correct_rejection
S3_Table,threshold_sweep,cell,0.652,value,2.9/2.9/3.5 | 0.621 | 0.414 | 0.852 | 0.652 | 0.692 | 0.727 | 0.69 | 0.683,traced to record,32,COMAVI_numbers_ledger.json/SA_by_axis/tier[2]
S3_Table,threshold_sweep,cell,0.692,value,2.9/2.9/3.5 | 0.621 | 0.414 | 0.852 | 0.652 | 0.692 | 0.727 | 0.69 | 0.683,traced to record,10,COMAVI_audit_operating_points.csv::balanced_MC
S3_Table,threshold_sweep,cell,0.727,value,2.9/2.9/3.5 | 0.621 | 0.414 | 0.852 | 0.652 | 0.692 | 0.727 | 0.69 | 0.683,traced to record,11,COMAVI_delta_calibration_points.csv::foldx_ddg
S3_Table,threshold_sweep,cell,0.69,value,9/3.5 | 0.621 | 0.414 | 0.852 | 0.652 | 0.692 | 0.727 | 0.69 | 0.683,traced to record,76,COMAVI_audit_operating_points.csv::balanced_MC
S3_Table,threshold_sweep,cell,0.683,value,0.621 | 0.414 | 0.852 | 0.652 | 0.692 | 0.727 | 0.69 | 0.683,traced to record,7,COMAVI_threshold_sweep.csv::structural_agreement
S3_Table,threshold_sweep,cell,3.0,value,3.0 (post hoc) | 0.552 | 0.345 | 0.852 | - | 0.654 |,traced to record,372,COMAVI_alphamissense_thresholded_accuracy.json/thresholded_all/ambiguous_resolved[0]/gene
S3_Table,threshold_sweep,cell,0.552,value,3.0 (post hoc) | 0.552 | 0.345 | 0.852 | - | 0.654 | 0.682 | 0.655 |,traced to record,10,COMAVI_threshold_sweep.csv::attribution
S3_Table,threshold_sweep,cell,0.345,value,3.0 (post hoc) | 0.552 | 0.345 | 0.852 | - | 0.654 | 0.682 | 0.655 | 0.658,traced to record,10,COMAVI_threshold_sweep.csv::detection_isolated
S3_Table,threshold_sweep,cell,0.852,value,3.0 (post hoc) | 0.552 | 0.345 | 0.852 | - | 0.654 | 0.682 | 0.655 | 0.658,traced to record,13,COMAVI_operating_point_diagnostics.json/point_estimates/tSAP/correct_rejection
S3_Table,threshold_sweep,cell,0.654,value,3.0 (post hoc) | 0.552 | 0.345 | 0.852 | - | 0.654 | 0.682 | 0.655 | 0.658,traced to record,13,COMAVI_threshold_sweep.csv::axis_monomer
S3_Table,threshold_sweep,cell,0.682,value,3.0 (post hoc) | 0.552 | 0.345 | 0.852 | - | 0.654 | 0.682 | 0.655 | 0.658,traced to record,5,COMAVI_threshold_sweep_extended.csv::axis_fold
S3_Table,threshold_sweep,cell,0.655,value,post hoc) | 0.552 | 0.345 | 0.852 | - | 0.654 | 0.682 | 0.655 | 0.658,traced to record,9,COMAVI_delta_calibration_points.csv::measured_kcal
S3_Table,threshold_sweep,cell,0.658,value,| 0.552 | 0.345 | 0.852 | - | 0.654 | 0.682 | 0.655 | 0.658,traced to record,6,COMAVI_threshold_sweep_extended.csv::structural_agreement
S3_Table,threshold_sweep,cell,3.5,value,3.5 (post hoc) | 0.448 | 0.31 | 0.852 | - | 0.615 |,traced to record,71,COMAVI_audit_calibration_inversion.csv::fieller_hi
S3_Table,threshold_sweep,cell,0.448,value,3.5 (post hoc) | 0.448 | 0.31 | 0.852 | - | 0.615 | 0.682 | 0.69 | 0,traced to record,5,COMAVI_threshold_sweep_extended.csv::detection
S3_Table,threshold_sweep,cell,0.31,value,3.5 (post hoc) | 0.448 | 0.31 | 0.852 | - | 0.615 | 0.682 | 0.69 | 0.658,traced to record,51,COMAVI_audit_lability.csv::max_abs_ddg
S3_Table,threshold_sweep,cell,0.852,value,3.5 (post hoc) | 0.448 | 0.31 | 0.852 | - | 0.615 | 0.682 | 0.69 | 0.658,traced to record,13,COMAVI_operating_point_diagnostics.json/point_estimates/tSAP/correct_rejection
S3_Table,threshold_sweep,cell,0.615,value,3.5 (post hoc) | 0.448 | 0.31 | 0.852 | - | 0.615 | 0.682 | 0.69 | 0.658,traced to record,13,COMAVI_operating_point_diagnostics.json/paired_bootstrap/recovery/tSAP/ci95[1]
S3_Table,threshold_sweep,cell,0.682,value,3.5 (post hoc) | 0.448 | 0.31 | 0.852 | - | 0.615 | 0.682 | 0.69 | 0.658,traced to record,5,COMAVI_threshold_sweep_extended.csv::axis_fold
S3_Table,threshold_sweep,cell,0.69,value,(post hoc) | 0.448 | 0.31 | 0.852 | - | 0.615 | 0.682 | 0.69 | 0.658,traced to record,76,COMAVI_audit_operating_points.csv::balanced_MC
S3_Table,threshold_sweep,cell,0.658,value,) | 0.448 | 0.31 | 0.852 | - | 0.615 | 0.682 | 0.69 | 0.658,traced to record,6,COMAVI_threshold_sweep_extended.csv::structural_agreement
S3_Table,threshold_sweep,cell,4.0,value,4.0 (post hoc) | 0.414 | 0.241 | 0.926 | - | 0.577 |,traced to record,291,COMAVI_alphamissense_thresholded_accuracy.json/population/am_class_counts/ambiguous
S3_Table,threshold_sweep,cell,0.414,value,4.0 (post hoc) | 0.414 | 0.241 | 0.926 | - | 0.577 | 0.727 | 0.655 |,traced to record,23,COMAVI_audit_calibration_inversion.csv::r2
S3_Table,threshold_sweep,cell,0.241,value,4.0 (post hoc) | 0.414 | 0.241 | 0.926 | - | 0.577 | 0.727 | 0.655 | 0.65,traced to record,7,COMAVI_detection_vs_attribution.json/isolated_subunit_only/detection/rate
S3_Table,threshold_sweep,cell,0.926,value,4.0 (post hoc) | 0.414 | 0.241 | 0.926 | - | 0.577 | 0.727 | 0.655 | 0.65,traced to record,13,COMAVI_detection_vs_attribution.json/isolated_subunit_only/correct_rejection/rate
S3_Table,threshold_sweep,cell,0.577,value,4.0 (post hoc) | 0.414 | 0.241 | 0.926 | - | 0.577 | 0.727 | 0.655 | 0.65,traced to record,2,COMAVI_threshold_sweep_extended.csv::axis_monomer
S3_Table,threshold_sweep,cell,0.727,value,4.0 (post hoc) | 0.414 | 0.241 | 0.926 | - | 0.577 | 0.727 | 0.655 | 0.65,traced to record,11,COMAVI_delta_calibration_points.csv::foldx_ddg
S3_Table,threshold_sweep,cell,0.655,value,post hoc) | 0.414 | 0.241 | 0.926 | - | 0.577 | 0.727 | 0.655 | 0.65,traced to record,9,COMAVI_delta_calibration_points.csv::measured_kcal
S3_Table,threshold_sweep,cell,0.65,value,| 0.414 | 0.241 | 0.926 | - | 0.577 | 0.727 | 0.655 | 0.65,traced to record,88,COMAVI_alphamissense_thresholded_accuracy.json/confident_calls/errors[1]/am_pathogenicity
